sample_order,paper_id,source_page,packet_page_role,source_path,source_sha256,formal_artifact_path,formal_artifact_sha256,formal_excerpt_path,formal_excerpt_sha256,render_path,render_sha256,render_width,render_height,render_dpi
1,CUMCM-1992-A-001,1,A,1992年数学建模国赛优秀论文/1992年A题优秀论文③ 施肥效果分析.pdf,F784800B2EE0929904DA04B05C302B0E68D299A70818956AB615EE8D98DD6F2B,derived/scale/papers/CUMCM-1992-A-001/paper.md,6D45B274DAC003D8F877953199BDDA67DE1BB71644F115208DB1E8E34A9CB7C2,reports/scale/g11_targeted_visual_diagnostic/01_CUMCM-1992-A-001/page_A_formal_excerpt.txt,B00F2961C77F4CDC5E52D855E2AC32F1851A5E41151EF90BE774E162D27AA6ED,reports/scale/g11_targeted_visual_diagnostic/01_CUMCM-1992-A-001/page_A.png,B01F6C343891FCBD03A883DB75E2E766A57262FD531F8C8A1A94FEA00709E8D8,1490,2105,180
2,CUMCM-2012-B-B149,28,A,2012年数学建模国赛真题+优秀论文/2012年优秀论文/2012B：太阳能小屋的设计 (4)/B149答卷.pdf,90C31398DACDA50949D10FA75F60E736B124E3947F908667F32FDD5C81F24CE8,derived/scale/papers/CUMCM-2012-B-B149/paper.md,7A5DF53096876F3C887CAE76705332FABCD4CDF2822B78235FB28C4CD81A0DB7,reports/scale/g11_targeted_visual_diagnostic/02_CUMCM-2012-B-B149/page_A_formal_excerpt.txt,86CB65C5AEA5704A002D90937246763DDC94115D51A6752AE8A5A0899288CF8F,reports/scale/g11_targeted_visual_diagnostic/02_CUMCM-2012-B-B149/page_A.png,985153A246CBE8D12D8FF5F2501E313D8B231CE872F951B2A17DA0D03581FCA1,1489,2105,180
3,CUMCM-1999-C-001,1,A,1999年数学建模国赛真题+优秀论文/1999年国赛优秀论文/1999C：煤矸石堆积模型.pdf,FD17ED40C59779200ED16509B7A56CFE60AB7492691994722E4A9F870A55915E,derived/scale/papers/CUMCM-1999-C-001/paper.md,845EAC42B8D7C797245E742A556F6F7B87F8594979C758FB43031CD6D48DB563,reports/scale/g11_targeted_visual_diagnostic/03_CUMCM-1999-C-001/page_A_formal_excerpt.txt,53BB20FAC1B47A0E1A6A03323C22E0F4BC5ADC2070EE5C6E9BCCCE53F9BABBA1,reports/scale/g11_targeted_visual_diagnostic/03_CUMCM-1999-C-001/page_A.png,3E2888259762E28566B71FF3FF470A6A7A70D91A744089DB378241470BB8F830,1188,1763,180
3,CUMCM-1999-C-001,4,B,1999年数学建模国赛真题+优秀论文/1999年国赛优秀论文/1999C：煤矸石堆积模型.pdf,FD17ED40C59779200ED16509B7A56CFE60AB7492691994722E4A9F870A55915E,derived/scale/papers/CUMCM-1999-C-001/paper.md,845EAC42B8D7C797245E742A556F6F7B87F8594979C758FB43031CD6D48DB563,reports/scale/g11_targeted_visual_diagnostic/03_CUMCM-1999-C-001/page_B_formal_excerpt.txt,9EE07B411E986E4807506C5380454C435C6785EE10C3DFB89C1BFD1154996120,reports/scale/g11_targeted_visual_diagnostic/03_CUMCM-1999-C-001/page_B.png,F84057AA30639BCE2F096636A75E3E9C8844F41D8777B24446883D00A663E185,1188,1763,180
3,CUMCM-1999-C-001,7,C,1999年数学建模国赛真题+优秀论文/1999年国赛优秀论文/1999C：煤矸石堆积模型.pdf,FD17ED40C59779200ED16509B7A56CFE60AB7492691994722E4A9F870A55915E,derived/scale/papers/CUMCM-1999-C-001/paper.md,845EAC42B8D7C797245E742A556F6F7B87F8594979C758FB43031CD6D48DB563,reports/scale/g11_targeted_visual_diagnostic/03_CUMCM-1999-C-001/page_C_formal_excerpt.txt,0A95D10FBB94EA9ED2D106F6E8A24B267187645B835B393C49D4CEBDFC3DA92B,reports/scale/g11_targeted_visual_diagnostic/03_CUMCM-1999-C-001/page_C.png,56EAFCB16BF586BF3BAC2A7A12691CBB749FE38C575C96197A5D36EF64AE80A5,1188,1763,180
4,CUMCM-2000-D-002,1,A,2000年数学建模国赛真题+优秀论文/2000年国赛优秀论文/2000D：空洞探测问题及有关情况.pdf,596EA1C71B52E148BD9C187C5E6B55C6C0286D7A3CCDC8281D595FE2686DE3FD,derived/scale/papers/CUMCM-2000-D-002/paper.md,750BD75CEFFE5D543A1A964F76D8BC65F0B6D50162147B5966FC514A31D8227D,reports/scale/g11_targeted_visual_diagnostic/04_CUMCM-2000-D-002/page_A_formal_excerpt.txt,53BB20FAC1B47A0E1A6A03323C22E0F4BC5ADC2070EE5C6E9BCCCE53F9BABBA1,reports/scale/g11_targeted_visual_diagnostic/04_CUMCM-2000-D-002/page_A.png,3E9D76BB8AC505E74CEC739BBBEEEEF999F66CF3694D353EAB73AB8EC7084888,1188,1763,180
4,CUMCM-2000-D-002,2,B,2000年数学建模国赛真题+优秀论文/2000年国赛优秀论文/2000D：空洞探测问题及有关情况.pdf,596EA1C71B52E148BD9C187C5E6B55C6C0286D7A3CCDC8281D595FE2686DE3FD,derived/scale/papers/CUMCM-2000-D-002/paper.md,750BD75CEFFE5D543A1A964F76D8BC65F0B6D50162147B5966FC514A31D8227D,reports/scale/g11_targeted_visual_diagnostic/04_CUMCM-2000-D-002/page_B_formal_excerpt.txt,12E84086687A2C8FCBFB311654FC158AB805A84DF115876937C2C84BB59B80B4,reports/scale/g11_targeted_visual_diagnostic/04_CUMCM-2000-D-002/page_B.png,3C9D0C8299612E463DDAF8C5D17CE27C2D18EB66037D2A762CF58058F4CD96AB,1188,1763,180
4,CUMCM-2000-D-002,3,C,2000年数学建模国赛真题+优秀论文/2000年国赛优秀论文/2000D：空洞探测问题及有关情况.pdf,596EA1C71B52E148BD9C187C5E6B55C6C0286D7A3CCDC8281D595FE2686DE3FD,derived/scale/papers/CUMCM-2000-D-002/paper.md,750BD75CEFFE5D543A1A964F76D8BC65F0B6D50162147B5966FC514A31D8227D,reports/scale/g11_targeted_visual_diagnostic/04_CUMCM-2000-D-002/page_C_formal_excerpt.txt,F541E6C01869E9AD64E9C7B2A2C3ABE274066441CB410CAE6BB8D31074A52AEC,reports/scale/g11_targeted_visual_diagnostic/04_CUMCM-2000-D-002/page_C.png,AA9479C0F54247C3CA2CF85F49EB9888A78ACD7AD2A3582BE59A9741FE6AADA8,1188,1763,180
5,CUMCM-1996-B-003,1,A,1996年数学建模国赛真题+优秀论文/1996年国赛优秀论文/1996B：节水洗衣机的设计.pdf,96257EB5FD8EE017CBE33AAD705C4451E444DAEF10172DBA9DC2C8E3F20533CC,derived/scale/papers/CUMCM-1996-B-003/paper.md,747914D495F481AEA94B89B6481B5B807695DFAC4C1C281DE639E2F58A4F0997,reports/scale/g11_targeted_visual_diagnostic/05_CUMCM-1996-B-003/page_A_formal_excerpt.txt,53BB20FAC1B47A0E1A6A03323C22E0F4BC5ADC2070EE5C6E9BCCCE53F9BABBA1,reports/scale/g11_targeted_visual_diagnostic/05_CUMCM-1996-B-003/page_A.png,3E09C594DCDEEB30B394AA382A779DF53A08F98B160EA1E280F7D4309381172C,1418,1955,180
5,CUMCM-1996-B-003,2,B,1996年数学建模国赛真题+优秀论文/1996年国赛优秀论文/1996B：节水洗衣机的设计.pdf,96257EB5FD8EE017CBE33AAD705C4451E444DAEF10172DBA9DC2C8E3F20533CC,derived/scale/papers/CUMCM-1996-B-003/paper.md,747914D495F481AEA94B89B6481B5B807695DFAC4C1C281DE639E2F58A4F0997,reports/scale/g11_targeted_visual_diagnostic/05_CUMCM-1996-B-003/page_B_formal_excerpt.txt,12E84086687A2C8FCBFB311654FC158AB805A84DF115876937C2C84BB59B80B4,reports/scale/g11_targeted_visual_diagnostic/05_CUMCM-1996-B-003/page_B.png,C44A7587673212EA7BC096B8AD0C20EDE13AE23AC0D21401A44FDEC7CE4E6F01,1418,1955,180
5,CUMCM-1996-B-003,4,C,1996年数学建模国赛真题+优秀论文/1996年国赛优秀论文/1996B：节水洗衣机的设计.pdf,96257EB5FD8EE017CBE33AAD705C4451E444DAEF10172DBA9DC2C8E3F20533CC,derived/scale/papers/CUMCM-1996-B-003/paper.md,747914D495F481AEA94B89B6481B5B807695DFAC4C1C281DE639E2F58A4F0997,reports/scale/g11_targeted_visual_diagnostic/05_CUMCM-1996-B-003/page_C_formal_excerpt.txt,56F32E566D1CE0E3C76BD39D22132277463859E1A3632626571983E73C684136,reports/scale/g11_targeted_visual_diagnostic/05_CUMCM-1996-B-003/page_C.png,7EDE1FBAC24ED5DEF529AC4C01360CA738B0227A314090FFBECFE65441779A8B,1418,1955,180
6,CUMCM-1997-A-009,1,A,1997年数学建模国赛真题+优秀论文/1997年国赛优秀论文/1997A：关于零件参数问题的建模.pdf,FF068F978532B4A37B625C35EFCBF72E2BBD2EFDA2638E93BD0D77B8483EA314,derived/scale/papers/CUMCM-1997-A-009/paper.md,1D9182549363CD07A8F3D657C2AD60D5197D3991577AD22ACB1BFC0A2C456E59,reports/scale/g11_targeted_visual_diagnostic/06_CUMCM-1997-A-009/page_A_formal_excerpt.txt,53BB20FAC1B47A0E1A6A03323C22E0F4BC5ADC2070EE5C6E9BCCCE53F9BABBA1,reports/scale/g11_targeted_visual_diagnostic/06_CUMCM-1997-A-009/page_A.png,10987D7C93E1BC47B50312C93C0017DEB7D364EFCCF7EC2869592B4B119E1FB5,1460,1973,180
6,CUMCM-1997-A-009,3,B,1997年数学建模国赛真题+优秀论文/1997年国赛优秀论文/1997A：关于零件参数问题的建模.pdf,FF068F978532B4A37B625C35EFCBF72E2BBD2EFDA2638E93BD0D77B8483EA314,derived/scale/papers/CUMCM-1997-A-009/paper.md,1D9182549363CD07A8F3D657C2AD60D5197D3991577AD22ACB1BFC0A2C456E59,reports/scale/g11_targeted_visual_diagnostic/06_CUMCM-1997-A-009/page_B_formal_excerpt.txt,8E39603F34171F1CD455EEE0089322C9F310F976C877031C7B352C86A3A8268E,reports/scale/g11_targeted_visual_diagnostic/06_CUMCM-1997-A-009/page_B.png,0FDF9FCCB63A840533AF83E9DDF7AE21ED74931EEFD795CA28BDCA2EB1B6A910,1460,1973,180
6,CUMCM-1997-A-009,5,C,1997年数学建模国赛真题+优秀论文/1997年国赛优秀论文/1997A：关于零件参数问题的建模.pdf,FF068F978532B4A37B625C35EFCBF72E2BBD2EFDA2638E93BD0D77B8483EA314,derived/scale/papers/CUMCM-1997-A-009/paper.md,1D9182549363CD07A8F3D657C2AD60D5197D3991577AD22ACB1BFC0A2C456E59,reports/scale/g11_targeted_visual_diagnostic/06_CUMCM-1997-A-009/page_C_formal_excerpt.txt,0C3C244E0E5C7AFB97FF218EF45EC390F3ED947741AD0973F952FFA4B15197B0,reports/scale/g11_targeted_visual_diagnostic/06_CUMCM-1997-A-009/page_C.png,AB8B51BDC68451392D49F1CF0934FC85C9D75B3445481C0FA4DE246A064E9801,1460,1973,180
7,CUMCM-1998-A-001,1,A,1998年数学建模国赛真题+优秀论文/1998年国赛优秀论文/1998A：投资收益与风险的优化模型.pdf,4A2874E66796AC3E5CEF35A48C2A4BB0E73094E824DE2335C0091F86EE51AC27,derived/scale/papers/CUMCM-1998-A-001/paper.md,96063CBA314A4F2CBA5DBE2319045D111F6D07789F83372C519D124C7AA4C1B2,reports/scale/g11_targeted_visual_diagnostic/07_CUMCM-1998-A-001/page_A_formal_excerpt.txt,53BB20FAC1B47A0E1A6A03323C22E0F4BC5ADC2070EE5C6E9BCCCE53F9BABBA1,reports/scale/g11_targeted_visual_diagnostic/07_CUMCM-1998-A-001/page_A.png,45D608351F01C99B9C5BBA7E9E501E23E78D687BEC7DF90AD22F351E99B7C312,1495,1983,180
7,CUMCM-1998-A-001,2,B,1998年数学建模国赛真题+优秀论文/1998年国赛优秀论文/1998A：投资收益与风险的优化模型.pdf,4A2874E66796AC3E5CEF35A48C2A4BB0E73094E824DE2335C0091F86EE51AC27,derived/scale/papers/CUMCM-1998-A-001/paper.md,96063CBA314A4F2CBA5DBE2319045D111F6D07789F83372C519D124C7AA4C1B2,reports/scale/g11_targeted_visual_diagnostic/07_CUMCM-1998-A-001/page_B_formal_excerpt.txt,6F0715FAF9EA14A4F9A44BDE9DAA01D0C67D0D3496608A29D3BA03C8C4FE24A9,reports/scale/g11_targeted_visual_diagnostic/07_CUMCM-1998-A-001/page_B.png,94F43F3930A9A38F1AAE58461A1272DFF4A14AD0CB653749906047AFEDDFF9F8,1495,1983,180
8,CUMCM-2001-A-002,1,A,2001年数学建模国赛真题+优秀论文/2001年国赛优秀论文/2001A：血管三维重建的问题.pdf,6AAB07C9A698931E3B7F6B8E60906E643D98E5A51677904FA79138793321AC8F,derived/scale/papers/CUMCM-2001-A-002/paper.md,1D9182549363CD07A8F3D657C2AD60D5197D3991577AD22ACB1BFC0A2C456E59,reports/scale/g11_targeted_visual_diagnostic/08_CUMCM-2001-A-002/page_A_formal_excerpt.txt,53BB20FAC1B47A0E1A6A03323C22E0F4BC5ADC2070EE5C6E9BCCCE53F9BABBA1,reports/scale/g11_targeted_visual_diagnostic/08_CUMCM-2001-A-002/page_A.png,4A718161B5CF6ED7D4C575E41EB4FA64EA2DA47F1075D7884F72C55AD79D8130,1488,2103,180
8,CUMCM-2001-A-002,3,B,2001年数学建模国赛真题+优秀论文/2001年国赛优秀论文/2001A：血管三维重建的问题.pdf,6AAB07C9A698931E3B7F6B8E60906E643D98E5A51677904FA79138793321AC8F,derived/scale/papers/CUMCM-2001-A-002/paper.md,1D9182549363CD07A8F3D657C2AD60D5197D3991577AD22ACB1BFC0A2C456E59,reports/scale/g11_targeted_visual_diagnostic/08_CUMCM-2001-A-002/page_B_formal_excerpt.txt,8E39603F34171F1CD455EEE0089322C9F310F976C877031C7B352C86A3A8268E,reports/scale/g11_targeted_visual_diagnostic/08_CUMCM-2001-A-002/page_B.png,513984D51EFC30225493333C8346AC14A0586ACED9C216B436FAF504AE59EFF6,1488,2103,180
8,CUMCM-2001-A-002,5,C,2001年数学建模国赛真题+优秀论文/2001年国赛优秀论文/2001A：血管三维重建的问题.pdf,6AAB07C9A698931E3B7F6B8E60906E643D98E5A51677904FA79138793321AC8F,derived/scale/papers/CUMCM-2001-A-002/paper.md,1D9182549363CD07A8F3D657C2AD60D5197D3991577AD22ACB1BFC0A2C456E59,reports/scale/g11_targeted_visual_diagnostic/08_CUMCM-2001-A-002/page_C_formal_excerpt.txt,0C3C244E0E5C7AFB97FF218EF45EC390F3ED947741AD0973F952FFA4B15197B0,reports/scale/g11_targeted_visual_diagnostic/08_CUMCM-2001-A-002/page_C.png,C495AE1F832A9565D782AC20B853247C686F8D4102081B3D64A036DC773613B9,1488,2103,180
9,CUMCM-2002-A-002,1,A,2002年数学建模国赛真题+优秀论文/2002年优秀论文/2002A：车灯线光源的优化设计方案.pdf,8E981B48894748BD7C77F8BC20987C633A743CF674A0DFC7F718B87B3ED850B9,derived/scale/papers/CUMCM-2002-A-002/paper.md,D2C2B9A9C3053CBA6E8268335CA5BE7D0214F512AC81C7C8AE6302E692F1088E,reports/scale/g11_targeted_visual_diagnostic/09_CUMCM-2002-A-002/page_A_formal_excerpt.txt,53BB20FAC1B47A0E1A6A03323C22E0F4BC5ADC2070EE5C6E9BCCCE53F9BABBA1,reports/scale/g11_targeted_visual_diagnostic/09_CUMCM-2002-A-002/page_A.png,107DA6276D7BD78E5201C6E17E10A432E9788DF5666AAC7F7F6C22C0D581CD9B,1488,2103,180
9,CUMCM-2002-A-002,5,B,2002年数学建模国赛真题+优秀论文/2002年优秀论文/2002A：车灯线光源的优化设计方案.pdf,8E981B48894748BD7C77F8BC20987C633A743CF674A0DFC7F718B87B3ED850B9,derived/scale/papers/CUMCM-2002-A-002/paper.md,D2C2B9A9C3053CBA6E8268335CA5BE7D0214F512AC81C7C8AE6302E692F1088E,reports/scale/g11_targeted_visual_diagnostic/09_CUMCM-2002-A-002/page_B_formal_excerpt.txt,8C9145BA8ED076231DE9ECF6C7B0FCA669AEB4A94467F73735096681955A5104,reports/scale/g11_targeted_visual_diagnostic/09_CUMCM-2002-A-002/page_B.png,2E418F428CC781387319B04920EC3218EE605C12B82BBA3EC140FAA95ECB7EB5,1488,2103,180
9,CUMCM-2002-A-002,10,C,2002年数学建模国赛真题+优秀论文/2002年优秀论文/2002A：车灯线光源的优化设计方案.pdf,8E981B48894748BD7C77F8BC20987C633A743CF674A0DFC7F718B87B3ED850B9,derived/scale/papers/CUMCM-2002-A-002/paper.md,D2C2B9A9C3053CBA6E8268335CA5BE7D0214F512AC81C7C8AE6302E692F1088E,reports/scale/g11_targeted_visual_diagnostic/09_CUMCM-2002-A-002/page_C_formal_excerpt.txt,C64BF4C8F4C1CDF188E5EAC7845E92256479A37CC990B8B7AD4F6E3DCF41477B,reports/scale/g11_targeted_visual_diagnostic/09_CUMCM-2002-A-002/page_C.png,6AC45B7FB3961C87C6DD71B7DA3F0A415EAEBC94BE4781DA54B64A44B4DA2258,1488,2103,180
10,CUMCM-2003-A-002,1,A,2003年数学建模国赛真题+优秀论文/2003年优秀论文/2003A：SARS传播预测的数学模型.pdf,09FAC486AFB2A0AF905E373CF070497044B24FC21413D803B5DF8AC174CF61FC,derived/scale/papers/CUMCM-2003-A-002/paper.md,D2C2B9A9C3053CBA6E8268335CA5BE7D0214F512AC81C7C8AE6302E692F1088E,reports/scale/g11_targeted_visual_diagnostic/10_CUMCM-2003-A-002/page_A_formal_excerpt.txt,53BB20FAC1B47A0E1A6A03323C22E0F4BC5ADC2070EE5C6E9BCCCE53F9BABBA1,reports/scale/g11_targeted_visual_diagnostic/10_CUMCM-2003-A-002/page_A.png,CAC3CE2B0918F1176EFD75FF3F1D8542C9402629D1CB6DF347C8C8E2B96B215A,1488,2103,180
10,CUMCM-2003-A-002,5,B,2003年数学建模国赛真题+优秀论文/2003年优秀论文/2003A：SARS传播预测的数学模型.pdf,09FAC486AFB2A0AF905E373CF070497044B24FC21413D803B5DF8AC174CF61FC,derived/scale/papers/CUMCM-2003-A-002/paper.md,D2C2B9A9C3053CBA6E8268335CA5BE7D0214F512AC81C7C8AE6302E692F1088E,reports/scale/g11_targeted_visual_diagnostic/10_CUMCM-2003-A-002/page_B_formal_excerpt.txt,8C9145BA8ED076231DE9ECF6C7B0FCA669AEB4A94467F73735096681955A5104,reports/scale/g11_targeted_visual_diagnostic/10_CUMCM-2003-A-002/page_B.png,461850ADD4A26EBD9B5394124E5F42975980575CD352688355A62A562E500498,1488,2103,180
10,CUMCM-2003-A-002,10,C,2003年数学建模国赛真题+优秀论文/2003年优秀论文/2003A：SARS传播预测的数学模型.pdf,09FAC486AFB2A0AF905E373CF070497044B24FC21413D803B5DF8AC174CF61FC,derived/scale/papers/CUMCM-2003-A-002/paper.md,D2C2B9A9C3053CBA6E8268335CA5BE7D0214F512AC81C7C8AE6302E692F1088E,reports/scale/g11_targeted_visual_diagnostic/10_CUMCM-2003-A-002/page_C_formal_excerpt.txt,C64BF4C8F4C1CDF188E5EAC7845E92256479A37CC990B8B7AD4F6E3DCF41477B,reports/scale/g11_targeted_visual_diagnostic/10_CUMCM-2003-A-002/page_C.png,895005B889028889F73F997239DEE7CE415F392680798E1C7252BB75B3923E33,1488,2103,180
11,CUMCM-2004-B-001,1,A,2004年数学建模国赛真题+优秀论文/2004优秀论文/2004B：电力市场输电阻塞管理模型(特等奖).pdf,EF2F3C0652EE1718FA7D6ABE0F05FF2A0EC96721AA49459394137C05475BB1E8,derived/scale/papers/CUMCM-2004-B-001/paper.md,F501017C13D9B29686DD922D65EDC0CD658E90E82A5785E427A2D829537C8626,reports/scale/g11_targeted_visual_diagnostic/11_CUMCM-2004-B-001/page_A_formal_excerpt.txt,53BB20FAC1B47A0E1A6A03323C22E0F4BC5ADC2070EE5C6E9BCCCE53F9BABBA1,reports/scale/g11_targeted_visual_diagnostic/11_CUMCM-2004-B-001/page_A.png,F7CBEA8DE25B0528C0D8A12E550E1039810334B12331FD60FD68148F0E306300,1488,2103,180
11,CUMCM-2004-B-001,7,B,2004年数学建模国赛真题+优秀论文/2004优秀论文/2004B：电力市场输电阻塞管理模型(特等奖).pdf,EF2F3C0652EE1718FA7D6ABE0F05FF2A0EC96721AA49459394137C05475BB1E8,derived/scale/papers/CUMCM-2004-B-001/paper.md,F501017C13D9B29686DD922D65EDC0CD658E90E82A5785E427A2D829537C8626,reports/scale/g11_targeted_visual_diagnostic/11_CUMCM-2004-B-001/page_B_formal_excerpt.txt,B817359BCC500F84B4ED45E1DB73A3C150EC50BFB6BC078F6167B5C3E0B958C5,reports/scale/g11_targeted_visual_diagnostic/11_CUMCM-2004-B-001/page_B.png,BEB9293E400142F42D91452A5E590B204CDD471207CD876A329BBD10063056BC,1488,2103,180
11,CUMCM-2004-B-001,14,C,2004年数学建模国赛真题+优秀论文/2004优秀论文/2004B：电力市场输电阻塞管理模型(特等奖).pdf,EF2F3C0652EE1718FA7D6ABE0F05FF2A0EC96721AA49459394137C05475BB1E8,derived/scale/papers/CUMCM-2004-B-001/paper.md,F501017C13D9B29686DD922D65EDC0CD658E90E82A5785E427A2D829537C8626,reports/scale/g11_targeted_visual_diagnostic/11_CUMCM-2004-B-001/page_C_formal_excerpt.txt,FA65A359A273EBEE79FD096835E91A345565080F4C868B210431CF25E6C1D26B,reports/scale/g11_targeted_visual_diagnostic/11_CUMCM-2004-B-001/page_C.png,E11AE88BAC99EE049A93AFF1D72B80B240B799225B6FA71ED1435A0790AE80FC,1488,2103,180
12,CUMCM-2005-A-001,1,A,2005年数学建模国赛真题+优秀论文/2005年国赛优秀论文/2005A：长江水质综合评价与预测的数学模型.pdf,4733466C8FCF3B9C3D3AD25EF33E3F4ABBC5F1CFD1DB0AE73337E1712B94F79F,derived/scale/papers/CUMCM-2005-A-001/paper.md,2EEBBD295DAA69E745D4D3A60E17C0CEEF5CCD2C3D4B962C1E8FD4F59535AFD8,reports/scale/g11_targeted_visual_diagnostic/12_CUMCM-2005-A-001/page_A_formal_excerpt.txt,53BB20FAC1B47A0E1A6A03323C22E0F4BC5ADC2070EE5C6E9BCCCE53F9BABBA1,reports/scale/g11_targeted_visual_diagnostic/12_CUMCM-2005-A-001/page_A.png,EE6065E695263166B26B65EAEE75A12EC4B4DDA395B5734B18FF48B4ED03B80A,1421,1842,180
12,CUMCM-2005-A-001,6,B,2005年数学建模国赛真题+优秀论文/2005年国赛优秀论文/2005A：长江水质综合评价与预测的数学模型.pdf,4733466C8FCF3B9C3D3AD25EF33E3F4ABBC5F1CFD1DB0AE73337E1712B94F79F,derived/scale/papers/CUMCM-2005-A-001/paper.md,2EEBBD295DAA69E745D4D3A60E17C0CEEF5CCD2C3D4B962C1E8FD4F59535AFD8,reports/scale/g11_targeted_visual_diagnostic/12_CUMCM-2005-A-001/page_B_formal_excerpt.txt,01F6C7E29F9B797AD499FDD82A7616E6C622C628A4663F8A90ED3ECCD1B5CF76,reports/scale/g11_targeted_visual_diagnostic/12_CUMCM-2005-A-001/page_B.png,3A898312B673FA7F7257E1D86A49674B2056187990E91BE61CF3CAF56A395F54,1421,1842,180
12,CUMCM-2005-A-001,11,C,2005年数学建模国赛真题+优秀论文/2005年国赛优秀论文/2005A：长江水质综合评价与预测的数学模型.pdf,4733466C8FCF3B9C3D3AD25EF33E3F4ABBC5F1CFD1DB0AE73337E1712B94F79F,derived/scale/papers/CUMCM-2005-A-001/paper.md,2EEBBD295DAA69E745D4D3A60E17C0CEEF5CCD2C3D4B962C1E8FD4F59535AFD8,reports/scale/g11_targeted_visual_diagnostic/12_CUMCM-2005-A-001/page_C_formal_excerpt.txt,B618475093E6979BBA4318C323E135684E5DE28DAA4041A47AE0D529FC8320DF,reports/scale/g11_targeted_visual_diagnostic/12_CUMCM-2005-A-001/page_C.png,2E24046E3CC1B94A94A722D52651DAE768AF984A1E22A684F1A3633B38847F6B,1421,1842,180
13,CUMCM-2006-A-001,1,A,2006年数学建模国赛真题+优秀论文/2006年优秀论文/2006A：出版社的资源配置方案.pdf,CC9E85F867A88EDEF5247AFFEA2B1BB850CC1ED0EBA5099851521799BCA94C22,derived/scale/papers/CUMCM-2006-A-001/paper.md,F711F303D778F4FCC8FBC4213E499B268F53ABFF7CCB69BACDD3DD5D6C2676CE,reports/scale/g11_targeted_visual_diagnostic/13_CUMCM-2006-A-001/page_A_formal_excerpt.txt,53BB20FAC1B47A0E1A6A03323C22E0F4BC5ADC2070EE5C6E9BCCCE53F9BABBA1,reports/scale/g11_targeted_visual_diagnostic/13_CUMCM-2006-A-001/page_A.png,41EABCF28E28B99550EC32C1AFBA3039C950EFD07521711D0D5872E170E8E8EB,1489,2105,180
13,CUMCM-2006-A-001,9,B,2006年数学建模国赛真题+优秀论文/2006年优秀论文/2006A：出版社的资源配置方案.pdf,CC9E85F867A88EDEF5247AFFEA2B1BB850CC1ED0EBA5099851521799BCA94C22,derived/scale/papers/CUMCM-2006-A-001/paper.md,F711F303D778F4FCC8FBC4213E499B268F53ABFF7CCB69BACDD3DD5D6C2676CE,reports/scale/g11_targeted_visual_diagnostic/13_CUMCM-2006-A-001/page_B_formal_excerpt.txt,9751E62838438076B12EE75FC0D0BF8650AF2C94407D16379811974EB234AB35,reports/scale/g11_targeted_visual_diagnostic/13_CUMCM-2006-A-001/page_B.png,091CF41939544963F30007D878CD6969CE6A5F844DD02CF1960EA743BDC4F0CF,1489,2105,180
13,CUMCM-2006-A-001,17,C,2006年数学建模国赛真题+优秀论文/2006年优秀论文/2006A：出版社的资源配置方案.pdf,CC9E85F867A88EDEF5247AFFEA2B1BB850CC1ED0EBA5099851521799BCA94C22,derived/scale/papers/CUMCM-2006-A-001/paper.md,F711F303D778F4FCC8FBC4213E499B268F53ABFF7CCB69BACDD3DD5D6C2676CE,reports/scale/g11_targeted_visual_diagnostic/13_CUMCM-2006-A-001/page_C_formal_excerpt.txt,E4662B2DC4A14F2E6719B771D6BC12C36E4DAB1A3F689ECBB9F31B69154E7F09,reports/scale/g11_targeted_visual_diagnostic/13_CUMCM-2006-A-001/page_C.png,C38DB64464F00E374B64EBF8308A01CE69F3FC3F0789A3A5FAD8090E28DEBEFD,1489,2105,180
14,CUMCM-2007-A-001,1,A,2007年数学建模国赛真题+优秀论文/2007年优秀论文/2007A：《中国人口增长预测模型》 (3).pdf,88E3E71E000B6FF6DF5B4D0F47A7003C72698795524DBF97F78D4D7A97E7DB2E,derived/scale/papers/CUMCM-2007-A-001/paper.md,B1528F2EBA4BA48539DE1B6F0BD32C20EC358577E8B0E841E24563E04A40C30D,reports/scale/g11_targeted_visual_diagnostic/14_CUMCM-2007-A-001/page_A_formal_excerpt.txt,53BB20FAC1B47A0E1A6A03323C22E0F4BC5ADC2070EE5C6E9BCCCE53F9BABBA1,reports/scale/g11_targeted_visual_diagnostic/14_CUMCM-2007-A-001/page_A.png,1CC34575D5F896393C0D35FF206775783E6E3CC15C9FAC46AA110A3737E0A39A,1489,2105,180
14,CUMCM-2007-A-001,12,B,2007年数学建模国赛真题+优秀论文/2007年优秀论文/2007A：《中国人口增长预测模型》 (3).pdf,88E3E71E000B6FF6DF5B4D0F47A7003C72698795524DBF97F78D4D7A97E7DB2E,derived/scale/papers/CUMCM-2007-A-001/paper.md,B1528F2EBA4BA48539DE1B6F0BD32C20EC358577E8B0E841E24563E04A40C30D,reports/scale/g11_targeted_visual_diagnostic/14_CUMCM-2007-A-001/page_B_formal_excerpt.txt,60C739808FC0A264BA02C22443E7D1A739253CE3AC49B889DDB6BFDD2CB769AB,reports/scale/g11_targeted_visual_diagnostic/14_CUMCM-2007-A-001/page_B.png,39F40873FD86D8DECB67E6FC5FA9A7B9FA2824F5D17499D10336619EEB14EFAD,1489,2105,180
14,CUMCM-2007-A-001,24,C,2007年数学建模国赛真题+优秀论文/2007年优秀论文/2007A：《中国人口增长预测模型》 (3).pdf,88E3E71E000B6FF6DF5B4D0F47A7003C72698795524DBF97F78D4D7A97E7DB2E,derived/scale/papers/CUMCM-2007-A-001/paper.md,B1528F2EBA4BA48539DE1B6F0BD32C20EC358577E8B0E841E24563E04A40C30D,reports/scale/g11_targeted_visual_diagnostic/14_CUMCM-2007-A-001/page_C_formal_excerpt.txt,D74E9BB56BAFB7DB1E0B84E623A6BB92D2C3FF7AB01E3F0BDA3FE6ECF49C05C5,reports/scale/g11_targeted_visual_diagnostic/14_CUMCM-2007-A-001/page_C.png,6F66131082FA80112F803D6EEB17C8D088466AA8CD2EB8E13A812A154B2F70BD,1489,2105,180
15,CUMCM-2008-A-002,1,A,2008年数学建模国赛真题+优秀论文/2008年优秀论文/2008A：数码相机定位 (2).pdf,71D2F1578C19C361500DAEC8DF01DE19BA5BE94F862199D53FFA13228DB71637,derived/scale/papers/CUMCM-2008-A-002/paper.md,91909AF98ACD1C70122CAFB384AB8E68F927C0A2D3D0A97B3203A72B01315F36,reports/scale/g11_targeted_visual_diagnostic/15_CUMCM-2008-A-002/page_A_formal_excerpt.txt,53BB20FAC1B47A0E1A6A03323C22E0F4BC5ADC2070EE5C6E9BCCCE53F9BABBA1,reports/scale/g11_targeted_visual_diagnostic/15_CUMCM-2008-A-002/page_A.png,2FC2D6C282D7C856A5ACCECB35EA58EC47D7FDB680E3B7F35BD79ADD5D6685EA,1489,2106,180
15,CUMCM-2008-A-002,14,B,2008年数学建模国赛真题+优秀论文/2008年优秀论文/2008A：数码相机定位 (2).pdf,71D2F1578C19C361500DAEC8DF01DE19BA5BE94F862199D53FFA13228DB71637,derived/scale/papers/CUMCM-2008-A-002/paper.md,91909AF98ACD1C70122CAFB384AB8E68F927C0A2D3D0A97B3203A72B01315F36,reports/scale/g11_targeted_visual_diagnostic/15_CUMCM-2008-A-002/page_B_formal_excerpt.txt,EC7F838075D69CC3C6BF7A2E20A922A2F2FA3CF1D16A0D3C7711F801505B0502,reports/scale/g11_targeted_visual_diagnostic/15_CUMCM-2008-A-002/page_B.png,D7FE4E68CA7F28A5E8778595CA09F32953AA4956E06E0D7247E3136676736645,1489,2106,180
15,CUMCM-2008-A-002,27,C,2008年数学建模国赛真题+优秀论文/2008年优秀论文/2008A：数码相机定位 (2).pdf,71D2F1578C19C361500DAEC8DF01DE19BA5BE94F862199D53FFA13228DB71637,derived/scale/papers/CUMCM-2008-A-002/paper.md,91909AF98ACD1C70122CAFB384AB8E68F927C0A2D3D0A97B3203A72B01315F36,reports/scale/g11_targeted_visual_diagnostic/15_CUMCM-2008-A-002/page_C_formal_excerpt.txt,2E816B665B75808036D14D300DF15FCF667E5076D3617315C9E6485D855E13B2,reports/scale/g11_targeted_visual_diagnostic/15_CUMCM-2008-A-002/page_C.png,60D59576D907DA8A72F99B8EEF2E26C9A9CC2025E147CB3ADBA1AB9AF34F4C4B,1489,2106,180
16,CUMCM-2009-A-001,1,A,2009年数学建模国赛真题+优秀论文/2009年优秀论文/2009A：制动器试验台的控制方法分析.pdf,310B218EA9B95B2B8F1596866705FB6415222D00E941765151A7F72372AC0B38,derived/scale/papers/CUMCM-2009-A-001/paper.md,423134DFB9C28BE94131469DE903502B83FA4E46EF32803069457656C5762736,reports/scale/g11_targeted_visual_diagnostic/16_CUMCM-2009-A-001/page_A_formal_excerpt.txt,53BB20FAC1B47A0E1A6A03323C22E0F4BC5ADC2070EE5C6E9BCCCE53F9BABBA1,reports/scale/g11_targeted_visual_diagnostic/16_CUMCM-2009-A-001/page_A.png,CD86B5780DA6D1B2A4363724486432D6DB4D7155909BD973A08BF4C170B0DE78,1489,2105,180
16,CUMCM-2009-A-001,10,B,2009年数学建模国赛真题+优秀论文/2009年优秀论文/2009A：制动器试验台的控制方法分析.pdf,310B218EA9B95B2B8F1596866705FB6415222D00E941765151A7F72372AC0B38,derived/scale/papers/CUMCM-2009-A-001/paper.md,423134DFB9C28BE94131469DE903502B83FA4E46EF32803069457656C5762736,reports/scale/g11_targeted_visual_diagnostic/16_CUMCM-2009-A-001/page_B_formal_excerpt.txt,8144EF3576B1917836139E7CE316AF54A0354AE16AA823C079C7572F692192E6,reports/scale/g11_targeted_visual_diagnostic/16_CUMCM-2009-A-001/page_B.png,47FFF4C210E77B82AEBDE71BAA339A3E3ECB8F75D482FED8015DD148D4803E7D,1489,2105,180
16,CUMCM-2009-A-001,20,C,2009年数学建模国赛真题+优秀论文/2009年优秀论文/2009A：制动器试验台的控制方法分析.pdf,310B218EA9B95B2B8F1596866705FB6415222D00E941765151A7F72372AC0B38,derived/scale/papers/CUMCM-2009-A-001/paper.md,423134DFB9C28BE94131469DE903502B83FA4E46EF32803069457656C5762736,reports/scale/g11_targeted_visual_diagnostic/16_CUMCM-2009-A-001/page_C_formal_excerpt.txt,04099B8D0D2C9A648B1E4D63D8719A9BF0C8F7BAE65224069216C3A587A59317,reports/scale/g11_targeted_visual_diagnostic/16_CUMCM-2009-A-001/page_C.png,14244D805B5D19DF9393A0A14EF0E9F11E981A1E33F57262691E49036288DF22,1489,2105,180
17,CUMCM-2010-A-003,1,A,2010年数学建模国赛真题+优秀论文/2010年优秀论文/2010A：倾斜卧式储油罐油量标定的实用方法.pdf,88C6C782ABD276280B59807B2108D4BECD2C6B25D1F3E861F44B8047635C81C1,derived/scale/papers/CUMCM-2010-A-003/paper.md,528665FD4EB22D20ECA8272AA7A39F94E769443BDB96781AD6FB7BD18781021D,reports/scale/g11_targeted_visual_diagnostic/17_CUMCM-2010-A-003/page_A_formal_excerpt.txt,53BB20FAC1B47A0E1A6A03323C22E0F4BC5ADC2070EE5C6E9BCCCE53F9BABBA1,reports/scale/g11_targeted_visual_diagnostic/17_CUMCM-2010-A-003/page_A.png,DE79D2551601616019342C35BAAECAFB5E95460F893AE595C1EE2D37299C3574,1489,2105,180
17,CUMCM-2010-A-003,11,B,2010年数学建模国赛真题+优秀论文/2010年优秀论文/2010A：倾斜卧式储油罐油量标定的实用方法.pdf,88C6C782ABD276280B59807B2108D4BECD2C6B25D1F3E861F44B8047635C81C1,derived/scale/papers/CUMCM-2010-A-003/paper.md,528665FD4EB22D20ECA8272AA7A39F94E769443BDB96781AD6FB7BD18781021D,reports/scale/g11_targeted_visual_diagnostic/17_CUMCM-2010-A-003/page_B_formal_excerpt.txt,0D614E792E7AC12BF2C6A86EA28BBC9AFF319DF7A9112D4DFC3F1681D04CEE42,reports/scale/g11_targeted_visual_diagnostic/17_CUMCM-2010-A-003/page_B.png,78B68006CDBAA202DBA0CDE8D0A41AAE30711B1E661282FD0DEA2858B7B6ABA3,1489,2105,180
17,CUMCM-2010-A-003,21,C,2010年数学建模国赛真题+优秀论文/2010年优秀论文/2010A：倾斜卧式储油罐油量标定的实用方法.pdf,88C6C782ABD276280B59807B2108D4BECD2C6B25D1F3E861F44B8047635C81C1,derived/scale/papers/CUMCM-2010-A-003/paper.md,528665FD4EB22D20ECA8272AA7A39F94E769443BDB96781AD6FB7BD18781021D,reports/scale/g11_targeted_visual_diagnostic/17_CUMCM-2010-A-003/page_C_formal_excerpt.txt,21A2ECAB46C9D7A920966085774B37700C96CDFF0808697E922F260576E0E4A2,reports/scale/g11_targeted_visual_diagnostic/17_CUMCM-2010-A-003/page_C.png,04BDA6A9ED2A509A5EE79522F6AE1B1B5B5E03BA7894B71F697ECEDFC6D99F44,1489,2105,180
18,CUMCM-2011-A-001,13,A,2011年数学建模国赛真题+优秀论文/2011年优秀论文/2011A：城市表层土壤重金属污染分析（7）.pdf,3D58DB4E99A3E3202142EB77E537132421D37B81F6636360331B0A7D19E17F0E,derived/scale/papers/CUMCM-2011-A-001/paper.md,7CBE95CD215BF4DBF1145D77C8F5E68E78913851E3F43515D25039DD4BDDBC3E,reports/scale/g11_targeted_visual_diagnostic/18_CUMCM-2011-A-001/page_A_formal_excerpt.txt,9F19AB12304697215DB359C5BD5FABA5A9F2C0F4778C5E571ACBC15B0252D456,reports/scale/g11_targeted_visual_diagnostic/18_CUMCM-2011-A-001/page_A.png,9E9DEBC15ACE42A762530A58BAF10683E0209B847CE4EF4F8E0287FEAF8A3906,1489,2106,180
18,CUMCM-2011-A-001,15,B,2011年数学建模国赛真题+优秀论文/2011年优秀论文/2011A：城市表层土壤重金属污染分析（7）.pdf,3D58DB4E99A3E3202142EB77E537132421D37B81F6636360331B0A7D19E17F0E,derived/scale/papers/CUMCM-2011-A-001/paper.md,7CBE95CD215BF4DBF1145D77C8F5E68E78913851E3F43515D25039DD4BDDBC3E,reports/scale/g11_targeted_visual_diagnostic/18_CUMCM-2011-A-001/page_B_formal_excerpt.txt,512D032004C12D84FEEA7CFC449CCAA9525D8EA0D35A6B3982DE15F578FBE13F,reports/scale/g11_targeted_visual_diagnostic/18_CUMCM-2011-A-001/page_B.png,B9C03A356274821E5F9677B127A46E56362C5F1F445C1F4D604CDE33D4B227B4,1489,2106,180
19,CUMCM-2013-A-001,12,A,2013年数学建模国赛真题+优秀论文/2013A：车道被占用对城市道路通行能力的影响 (5)/基于差分方程和元胞自动机的交通阻塞模型.pdf,89F1BC8CE60F82D85A723CDA3435920801F4D7292E2571649256A42F84046132,derived/scale/papers/CUMCM-2013-A-001/paper.md,938F0ACD508FAA30697563EE082CC8EFF2496DBA9834B219CA6519AB720EA181,reports/scale/g11_targeted_visual_diagnostic/19_CUMCM-2013-A-001/page_A_formal_excerpt.txt,60C739808FC0A264BA02C22443E7D1A739253CE3AC49B889DDB6BFDD2CB769AB,reports/scale/g11_targeted_visual_diagnostic/19_CUMCM-2013-A-001/page_A.png,78604E3A1479F579757F67F0C25BF41D5D0B80A4B5F856985AB161F2258D9CD9,1489,2105,180
19,CUMCM-2013-A-001,18,B,2013年数学建模国赛真题+优秀论文/2013A：车道被占用对城市道路通行能力的影响 (5)/基于差分方程和元胞自动机的交通阻塞模型.pdf,89F1BC8CE60F82D85A723CDA3435920801F4D7292E2571649256A42F84046132,derived/scale/papers/CUMCM-2013-A-001/paper.md,938F0ACD508FAA30697563EE082CC8EFF2496DBA9834B219CA6519AB720EA181,reports/scale/g11_targeted_visual_diagnostic/19_CUMCM-2013-A-001/page_B_formal_excerpt.txt,775EDE71DBC8B4D171994788D200399531A2F0C064C1C3680B75AB2D33917EFB,reports/scale/g11_targeted_visual_diagnostic/19_CUMCM-2013-A-001/page_B.png,421106B0F4A80993C50C05C3810288E149679F473C455533F962AF6F6BE1C670,1489,2105,180
19,CUMCM-2013-A-001,45,C,2013年数学建模国赛真题+优秀论文/2013A：车道被占用对城市道路通行能力的影响 (5)/基于差分方程和元胞自动机的交通阻塞模型.pdf,89F1BC8CE60F82D85A723CDA3435920801F4D7292E2571649256A42F84046132,derived/scale/papers/CUMCM-2013-A-001/paper.md,938F0ACD508FAA30697563EE082CC8EFF2496DBA9834B219CA6519AB720EA181,reports/scale/g11_targeted_visual_diagnostic/19_CUMCM-2013-A-001/page_C_formal_excerpt.txt,00D063C274CA396D8EF2232BB8254A4CF5670571038C8B0854F2E66A754D5A8C,reports/scale/g11_targeted_visual_diagnostic/19_CUMCM-2013-A-001/page_C.png,877FD8733008030045452A2A9EF07487F2D09D331E5C2516A6CDD563FC647524,1489,2105,180
20,CUMCM-2014-A-A1501,11,A,2014年数学建模国赛真题+优秀论文/2014优秀论文/2014A：嫦娥三号软着陆轨道设计与控制策略 (5)/A15010142_王子硕_吴鹏飞_陶立.pdf,CA6C94BB50E5B0D982A7D54F154AB68A8E5465BB3858D1274356BFD5381FD2CC,derived/scale/papers/CUMCM-2014-A-A1501/paper.md,4D15A604013AE9D54AAB97D156EBBF597455456A96A2AEA2F9915605BD9AE96F,reports/scale/g11_targeted_visual_diagnostic/20_CUMCM-2014-A-A1501/page_A_formal_excerpt.txt,0D614E792E7AC12BF2C6A86EA28BBC9AFF319DF7A9112D4DFC3F1681D04CEE42,reports/scale/g11_targeted_visual_diagnostic/20_CUMCM-2014-A-A1501/page_A.png,1CB2F113884367093E014D72681E5AE100629492D590CD2E6B148E6EDCEB4204,1488,2105,180
20,CUMCM-2014-A-A1501,32,B,2014年数学建模国赛真题+优秀论文/2014优秀论文/2014A：嫦娥三号软着陆轨道设计与控制策略 (5)/A15010142_王子硕_吴鹏飞_陶立.pdf,CA6C94BB50E5B0D982A7D54F154AB68A8E5465BB3858D1274356BFD5381FD2CC,derived/scale/papers/CUMCM-2014-A-A1501/paper.md,4D15A604013AE9D54AAB97D156EBBF597455456A96A2AEA2F9915605BD9AE96F,reports/scale/g11_targeted_visual_diagnostic/20_CUMCM-2014-A-A1501/page_B_formal_excerpt.txt,B64010A59D559711FF9EE08058E31AFDAB1B8BE7A17B601ABCCA77FA8CAD7CCE,reports/scale/g11_targeted_visual_diagnostic/20_CUMCM-2014-A-A1501/page_B.png,83DBDC0CA285A74F53B73EC355E7749F975F8FF9496088DB47D5A57B8B81E3F7,1488,2105,180
