paper_id,source_path,source_sha256,expected_source_sha256,source_size,effective_pdf_path,effective_pdf_sha256,effective_pdf_size,effective_pdf_origin,provenance_status,provenance_chain,pdf_qa_status,page_accounting_status,extraction_status,content_sanity_status,artifact_readiness,source_integrity_pass,eligible_at_closure
CUMCM-2011-A-003,2011年数学建模国赛真题+优秀论文/2011年优秀论文/2011A：城市表层土壤重金属污染分析（6）.doc,FDA40E0C371BD0C91806B4CB581162EC0F1C3B51A7CAEF492EDD71D6E602E038,FDA40E0C371BD0C91806B4CB581162EC0F1C3B51A7CAEF492EDD71D6E602E038,1348608,derived/scale/doc_batch/CUMCM-2011-A-003/source_converted.pdf,1C5836385FC251303FB4E5B01B6D22093D74CC9C4EC2AD360B09987616C15291,1072140,BATCH_WORD_CONVERSION,PASS,CURRENT_BATCH_WORD_RESULTS_SUCCESS,PASS,PASS,PASS,PASS,READY,1,1
CUMCM-2011-C-002,2011年数学建模国赛真题+优秀论文/2011年优秀论文/2011C：企业退休职工养老金制度的改革 (1).doc,21E5912D27E48F0BBEB0E1044BF30F185FBAB2133945529F106449296C10653F,21E5912D27E48F0BBEB0E1044BF30F185FBAB2133945529F106449296C10653F,1113600,derived/scale/doc_contract_pilot_interactive/CUMCM-2011-C-002/source_converted.pdf,064CD08E45796A9ADB27BAD2DFB5CFB457DCE57FD8ACFEAF5B1C3E3B1C51F7CB,1217390,PILOT_REUSE,PASS,APPROVED_INTERACTIVE_WORD_PILOT_PRIMARY,PASS,PASS,PASS,PASS,READY,1,1
CUMCM-2011-C-003,2011年数学建模国赛真题+优秀论文/2011年优秀论文/2011C：企业退休职工养老金制度的改革 (2).doc,CB99F5DD56122680A0797E642C8ED3463B12B388DBDA96E2F42A9345EE623696,CB99F5DD56122680A0797E642C8ED3463B12B388DBDA96E2F42A9345EE623696,587264,derived/scale/doc_batch/CUMCM-2011-C-003/source_converted.pdf,43E6F2FFCF11E26323BAD64452D8923C0A1898EEACDEAC867B9A113B397FA83B,834995,BATCH_WORD_CONVERSION,PASS,CURRENT_BATCH_WORD_RESULTS_SUCCESS,PASS,PASS,PASS,PASS,READY,1,1
CUMCM-2011-D-001,2011年数学建模国赛真题+优秀论文/2011年优秀论文/2011D：天然肠衣搭配问题(1)/一类肠衣搭配优化问题.doc,A54963631C73100E2A26B41E91070384F60C7AE57B13789F2212145149EE6D2D,A54963631C73100E2A26B41E91070384F60C7AE57B13789F2212145149EE6D2D,571392,derived/scale/doc_batch/CUMCM-2011-D-001/source_converted.pdf,BB9DE03E3E434AF41B4DC6AF850D179D29B35FB78FDAE5BBA93A302EE0A9C1E6,758604,BATCH_WORD_CONVERSION,PASS,CURRENT_BATCH_WORD_RESULTS_SUCCESS,PASS,PASS,PASS,PASS,READY,1,1
CUMCM-2011-D-007,2011年数学建模国赛真题+优秀论文/2011年优秀论文/2011D：天然肠衣搭配问题 (4).doc,97C1EA0783BF190F8B166E049F84352DD12A702E5F0B0B1E9720DEB4ED5DB5A5,97C1EA0783BF190F8B166E049F84352DD12A702E5F0B0B1E9720DEB4ED5DB5A5,594944,derived/scale/doc_batch/CUMCM-2011-D-007/source_converted.pdf,3A5513BF9594D27236C3F5B5C250C146382D3656B464D995AD071766017470D0,813141,BATCH_WORD_CONVERSION,PASS,CURRENT_BATCH_WORD_RESULTS_SUCCESS,PASS,PASS,PASS,PASS,READY,1,1
CUMCM-2011-D-013,2011年数学建模国赛真题+优秀论文/2011年优秀论文/2011D：天然肠衣搭配问题 (2).doc,2D19468524DDDBEF409012F393460A92B0A9F24CFC01906F63720C13731BE66A,2D19468524DDDBEF409012F393460A92B0A9F24CFC01906F63720C13731BE66A,1153536,derived/scale/doc_batch/CUMCM-2011-D-013/source_converted.pdf,E0D00DE3E92B4ED095EDABBB3CF10E359C825D4C37932ACC77A353A379838CF1,1168510,BATCH_WORD_CONVERSION,PASS,CURRENT_BATCH_WORD_RESULTS_SUCCESS,PASS,PASS,PASS,PASS,READY,1,1
CUMCM-2012-A-003,2012年数学建模国赛真题+优秀论文/2012年优秀论文/2012A：葡萄酒的评价 (4).doc,519FA35E0C76A094FFD89C38269F9BC1A9D1C491A8A675EF324F22705B28F1D5,519FA35E0C76A094FFD89C38269F9BC1A9D1C491A8A675EF324F22705B28F1D5,1970688,derived/scale/doc_batch/CUMCM-2012-A-003/source_converted.pdf,C40455E13E66A460C39DAE91E660AF11E2BE0F61C1F03DB321571CEEDC4ED207,1767635,BATCH_WORD_CONVERSION,PASS,CURRENT_BATCH_WORD_RESULTS_SUCCESS,PASS,PASS,PASS,PASS,READY,1,1
CUMCM-2012-B-005,2012年数学建模国赛真题+优秀论文/2012年优秀论文/2012B：太阳能小屋的设计 (5)/基于递归算法的建筑外表面光伏电池布局优化分析与设计.doc,4357F1EB1DA91D0C65923D25AB6218F234C9F123A221DED8EE6318ECEC53CC05,4357F1EB1DA91D0C65923D25AB6218F234C9F123A221DED8EE6318ECEC53CC05,1717248,derived/scale/doc_batch/CUMCM-2012-B-005/source_converted.pdf,F9F59407B33E60976DD4B86A6A897C0F1B0A8F0DA166337EBE76992CC2241465,1707199,BATCH_WORD_CONVERSION,PASS,CURRENT_BATCH_WORD_RESULTS_SUCCESS,PASS,PASS,PASS,PASS,READY,1,1
CUMCM-2012-B-007,2012年数学建模国赛真题+优秀论文/2012年优秀论文/2012B：太阳能小屋的设计 (2)/10121505.doc,F34850D4339E358C6A8C548224CEC919AFAA1B0F4ADB660A81114C20D717015F,F34850D4339E358C6A8C548224CEC919AFAA1B0F4ADB660A81114C20D717015F,887296,derived/scale/doc_batch/CUMCM-2012-B-007/source_converted.pdf,547312CD5D3F57EB29292892142E79DE98B75C19C1D526ACB69B9EE834A3AA21,1097646,BATCH_WORD_CONVERSION,PASS,CURRENT_BATCH_WORD_RESULTS_SUCCESS,PASS,PASS,PASS,PASS,READY,1,1
CUMCM-2012-C-003,2012年数学建模国赛真题+优秀论文/2012年优秀论文/2012C：脑卒中发病环境因素分析及干预 (2).doc,D3FCC8E0989C76486CBB665FBAC51F584EE1D8442012EFB49D6A50E3B45F2212,D3FCC8E0989C76486CBB665FBAC51F584EE1D8442012EFB49D6A50E3B45F2212,1027072,derived/scale/doc_batch/CUMCM-2012-C-003/source_converted.pdf,1AF31EA4FE7E106AA9306E894B3471753F6077BF19A8A1F648A1E752E4CBC2E1,1292484,BATCH_WORD_CONVERSION,PASS,CURRENT_BATCH_WORD_RESULTS_SUCCESS,PASS,PASS,PASS,PASS,READY,1,1
CUMCM-2012-C-004,2012年数学建模国赛真题+优秀论文/2012年优秀论文/2012C：脑卒中发病环境因素分析及干预 (1)/基于逐步回归的脑卒中发病环境因素分析及干预模型.doc,A610CEEE3C902F85C0FC590467868550F5CB9D52ECD57E21747EF890671CBDD7,A610CEEE3C902F85C0FC590467868550F5CB9D52ECD57E21747EF890671CBDD7,748032,derived/scale/doc_batch/CUMCM-2012-C-004/source_converted.pdf,C2B4E0DA5C7AE5F7FCA6FADE85B00EB1588DA12FA3BF8F8B4523D1C4423B9F1D,751910,BATCH_WORD_CONVERSION,PASS,CURRENT_BATCH_WORD_RESULTS_SUCCESS,PASS,PASS,PASS,PASS,READY,1,1
CUMCM-2012-D-001,2012年数学建模国赛真题+优秀论文/2012年优秀论文/2012D：机器人避障问题 (2).doc,D93A9A6A9DE012927F8A5D4B36E1768CA3F6AFFB6952673F40FE2740D4032766,D93A9A6A9DE012927F8A5D4B36E1768CA3F6AFFB6952673F40FE2740D4032766,1146880,tmp/g8_doc_2012_d001_manual_print_to_pdf/CUMCM-2012-D-001/manual_print_candidate.pdf,CBE28049A80C0B900CF82A0BE06492A906D56B39F27819D6F94C67C6FF349399,1152505,MANUAL_PRINT_REMEDIATION,PASS,ORIGINAL_SOURCE->DERIVED_DOCX:B948CA41387ABC408724B1D64286830B54B12198A33C54D8BE684661CA8937DC->GOVERNED_MANUAL_RENDER_PDF,PASS,PASS,PASS,PASS,READY,1,1
CUMCM-2012-D-D044,2012年数学建模国赛真题+优秀论文/2012年优秀论文/2012D：机器人避障问题 (1)/D044.doc,999DE664600FDA9D9811FE4C50324C0C1E4BEC5A0E8BA17BC8D3B66B0D5EAB4C,999DE664600FDA9D9811FE4C50324C0C1E4BEC5A0E8BA17BC8D3B66B0D5EAB4C,1181696,derived/scale/doc_batch/CUMCM-2012-D-D044/source_converted.pdf,918C86597756252BE5629D702EA46D4F386A406AD6B2341DC0C4B0F46B776BC4,913503,BATCH_WORD_CONVERSION,PASS,CURRENT_BATCH_WORD_RESULTS_SUCCESS,PASS,PASS,PASS,PASS,READY,1,1
CUMCM-2013-D-001,2013年数学建模国赛真题+优秀论文/2013D：城市公共自行车服务系统运行状况和效率分析/论文.doc,955CC7179247EDA8AD6EBB74CFD1233D514D9F80A809B0C2EB244BEACABAFDEA,955CC7179247EDA8AD6EBB74CFD1233D514D9F80A809B0C2EB244BEACABAFDEA,3814912,derived/scale/doc_contract_pilot_interactive/CUMCM-2013-D-001/source_converted.pdf,3C560062FFD7F9F4E855926AD051346D4FC2366C0052D80159836E1A007812A4,2908069,PILOT_REUSE,PASS,APPROVED_INTERACTIVE_WORD_PILOT_PRIMARY,PASS,PASS,PASS,PASS,READY,1,1
CUMCM-2013-D-004,2013年数学建模国赛真题+优秀论文/2013D：城市公共自行车服务系统运行状况和效率分析 (2)/赣南师范学院科技学院 D 赖铖、袁彦、舒敏.doc,6BEC1C814F4638020F3DA17E90DC9EA483CAB5311CC4CA040F131629F9103ACE,6BEC1C814F4638020F3DA17E90DC9EA483CAB5311CC4CA040F131629F9103ACE,2095104,derived/scale/doc_batch/CUMCM-2013-D-004/source_converted.pdf,ED6EF7DC8A23661F14C36F463E549079FC28CC6DDBF69205B8F346EDDF85E8C4,2083274,BATCH_WORD_CONVERSION,PASS,CURRENT_BATCH_WORD_RESULTS_SUCCESS,PASS,PASS,PASS,PASS,READY,1,1
CUMCM-2014-D-002,2014年数学建模国赛真题+优秀论文/2014优秀论文/2014D：储药槽的设计 (2)/储药柜的设计.doc,0F96568C1507DC18820F68592A9A6DA83C3FE6842CF007A17567C219BEBA841E,0F96568C1507DC18820F68592A9A6DA83C3FE6842CF007A17567C219BEBA841E,2485760,derived/scale/doc_batch/CUMCM-2014-D-002/source_converted.pdf,EC483F99582A1ED0BDA10F423374BC49ADE8A16AEF1FC8A658334BAF252715E7,1577949,BATCH_WORD_CONVERSION,PASS,CURRENT_BATCH_WORD_RESULTS_SUCCESS,PASS,PASS,PASS,PASS,READY,1,1
CUMCM-2014-D-003,2014年数学建模国赛真题+优秀论文/2014优秀论文/2014D：储药槽的设计/D-储药槽的设计.doc,2C45B7888C43355B39D0BC01726D842D4744C55DC1E2F8AF829B7DB9D8D4AA35,2C45B7888C43355B39D0BC01726D842D4744C55DC1E2F8AF829B7DB9D8D4AA35,568832,derived/scale/doc_contract_pilot_interactive/CUMCM-2014-D-003/source_converted.pdf,00C0D4361A59E3D5F1E97FBE7DAF28B60FCDDA9C26EBF435182C9F6961EB360C,868969,PILOT_REUSE,PASS,APPROVED_INTERACTIVE_WORD_PILOT_PRIMARY,PASS,PASS,PASS,PASS,READY,1,1
