paper_id,attempt,logical_page_number,page_class,text_layer_present,ocr_route_required,text_chars,text_sha256,rendered_for_classification,nonwhite_ratio
CUMCM-2014-A-006,PRIMARY,1,TEXT_PAGE,1,0,79,B584E8866BA58FEFB924C11A5A1532210AA8D74735964E4346DC0005921C16B7,0,
CUMCM-2014-A-006,VALIDATION,1,TEXT_PAGE,1,0,79,B584E8866BA58FEFB924C11A5A1532210AA8D74735964E4346DC0005921C16B7,0,
CUMCM-2011-C-002,PRIMARY,1,TEXT_PAGE,1,0,761,378390AC413B1423CD32811A446EDF17CA113C8682E8DE2E7D84832980A47BDB,0,
CUMCM-2011-C-002,PRIMARY,2,TEXT_PAGE,1,0,1291,2A4B85690C7E3260A733D803DBB24FF504A5CD76A12FEEA290C79D1B955CB6C9,0,
CUMCM-2011-C-002,PRIMARY,3,TEXT_PAGE,1,0,517,9638F7B6C233F933CEB6158538C824D61EFFF2E957E2C924C5AA770AA392F8E8,0,
CUMCM-2011-C-002,PRIMARY,4,TEXT_PAGE,1,0,784,5FF0D056BA5AA46DE03B43DEF3A779A4BEF0C3F0AB0A2CEAEC21059D7908FDEF,0,
CUMCM-2011-C-002,PRIMARY,5,TEXT_PAGE,1,0,750,F37D1A4161543A82AC94DD57411AD1F36759959085E8B689242AEFDEF676D2D4,0,
CUMCM-2011-C-002,PRIMARY,6,TEXT_PAGE,1,0,680,EAD08D57C550EEB892DE1E98340C825B9D534E1D863A9B653895C1940A306591,0,
CUMCM-2011-C-002,PRIMARY,7,TEXT_PAGE,1,0,1057,7C4A46605A013537E6393E98A11EBC0BFAB508E8AD9C6BB5C5F0C0613854A58E,0,
CUMCM-2011-C-002,PRIMARY,8,TEXT_PAGE,1,0,671,0DA58F2F57E9AD91FA6F6B55F3D73D5FCCDAF619EC647DD820241102D899C170,0,
CUMCM-2011-C-002,PRIMARY,9,TEXT_PAGE,1,0,468,66FF3BC314DE7AC0F5D1436363DD84B802B744D18F118077441D0FED9DDDAD7F,0,
CUMCM-2011-C-002,PRIMARY,10,TEXT_PAGE,1,0,635,6255E7DD255080AAAFCB2B5154AA450EFB65D1E9B0E330AA19757CE524F7EE22,0,
CUMCM-2011-C-002,PRIMARY,11,TEXT_PAGE,1,0,680,1B61B5F31AC41C3B5FD03F9310ADA4A8A9125F8594774F85724AC00DD53FA6DC,0,
CUMCM-2011-C-002,PRIMARY,12,TEXT_PAGE,1,0,1015,437B54BDD1FFFAF4FD450F03F8E355DA9C4A5E6F4743B14F34868BA4B5F06C02,0,
CUMCM-2011-C-002,PRIMARY,13,TEXT_PAGE,1,0,783,E8C46AC8A6826B42AF5CEFA790C84ACF9F188E55B09219669CBACF2E5BD94D9D,0,
CUMCM-2011-C-002,PRIMARY,14,TEXT_PAGE,1,0,866,1DBFDF37D0EDF90DCEA3C85335D235D495ED51FE2CAEF5038FC7C5184905878F,0,
CUMCM-2011-C-002,PRIMARY,15,TEXT_PAGE,1,0,718,A56ED8F02FEBBA077481F5C815D3C8699724CDCB0B802850FC48A229B2366895,0,
CUMCM-2011-C-002,PRIMARY,16,TEXT_PAGE,1,0,450,80EE4A085D1940E92428F3E64604DF54287A23E029E872D5BBFEC1A87FCA6177,0,
CUMCM-2011-C-002,PRIMARY,17,TEXT_PAGE,1,0,831,B30942B494AA682D5506EB44B7F633899DD1A98F1B2E90D7B897863F66AA89EC,0,
CUMCM-2011-C-002,PRIMARY,18,TEXT_PAGE,1,0,762,735DD961C2442F6EE23FE06AE58CA604B9AEDAA311C0F1A243D0AA7F659067BD,0,
CUMCM-2011-C-002,PRIMARY,19,TEXT_PAGE,1,0,513,45F68E59FD24BEB6B21984753C496683667FD3267FBDE9C9DEF2B6FE4A0B0BDC,0,
CUMCM-2011-C-002,PRIMARY,20,TEXT_PAGE,1,0,1040,46DC48FE491466A5D4498C46636B125F1C7EAC9C633A21468653A7F71411B135,0,
CUMCM-2011-C-002,PRIMARY,21,TEXT_PAGE,1,0,1127,11523983962AAA57D25B2086C36C74A2317BACAC9EDB05F509A3DF698AC00880,0,
CUMCM-2011-C-002,PRIMARY,22,TEXT_PAGE,1,0,653,2357E444F0C6A90C2ADEC60EDF1123B6F52EA1961724D4FD720843370D332546,0,
CUMCM-2011-C-002,PRIMARY,23,TEXT_PAGE,1,0,740,8DC55FFE79905C80FAAE6BA6FE9657DD9574328FEDEE7845CB5F69272AD1BFDB,0,
CUMCM-2011-C-002,PRIMARY,24,TEXT_PAGE,1,0,792,7D851B3767A0DA21FF3A201E4521BCB23821AF2DCE4813AF76EFE14E950F5D87,0,
CUMCM-2011-C-002,PRIMARY,25,TEXT_PAGE,1,0,1021,EF2E0F5388361A922587B1FF9234BA8EAD198D605F3AEB7732E161ADA240A593,0,
CUMCM-2011-C-002,PRIMARY,26,TEXT_PAGE,1,0,838,F1E99BDF7C6DDDF11ABCB7FBF0B10F83AD13269CB91835CA7D6561E28A4EE989,0,
CUMCM-2011-C-002,PRIMARY,27,TEXT_PAGE,1,0,998,B8B02F8FD1145F75F3D1F363EB33052C36AB9D941F0085C287261BAD5ABDC7EB,0,
CUMCM-2011-C-002,PRIMARY,28,TEXT_PAGE,1,0,1268,20B6A5444243D85B2D01F0B23F4B6B90E173D99A9664D1F76E16A02DCEEAFDB6,0,
CUMCM-2011-C-002,PRIMARY,29,TEXT_PAGE,1,0,652,852AE4C2ADA9BBBDB9AD7111E9444E63C7C22264D4DD83D605CC12C84D094E1E,0,
CUMCM-2011-C-002,PRIMARY,30,TEXT_PAGE,1,0,1204,B8EB8ADA4669A2BFBF3B2AAB4354760DBB4943D259759860C5AAE7D0A6680F07,0,
CUMCM-2011-C-002,PRIMARY,31,TEXT_PAGE,1,0,1154,96DA463C3B45771C89AF73E3C19B55484F68F20E62D1A4B69DA7656DCFEE818E,0,
CUMCM-2011-C-002,PRIMARY,32,TEXT_PAGE,1,0,772,BF90059D1CCB35C1F2550DF288C4903414AB78C78E9F6E1C37A316FFAE253101,0,
CUMCM-2011-C-002,PRIMARY,33,TEXT_PAGE,1,0,1037,94C3F5D8D07E076CB9B151EEE4C9496F04EF249C2A5051B43F3CCB3316674FE6,0,
CUMCM-2011-C-002,PRIMARY,34,TEXT_PAGE,1,0,938,8755B9FA40B77D96991549B9E81A00C9BE865F3B85FCF494C7DBAD04D003E702,0,
CUMCM-2011-C-002,PRIMARY,35,TEXT_PAGE,1,0,1206,DF534C66C0913CD8FE5BF08A2EADDCB2098236FEB7C740B37D9AB7159F318E25,0,
CUMCM-2011-C-002,PRIMARY,36,TEXT_PAGE,1,0,687,C9F81A8E9784205392C94AFA6C02613FAF8A99A950033F1AB3F16D1E69E83D19,0,
CUMCM-2011-C-002,PRIMARY,37,TEXT_PAGE,1,0,1171,EA0B6E1E2FF1C1077BB80C4EB6CA99E1727CE9F64B18B7A4053DC5F205746A5F,0,
CUMCM-2011-C-002,PRIMARY,38,TEXT_PAGE,1,0,759,13A15A98DD4615D17A06F77A2F8C439D5BA07A3ECD91A0B107C415D9FB9AC72A,0,
CUMCM-2011-C-002,PRIMARY,39,TEXT_PAGE,1,0,1144,35ED7E82A8CF6C62C16489063659D074C280EF8E98D81DC6DF05AFFB31E1C449,0,
CUMCM-2011-C-002,PRIMARY,40,TEXT_PAGE,1,0,1143,AB33E3D3C81FBC18D54A8305505CBD9ADE266CFEE7E0A4273E34731F0BA899CB,0,
CUMCM-2011-C-002,PRIMARY,41,TEXT_PAGE,1,0,770,672A3069FF0E29B8EFCB68EDC5D6566D04375EF7EDDAA2067361B2A67E810FC0,0,
CUMCM-2011-C-002,PRIMARY,42,TEXT_PAGE,1,0,141,D72A64D26221B2D62B001653DE1FE772CE18FE2CB642FE2692A07C8F36ABA8E3,0,
CUMCM-2011-C-002,VALIDATION,1,TEXT_PAGE,1,0,761,378390AC413B1423CD32811A446EDF17CA113C8682E8DE2E7D84832980A47BDB,0,
CUMCM-2011-C-002,VALIDATION,2,TEXT_PAGE,1,0,1291,2A4B85690C7E3260A733D803DBB24FF504A5CD76A12FEEA290C79D1B955CB6C9,0,
CUMCM-2011-C-002,VALIDATION,3,TEXT_PAGE,1,0,517,9638F7B6C233F933CEB6158538C824D61EFFF2E957E2C924C5AA770AA392F8E8,0,
CUMCM-2011-C-002,VALIDATION,4,TEXT_PAGE,1,0,784,5FF0D056BA5AA46DE03B43DEF3A779A4BEF0C3F0AB0A2CEAEC21059D7908FDEF,0,
CUMCM-2011-C-002,VALIDATION,5,TEXT_PAGE,1,0,750,F37D1A4161543A82AC94DD57411AD1F36759959085E8B689242AEFDEF676D2D4,0,
CUMCM-2011-C-002,VALIDATION,6,TEXT_PAGE,1,0,680,EAD08D57C550EEB892DE1E98340C825B9D534E1D863A9B653895C1940A306591,0,
CUMCM-2011-C-002,VALIDATION,7,TEXT_PAGE,1,0,1057,7C4A46605A013537E6393E98A11EBC0BFAB508E8AD9C6BB5C5F0C0613854A58E,0,
CUMCM-2011-C-002,VALIDATION,8,TEXT_PAGE,1,0,671,0DA58F2F57E9AD91FA6F6B55F3D73D5FCCDAF619EC647DD820241102D899C170,0,
CUMCM-2011-C-002,VALIDATION,9,TEXT_PAGE,1,0,468,66FF3BC314DE7AC0F5D1436363DD84B802B744D18F118077441D0FED9DDDAD7F,0,
CUMCM-2011-C-002,VALIDATION,10,TEXT_PAGE,1,0,635,6255E7DD255080AAAFCB2B5154AA450EFB65D1E9B0E330AA19757CE524F7EE22,0,
CUMCM-2011-C-002,VALIDATION,11,TEXT_PAGE,1,0,680,1B61B5F31AC41C3B5FD03F9310ADA4A8A9125F8594774F85724AC00DD53FA6DC,0,
CUMCM-2011-C-002,VALIDATION,12,TEXT_PAGE,1,0,1015,437B54BDD1FFFAF4FD450F03F8E355DA9C4A5E6F4743B14F34868BA4B5F06C02,0,
CUMCM-2011-C-002,VALIDATION,13,TEXT_PAGE,1,0,783,E8C46AC8A6826B42AF5CEFA790C84ACF9F188E55B09219669CBACF2E5BD94D9D,0,
CUMCM-2011-C-002,VALIDATION,14,TEXT_PAGE,1,0,866,1DBFDF37D0EDF90DCEA3C85335D235D495ED51FE2CAEF5038FC7C5184905878F,0,
CUMCM-2011-C-002,VALIDATION,15,TEXT_PAGE,1,0,718,A56ED8F02FEBBA077481F5C815D3C8699724CDCB0B802850FC48A229B2366895,0,
CUMCM-2011-C-002,VALIDATION,16,TEXT_PAGE,1,0,450,80EE4A085D1940E92428F3E64604DF54287A23E029E872D5BBFEC1A87FCA6177,0,
CUMCM-2011-C-002,VALIDATION,17,TEXT_PAGE,1,0,831,B30942B494AA682D5506EB44B7F633899DD1A98F1B2E90D7B897863F66AA89EC,0,
CUMCM-2011-C-002,VALIDATION,18,TEXT_PAGE,1,0,762,735DD961C2442F6EE23FE06AE58CA604B9AEDAA311C0F1A243D0AA7F659067BD,0,
CUMCM-2011-C-002,VALIDATION,19,TEXT_PAGE,1,0,513,45F68E59FD24BEB6B21984753C496683667FD3267FBDE9C9DEF2B6FE4A0B0BDC,0,
CUMCM-2011-C-002,VALIDATION,20,TEXT_PAGE,1,0,1040,46DC48FE491466A5D4498C46636B125F1C7EAC9C633A21468653A7F71411B135,0,
CUMCM-2011-C-002,VALIDATION,21,TEXT_PAGE,1,0,1127,11523983962AAA57D25B2086C36C74A2317BACAC9EDB05F509A3DF698AC00880,0,
CUMCM-2011-C-002,VALIDATION,22,TEXT_PAGE,1,0,653,2357E444F0C6A90C2ADEC60EDF1123B6F52EA1961724D4FD720843370D332546,0,
CUMCM-2011-C-002,VALIDATION,23,TEXT_PAGE,1,0,740,8DC55FFE79905C80FAAE6BA6FE9657DD9574328FEDEE7845CB5F69272AD1BFDB,0,
CUMCM-2011-C-002,VALIDATION,24,TEXT_PAGE,1,0,792,7D851B3767A0DA21FF3A201E4521BCB23821AF2DCE4813AF76EFE14E950F5D87,0,
CUMCM-2011-C-002,VALIDATION,25,TEXT_PAGE,1,0,1021,EF2E0F5388361A922587B1FF9234BA8EAD198D605F3AEB7732E161ADA240A593,0,
CUMCM-2011-C-002,VALIDATION,26,TEXT_PAGE,1,0,838,F1E99BDF7C6DDDF11ABCB7FBF0B10F83AD13269CB91835CA7D6561E28A4EE989,0,
CUMCM-2011-C-002,VALIDATION,27,TEXT_PAGE,1,0,998,B8B02F8FD1145F75F3D1F363EB33052C36AB9D941F0085C287261BAD5ABDC7EB,0,
CUMCM-2011-C-002,VALIDATION,28,TEXT_PAGE,1,0,1268,20B6A5444243D85B2D01F0B23F4B6B90E173D99A9664D1F76E16A02DCEEAFDB6,0,
CUMCM-2011-C-002,VALIDATION,29,TEXT_PAGE,1,0,652,852AE4C2ADA9BBBDB9AD7111E9444E63C7C22264D4DD83D605CC12C84D094E1E,0,
CUMCM-2011-C-002,VALIDATION,30,TEXT_PAGE,1,0,1204,B8EB8ADA4669A2BFBF3B2AAB4354760DBB4943D259759860C5AAE7D0A6680F07,0,
CUMCM-2011-C-002,VALIDATION,31,TEXT_PAGE,1,0,1154,96DA463C3B45771C89AF73E3C19B55484F68F20E62D1A4B69DA7656DCFEE818E,0,
CUMCM-2011-C-002,VALIDATION,32,TEXT_PAGE,1,0,772,BF90059D1CCB35C1F2550DF288C4903414AB78C78E9F6E1C37A316FFAE253101,0,
CUMCM-2011-C-002,VALIDATION,33,TEXT_PAGE,1,0,1037,94C3F5D8D07E076CB9B151EEE4C9496F04EF249C2A5051B43F3CCB3316674FE6,0,
CUMCM-2011-C-002,VALIDATION,34,TEXT_PAGE,1,0,938,8755B9FA40B77D96991549B9E81A00C9BE865F3B85FCF494C7DBAD04D003E702,0,
CUMCM-2011-C-002,VALIDATION,35,TEXT_PAGE,1,0,1206,DF534C66C0913CD8FE5BF08A2EADDCB2098236FEB7C740B37D9AB7159F318E25,0,
CUMCM-2011-C-002,VALIDATION,36,TEXT_PAGE,1,0,687,C9F81A8E9784205392C94AFA6C02613FAF8A99A950033F1AB3F16D1E69E83D19,0,
CUMCM-2011-C-002,VALIDATION,37,TEXT_PAGE,1,0,1171,EA0B6E1E2FF1C1077BB80C4EB6CA99E1727CE9F64B18B7A4053DC5F205746A5F,0,
CUMCM-2011-C-002,VALIDATION,38,TEXT_PAGE,1,0,759,13A15A98DD4615D17A06F77A2F8C439D5BA07A3ECD91A0B107C415D9FB9AC72A,0,
CUMCM-2011-C-002,VALIDATION,39,TEXT_PAGE,1,0,1144,35ED7E82A8CF6C62C16489063659D074C280EF8E98D81DC6DF05AFFB31E1C449,0,
CUMCM-2011-C-002,VALIDATION,40,TEXT_PAGE,1,0,1143,AB33E3D3C81FBC18D54A8305505CBD9ADE266CFEE7E0A4273E34731F0BA899CB,0,
CUMCM-2011-C-002,VALIDATION,41,TEXT_PAGE,1,0,770,672A3069FF0E29B8EFCB68EDC5D6566D04375EF7EDDAA2067361B2A67E810FC0,0,
CUMCM-2011-C-002,VALIDATION,42,TEXT_PAGE,1,0,141,D72A64D26221B2D62B001653DE1FE772CE18FE2CB642FE2692A07C8F36ABA8E3,0,
CUMCM-2013-D-001,PRIMARY,1,TEXT_PAGE,1,0,1153,B8707BB2E54E7EDA170A954183DFFE6F565EE848573C3D95EDE64FBD797C3474,0,
CUMCM-2013-D-001,PRIMARY,2,TEXT_PAGE,1,0,821,D730AD960B5E81233044A765FBEA55588B14F38B223BC2A3E292452E96CF9939,0,
CUMCM-2013-D-001,PRIMARY,3,TEXT_PAGE,1,0,1019,6799D1FF163BFF4721BDB388F4FD0B117C6A3B4949166046679D39A378DD4DBE,0,
CUMCM-2013-D-001,PRIMARY,4,TEXT_PAGE,1,0,899,1FECFF1BC46933191BA49E80C0BC42736EB6C26C7D16F00F469FF0EE3474137A,0,
CUMCM-2013-D-001,PRIMARY,5,TEXT_PAGE,1,0,1120,F98419B092EE98F402E75A9C658183E4854026CDE34E7FECB3DC117D3D4B7B08,0,
CUMCM-2013-D-001,PRIMARY,6,TEXT_PAGE,1,0,1426,0D45B5991AB31E6DFC8F0468F0D79F0A936F26216317F1679A1BEAF0C051AF82,0,
CUMCM-2013-D-001,PRIMARY,7,TEXT_PAGE,1,0,1063,E2DCC29442960D018D280CBAF94A858B500B952B04B97D111F0267BF417299E0,0,
CUMCM-2013-D-001,PRIMARY,8,TEXT_PAGE,1,0,550,9611C6106EAE0CBC4CC5565B4035BB5FC57453DD659EBA5246F1836205C446C8,0,
CUMCM-2013-D-001,PRIMARY,9,TEXT_PAGE,1,0,1142,6075153FF386A73324019C9459331DA3BF37569A0FDFD8EFC7F201A35E455CC3,0,
CUMCM-2013-D-001,PRIMARY,10,TEXT_PAGE,1,0,913,64CC2E4DD269A0FC0F6F9F6F5ABB84AE297341167F9520CBDD10CC2B5A9C1C5C,0,
CUMCM-2013-D-001,PRIMARY,11,TEXT_PAGE,1,0,305,74417A0F3FBA2ACD775572A9E4BD9A9740A78A7106514B8B194C9604E8237AFB,0,
CUMCM-2013-D-001,PRIMARY,12,TEXT_PAGE,1,0,784,1DA76759F96C2AB34B0ADE32DF7A33ABC5CFED696012FFA44315112C2B7DF16A,0,
CUMCM-2013-D-001,PRIMARY,13,TEXT_PAGE,1,0,581,D69285E8CA91A2CD9FA4E85420BAAC0C9638CEEE714A0E48675D2B2A5202FAD4,0,
CUMCM-2013-D-001,PRIMARY,14,TEXT_PAGE,1,0,579,1596BE3487BBBC050E61B43D60F17BBBE30466DF5F185E7BC26A39934CD3726C,0,
CUMCM-2013-D-001,PRIMARY,15,TEXT_PAGE,1,0,735,31A4BA2C2A3DA257C30BDCF9874671336BDF2F7CD4A2480089F0CE0207CEA781,0,
CUMCM-2013-D-001,PRIMARY,16,TEXT_PAGE,1,0,663,BFF2A75ED67276D63F96298589166070B31B7B3C83F5F01E780C13E8534B1B05,0,
CUMCM-2013-D-001,PRIMARY,17,TEXT_PAGE,1,0,1457,C90A470AAF1034B39CDF463B0AA42416B88EC1CC9174678B4EBEA65ED2976300,0,
CUMCM-2013-D-001,PRIMARY,18,TEXT_PAGE,1,0,313,1CE7A6C9C0A051732B0F1FF234FF837B41DB8F9AC7C5E744C4EF1E44AB6DFE3E,0,
CUMCM-2013-D-001,PRIMARY,19,TEXT_PAGE,1,0,403,D4D4AC2EBB39A6EB5FF265FCDBCEBA76946A8F28FDD62806931B06CCCCC8D6CC,0,
CUMCM-2013-D-001,PRIMARY,20,TEXT_PAGE,1,0,655,D17CC03A254F43AB27C6D6FAF93DE0C6C925B55C02E57B684F82B3B49875FDE3,0,
CUMCM-2013-D-001,PRIMARY,21,TEXT_PAGE,1,0,725,5506BA49C567F2215D3CC8A3F6DCA7D5E069D536786601332F5F2921A307A638,0,
CUMCM-2013-D-001,PRIMARY,22,TEXT_PAGE,1,0,854,0F54E1C53103A30415048FE36E629A493BDFCED5D759132B0AD5267101163050,0,
CUMCM-2013-D-001,PRIMARY,23,TEXT_PAGE,1,0,1084,E7F41EE36BB53E758B39964A1A0AE73E0848363FADE460AC3805BD12E43C736A,0,
CUMCM-2013-D-001,PRIMARY,24,TEXT_PAGE,1,0,1047,DB43CE1B95E193408C90930DB56330AF38E3F640F191DEB7F69D388562CF2539,0,
CUMCM-2013-D-001,PRIMARY,25,TEXT_PAGE,1,0,808,94968604CEB74019C0462A930B234D9F6F89E5B753FCCCE6D86E0EA3EF6A45C8,0,
CUMCM-2013-D-001,PRIMARY,26,TEXT_PAGE,1,0,1304,1AD98D7B8DFD1947151281710BEADAAFFB4B2587E2E81BB3595B23BE785DF720,0,
CUMCM-2013-D-001,PRIMARY,27,TEXT_PAGE,1,0,1958,63F12DAE2CE3C6873702A99737459BC149B2EA1B31D8B2499620204D505D8B01,0,
CUMCM-2013-D-001,PRIMARY,28,TEXT_PAGE,1,0,1861,18E73FEF75973B027CBDC4B1CD733C8B823FE2ABCA8A8256A6AFC83ADB183B5A,0,
CUMCM-2013-D-001,PRIMARY,29,TEXT_PAGE,1,0,1873,D7AA9D0F26557A29D82F4E582DE55119378BC96414DA5CBE14319BC1C397791E,0,
CUMCM-2013-D-001,PRIMARY,30,TEXT_PAGE,1,0,1814,A3FC095DA571898388CF92C852D135B97A80768EFF7151806C735CB5A7C780B7,0,
CUMCM-2013-D-001,PRIMARY,31,TEXT_PAGE,1,0,1895,40340D467B6B347FBE4B552B11292DFCC93262FDADC0FD238148AB09DA225AB3,0,
CUMCM-2013-D-001,PRIMARY,32,TEXT_PAGE,1,0,1853,09F2CD8F3342D79E9D7C121C978894751280F1CCA5C542A3F0F64DD69FE8ABDB,0,
CUMCM-2013-D-001,PRIMARY,33,TEXT_PAGE,1,0,1861,FC5048A0362FFA7C058FBC21644F6353EAA9CD849363C8DD8FE9175DF6F8A129,0,
CUMCM-2013-D-001,PRIMARY,34,TEXT_PAGE,1,0,1825,21FA17D4C25D385C1895AB76806312B0FECF42397E542677A54B477B18F36B71,0,
CUMCM-2013-D-001,PRIMARY,35,TEXT_PAGE,1,0,1857,BD9D44BFE0893AA2BC5E49148F2263BDF07C493C377167D5A850B7114FB2CAAE,0,
CUMCM-2013-D-001,PRIMARY,36,TEXT_PAGE,1,0,1926,2AB27CF2A03BC714E693791F73CA205CB92FC83E22641AF658DD1D6EFD740217,0,
CUMCM-2013-D-001,PRIMARY,37,TEXT_PAGE,1,0,1834,CF353550BA993822C55283648192F714BFADDDFA9A6C589F4A33B344B7C7A632,0,
CUMCM-2013-D-001,PRIMARY,38,TEXT_PAGE,1,0,1840,28103100FCE684FAF16DFD959195C13B34DCADCB00E610DEE0881884FA9B3563,0,
CUMCM-2013-D-001,PRIMARY,39,TEXT_PAGE,1,0,1849,C6EA7AD526B47BBC46B0C197A88537E3D56BFE88303C48A02EFED66FF6BC111B,0,
CUMCM-2013-D-001,PRIMARY,40,TEXT_PAGE,1,0,1902,76BA3F7DC4E959ADF3550E978DBF8422C51D6C6B958C18D57BC546AB5FF53B7A,0,
CUMCM-2013-D-001,PRIMARY,41,TEXT_PAGE,1,0,1806,36F7FE9C8C043CEAEE0ED9A27C10900FACED002C45FB8C7BF4EFB5EC620DFBDC,0,
CUMCM-2013-D-001,PRIMARY,42,TEXT_PAGE,1,0,1869,FCFF0C47BDA747DCF74767862A864D3E45A6A7B443B2986054E46B3999061363,0,
CUMCM-2013-D-001,PRIMARY,43,TEXT_PAGE,1,0,1230,F3D2A005A315BEF10425C796442317838E623379B6DFC7D2548B2D5A1761A32D,0,
CUMCM-2013-D-001,PRIMARY,44,TEXT_PAGE,1,0,1001,8E170BC702AC443978C29A7FC5BC86D5844937B3BE0F5DC1594C7B726F0680FF,0,
CUMCM-2013-D-001,PRIMARY,45,TEXT_PAGE,1,0,1046,90CB43612FB47E049B943DF7F0DE170EBFB88F953C70EDC52B651B2325774DF5,0,
CUMCM-2013-D-001,PRIMARY,46,TEXT_PAGE,1,0,1095,AA3B73B8654F01B50F7EEE83008863E781F39D59290746389425FEF789B6FCF8,0,
CUMCM-2013-D-001,PRIMARY,47,TEXT_PAGE,1,0,1082,39922A1176445181662DBF89FD71314A259DFB793C24D259EFC0D6E950454B2C,0,
CUMCM-2013-D-001,PRIMARY,48,TEXT_PAGE,1,0,1171,88026C0883EA7FF880C9B8BFB74144B97849FDFFD522ABD018BC170602CBE1F9,0,
CUMCM-2013-D-001,PRIMARY,49,TEXT_PAGE,1,0,1211,DC274C021A225E632AAFD377DBD77253A9F34502340344B561E595C4DF78BB1B,0,
CUMCM-2013-D-001,PRIMARY,50,TEXT_PAGE,1,0,1269,720814E3D148B92D5DA7FA0CEE3122069E566E9F9EF1024D5EF94C502BB40CF7,0,
CUMCM-2013-D-001,PRIMARY,51,TEXT_PAGE,1,0,1330,A8A4E379A2824C128082AD11F47A2F360083D41130B8E68528B58658346BB5F6,0,
CUMCM-2013-D-001,PRIMARY,52,TEXT_PAGE,1,0,1856,171629B41A6621AF030A643FFF09B3902B8D8FEE95B7FD26939BDDF1D48C52D8,0,
CUMCM-2013-D-001,PRIMARY,53,TEXT_PAGE,1,0,1883,5CDFED8A5D208E62C5809F4723BB2E4333B9D45E52DC2190E551E9C69FEAF817,0,
CUMCM-2013-D-001,PRIMARY,54,TEXT_PAGE,1,0,1954,54411CBD4058D2F0E663C674E24B6F2F916E4DC8D5F6524D3AFAD23211B649E9,0,
CUMCM-2013-D-001,PRIMARY,55,TEXT_PAGE,1,0,1823,065C39C0C4D21AB9F04000CE5D15BBF9D7A7A469E6E4CED90196C09EDFEE4495,0,
CUMCM-2013-D-001,PRIMARY,56,TEXT_PAGE,1,0,1449,2E3833DC91C19BC6A25D4E622C2C6365EBDA2654C19D4137179B28910B47495A,0,
CUMCM-2013-D-001,PRIMARY,57,TEXT_PAGE,1,0,1339,33F2BD89742572247FFF6B10009C7BC989FAAF3FBE923971E7CA84C830358A70,0,
CUMCM-2013-D-001,PRIMARY,58,TEXT_PAGE,1,0,1299,30F68673A3A9E1C8F407C0DE2D96FA60570BB11D885EECC62090BF6615D2BFD2,0,
CUMCM-2013-D-001,PRIMARY,59,TEXT_PAGE,1,0,1365,153988F121A27B614AEC83627440BE9B8A5A28D174A84B40ACD03CBC8A7A5595,0,
CUMCM-2013-D-001,PRIMARY,60,TEXT_PAGE,1,0,341,E9BDE9FD0799EDAD7BA2427863D4B9519F63384CB98CF091BB0DA540C051B9E1,0,
CUMCM-2013-D-001,PRIMARY,61,TEXT_PAGE,1,0,1198,70A4CC47BD1CE80264428CAACF8BD73AA8867D354D9BBE15F1F55D9154EC5358,0,
CUMCM-2013-D-001,PRIMARY,62,TEXT_PAGE,1,0,1049,241D9953857518B841074A878DCA72B2E6D178AFD81AEBE5A9D2368D0B1D3D20,0,
CUMCM-2013-D-001,PRIMARY,63,TEXT_PAGE,1,0,1428,44BBBF0DD60B8DB406F1DE64C5EBA1E93E93E913F470749D15CD83E6BA80BFA2,0,
CUMCM-2013-D-001,PRIMARY,64,TEXT_PAGE,1,0,1374,4DD2D97B887D04C399FF4D515CB9576884B1684F24DB8EAC195BA4DB4DBAE518,0,
CUMCM-2013-D-001,PRIMARY,65,TEXT_PAGE,1,0,1341,3D6769401568EFEE515E8579A186C92D58AC04916DC959D3C770865326BFF5AD,0,
CUMCM-2013-D-001,PRIMARY,66,TEXT_PAGE,1,0,721,16D3383E5B1EEDC0054E4796C47B8086DCA56DD9E870BAF5AC6D60245A67525E,0,
CUMCM-2013-D-001,PRIMARY,67,TEXT_PAGE,1,0,962,601FDC139F22F9C21E6E8AF55EF95ECB159C863B2334C561BDCC889828D0A535,0,
CUMCM-2013-D-001,PRIMARY,68,TEXT_PAGE,1,0,370,64BC9F7A32260A43EA759FE459A4C6FDEDC0AEC81EF7C1E40B575FFBC66F190F,0,
CUMCM-2013-D-001,PRIMARY,69,TEXT_PAGE,1,0,377,91A4E558D0468ABD7B6FC92B1CA35C97832809B00BAA78494DD4961F5C41FA76,0,
CUMCM-2013-D-001,PRIMARY,70,TEXT_PAGE,1,0,380,6638151AD35E2CC7510E85647A58A79DDD3236742733FECACCDD8AB7D5A6D2A7,0,
CUMCM-2013-D-001,PRIMARY,71,TEXT_PAGE,1,0,413,63135CF3B710DF89A802590D3FCC1A7DB2229064F0B6FFAC6889139F5A33D53A,0,
CUMCM-2013-D-001,PRIMARY,72,TEXT_PAGE,1,0,1203,3FE06DDB0E81B6AA7E3138CC55EDEF0ABADA29C94AAFB6A9A06E6224865C7E74,0,
CUMCM-2013-D-001,PRIMARY,73,TEXT_PAGE,1,0,1648,A60E3DAED37D6E0CF8973B6D2EC1F1D1548EE0EEE186C7DA5DA9EE1760ED8D48,0,
CUMCM-2013-D-001,PRIMARY,74,TEXT_PAGE,1,0,1263,3BB889307BD485A6934B3C686D59DF0D7AB77C37B59111BF2AFA1C7378961CD9,0,
CUMCM-2013-D-001,PRIMARY,75,TEXT_PAGE,1,0,1147,C4B1E7C403A284F01B7023CF89F7FA9164CE29ABC9C3BEBA3A214A468EAE60A9,0,
CUMCM-2013-D-001,PRIMARY,76,TEXT_PAGE,1,0,982,FC5E4BD13406B6C513F167A6181D5AF3DB1EB6AE17B969FEF0188704DD4C1B4F,0,
CUMCM-2013-D-001,PRIMARY,77,TEXT_PAGE,1,0,681,58979FB4265792F47136600E7705060A399F1B495981A43814AC4BA2FF831D47,0,
CUMCM-2013-D-001,PRIMARY,78,TEXT_PAGE,1,0,1022,0F9FB9FF7F99A3B220B1AC7BB529AFBF98ECBC29E5E7F20F62A87C2ABBE321BE,0,
CUMCM-2013-D-001,PRIMARY,79,TEXT_PAGE,1,0,1377,BDF18AEDE29F4BEDC394E89E0E44C6DF0EC22802A3FA2153A00D55B9E662492A,0,
CUMCM-2013-D-001,PRIMARY,80,TEXT_PAGE,1,0,985,4AE45E8F77F223A0F2375DE6DB84685DACF768DDAE39B75FBA6D4B094ACB36BD,0,
CUMCM-2013-D-001,PRIMARY,81,TEXT_PAGE,1,0,779,71A867704DAFCA17ADC7803C09AF942CF9DFA8A20DB89A1A4EBDAD8522A570EA,0,
CUMCM-2013-D-001,VALIDATION,1,TEXT_PAGE,1,0,1153,B8707BB2E54E7EDA170A954183DFFE6F565EE848573C3D95EDE64FBD797C3474,0,
CUMCM-2013-D-001,VALIDATION,2,TEXT_PAGE,1,0,821,D730AD960B5E81233044A765FBEA55588B14F38B223BC2A3E292452E96CF9939,0,
CUMCM-2013-D-001,VALIDATION,3,TEXT_PAGE,1,0,1019,6799D1FF163BFF4721BDB388F4FD0B117C6A3B4949166046679D39A378DD4DBE,0,
CUMCM-2013-D-001,VALIDATION,4,TEXT_PAGE,1,0,899,1FECFF1BC46933191BA49E80C0BC42736EB6C26C7D16F00F469FF0EE3474137A,0,
CUMCM-2013-D-001,VALIDATION,5,TEXT_PAGE,1,0,1120,F98419B092EE98F402E75A9C658183E4854026CDE34E7FECB3DC117D3D4B7B08,0,
CUMCM-2013-D-001,VALIDATION,6,TEXT_PAGE,1,0,1426,0D45B5991AB31E6DFC8F0468F0D79F0A936F26216317F1679A1BEAF0C051AF82,0,
CUMCM-2013-D-001,VALIDATION,7,TEXT_PAGE,1,0,1063,E2DCC29442960D018D280CBAF94A858B500B952B04B97D111F0267BF417299E0,0,
CUMCM-2013-D-001,VALIDATION,8,TEXT_PAGE,1,0,550,9611C6106EAE0CBC4CC5565B4035BB5FC57453DD659EBA5246F1836205C446C8,0,
CUMCM-2013-D-001,VALIDATION,9,TEXT_PAGE,1,0,1142,6075153FF386A73324019C9459331DA3BF37569A0FDFD8EFC7F201A35E455CC3,0,
CUMCM-2013-D-001,VALIDATION,10,TEXT_PAGE,1,0,913,64CC2E4DD269A0FC0F6F9F6F5ABB84AE297341167F9520CBDD10CC2B5A9C1C5C,0,
CUMCM-2013-D-001,VALIDATION,11,TEXT_PAGE,1,0,305,74417A0F3FBA2ACD775572A9E4BD9A9740A78A7106514B8B194C9604E8237AFB,0,
CUMCM-2013-D-001,VALIDATION,12,TEXT_PAGE,1,0,784,1DA76759F96C2AB34B0ADE32DF7A33ABC5CFED696012FFA44315112C2B7DF16A,0,
CUMCM-2013-D-001,VALIDATION,13,TEXT_PAGE,1,0,581,D69285E8CA91A2CD9FA4E85420BAAC0C9638CEEE714A0E48675D2B2A5202FAD4,0,
CUMCM-2013-D-001,VALIDATION,14,TEXT_PAGE,1,0,579,1596BE3487BBBC050E61B43D60F17BBBE30466DF5F185E7BC26A39934CD3726C,0,
CUMCM-2013-D-001,VALIDATION,15,TEXT_PAGE,1,0,735,31A4BA2C2A3DA257C30BDCF9874671336BDF2F7CD4A2480089F0CE0207CEA781,0,
CUMCM-2013-D-001,VALIDATION,16,TEXT_PAGE,1,0,663,BFF2A75ED67276D63F96298589166070B31B7B3C83F5F01E780C13E8534B1B05,0,
CUMCM-2013-D-001,VALIDATION,17,TEXT_PAGE,1,0,1457,C90A470AAF1034B39CDF463B0AA42416B88EC1CC9174678B4EBEA65ED2976300,0,
CUMCM-2013-D-001,VALIDATION,18,TEXT_PAGE,1,0,313,1CE7A6C9C0A051732B0F1FF234FF837B41DB8F9AC7C5E744C4EF1E44AB6DFE3E,0,
CUMCM-2013-D-001,VALIDATION,19,TEXT_PAGE,1,0,403,D4D4AC2EBB39A6EB5FF265FCDBCEBA76946A8F28FDD62806931B06CCCCC8D6CC,0,
CUMCM-2013-D-001,VALIDATION,20,TEXT_PAGE,1,0,655,D17CC03A254F43AB27C6D6FAF93DE0C6C925B55C02E57B684F82B3B49875FDE3,0,
CUMCM-2013-D-001,VALIDATION,21,TEXT_PAGE,1,0,725,5506BA49C567F2215D3CC8A3F6DCA7D5E069D536786601332F5F2921A307A638,0,
CUMCM-2013-D-001,VALIDATION,22,TEXT_PAGE,1,0,854,0F54E1C53103A30415048FE36E629A493BDFCED5D759132B0AD5267101163050,0,
CUMCM-2013-D-001,VALIDATION,23,TEXT_PAGE,1,0,1084,E7F41EE36BB53E758B39964A1A0AE73E0848363FADE460AC3805BD12E43C736A,0,
CUMCM-2013-D-001,VALIDATION,24,TEXT_PAGE,1,0,1047,DB43CE1B95E193408C90930DB56330AF38E3F640F191DEB7F69D388562CF2539,0,
CUMCM-2013-D-001,VALIDATION,25,TEXT_PAGE,1,0,808,94968604CEB74019C0462A930B234D9F6F89E5B753FCCCE6D86E0EA3EF6A45C8,0,
CUMCM-2013-D-001,VALIDATION,26,TEXT_PAGE,1,0,1304,1AD98D7B8DFD1947151281710BEADAAFFB4B2587E2E81BB3595B23BE785DF720,0,
CUMCM-2013-D-001,VALIDATION,27,TEXT_PAGE,1,0,1958,63F12DAE2CE3C6873702A99737459BC149B2EA1B31D8B2499620204D505D8B01,0,
CUMCM-2013-D-001,VALIDATION,28,TEXT_PAGE,1,0,1861,18E73FEF75973B027CBDC4B1CD733C8B823FE2ABCA8A8256A6AFC83ADB183B5A,0,
CUMCM-2013-D-001,VALIDATION,29,TEXT_PAGE,1,0,1873,D7AA9D0F26557A29D82F4E582DE55119378BC96414DA5CBE14319BC1C397791E,0,
CUMCM-2013-D-001,VALIDATION,30,TEXT_PAGE,1,0,1814,A3FC095DA571898388CF92C852D135B97A80768EFF7151806C735CB5A7C780B7,0,
CUMCM-2013-D-001,VALIDATION,31,TEXT_PAGE,1,0,1895,40340D467B6B347FBE4B552B11292DFCC93262FDADC0FD238148AB09DA225AB3,0,
CUMCM-2013-D-001,VALIDATION,32,TEXT_PAGE,1,0,1853,09F2CD8F3342D79E9D7C121C978894751280F1CCA5C542A3F0F64DD69FE8ABDB,0,
CUMCM-2013-D-001,VALIDATION,33,TEXT_PAGE,1,0,1861,FC5048A0362FFA7C058FBC21644F6353EAA9CD849363C8DD8FE9175DF6F8A129,0,
CUMCM-2013-D-001,VALIDATION,34,TEXT_PAGE,1,0,1825,21FA17D4C25D385C1895AB76806312B0FECF42397E542677A54B477B18F36B71,0,
CUMCM-2013-D-001,VALIDATION,35,TEXT_PAGE,1,0,1857,BD9D44BFE0893AA2BC5E49148F2263BDF07C493C377167D5A850B7114FB2CAAE,0,
CUMCM-2013-D-001,VALIDATION,36,TEXT_PAGE,1,0,1926,2AB27CF2A03BC714E693791F73CA205CB92FC83E22641AF658DD1D6EFD740217,0,
CUMCM-2013-D-001,VALIDATION,37,TEXT_PAGE,1,0,1834,CF353550BA993822C55283648192F714BFADDDFA9A6C589F4A33B344B7C7A632,0,
CUMCM-2013-D-001,VALIDATION,38,TEXT_PAGE,1,0,1840,28103100FCE684FAF16DFD959195C13B34DCADCB00E610DEE0881884FA9B3563,0,
CUMCM-2013-D-001,VALIDATION,39,TEXT_PAGE,1,0,1849,C6EA7AD526B47BBC46B0C197A88537E3D56BFE88303C48A02EFED66FF6BC111B,0,
CUMCM-2013-D-001,VALIDATION,40,TEXT_PAGE,1,0,1902,76BA3F7DC4E959ADF3550E978DBF8422C51D6C6B958C18D57BC546AB5FF53B7A,0,
CUMCM-2013-D-001,VALIDATION,41,TEXT_PAGE,1,0,1806,36F7FE9C8C043CEAEE0ED9A27C10900FACED002C45FB8C7BF4EFB5EC620DFBDC,0,
CUMCM-2013-D-001,VALIDATION,42,TEXT_PAGE,1,0,1869,FCFF0C47BDA747DCF74767862A864D3E45A6A7B443B2986054E46B3999061363,0,
CUMCM-2013-D-001,VALIDATION,43,TEXT_PAGE,1,0,1230,F3D2A005A315BEF10425C796442317838E623379B6DFC7D2548B2D5A1761A32D,0,
CUMCM-2013-D-001,VALIDATION,44,TEXT_PAGE,1,0,1001,8E170BC702AC443978C29A7FC5BC86D5844937B3BE0F5DC1594C7B726F0680FF,0,
CUMCM-2013-D-001,VALIDATION,45,TEXT_PAGE,1,0,1046,90CB43612FB47E049B943DF7F0DE170EBFB88F953C70EDC52B651B2325774DF5,0,
CUMCM-2013-D-001,VALIDATION,46,TEXT_PAGE,1,0,1095,AA3B73B8654F01B50F7EEE83008863E781F39D59290746389425FEF789B6FCF8,0,
CUMCM-2013-D-001,VALIDATION,47,TEXT_PAGE,1,0,1082,39922A1176445181662DBF89FD71314A259DFB793C24D259EFC0D6E950454B2C,0,
CUMCM-2013-D-001,VALIDATION,48,TEXT_PAGE,1,0,1171,88026C0883EA7FF880C9B8BFB74144B97849FDFFD522ABD018BC170602CBE1F9,0,
CUMCM-2013-D-001,VALIDATION,49,TEXT_PAGE,1,0,1211,DC274C021A225E632AAFD377DBD77253A9F34502340344B561E595C4DF78BB1B,0,
CUMCM-2013-D-001,VALIDATION,50,TEXT_PAGE,1,0,1269,720814E3D148B92D5DA7FA0CEE3122069E566E9F9EF1024D5EF94C502BB40CF7,0,
CUMCM-2013-D-001,VALIDATION,51,TEXT_PAGE,1,0,1330,A8A4E379A2824C128082AD11F47A2F360083D41130B8E68528B58658346BB5F6,0,
CUMCM-2013-D-001,VALIDATION,52,TEXT_PAGE,1,0,1856,171629B41A6621AF030A643FFF09B3902B8D8FEE95B7FD26939BDDF1D48C52D8,0,
CUMCM-2013-D-001,VALIDATION,53,TEXT_PAGE,1,0,1883,5CDFED8A5D208E62C5809F4723BB2E4333B9D45E52DC2190E551E9C69FEAF817,0,
CUMCM-2013-D-001,VALIDATION,54,TEXT_PAGE,1,0,1954,54411CBD4058D2F0E663C674E24B6F2F916E4DC8D5F6524D3AFAD23211B649E9,0,
CUMCM-2013-D-001,VALIDATION,55,TEXT_PAGE,1,0,1823,065C39C0C4D21AB9F04000CE5D15BBF9D7A7A469E6E4CED90196C09EDFEE4495,0,
CUMCM-2013-D-001,VALIDATION,56,TEXT_PAGE,1,0,1449,2E3833DC91C19BC6A25D4E622C2C6365EBDA2654C19D4137179B28910B47495A,0,
CUMCM-2013-D-001,VALIDATION,57,TEXT_PAGE,1,0,1339,33F2BD89742572247FFF6B10009C7BC989FAAF3FBE923971E7CA84C830358A70,0,
CUMCM-2013-D-001,VALIDATION,58,TEXT_PAGE,1,0,1299,30F68673A3A9E1C8F407C0DE2D96FA60570BB11D885EECC62090BF6615D2BFD2,0,
CUMCM-2013-D-001,VALIDATION,59,TEXT_PAGE,1,0,1365,153988F121A27B614AEC83627440BE9B8A5A28D174A84B40ACD03CBC8A7A5595,0,
CUMCM-2013-D-001,VALIDATION,60,TEXT_PAGE,1,0,341,E9BDE9FD0799EDAD7BA2427863D4B9519F63384CB98CF091BB0DA540C051B9E1,0,
CUMCM-2013-D-001,VALIDATION,61,TEXT_PAGE,1,0,1198,70A4CC47BD1CE80264428CAACF8BD73AA8867D354D9BBE15F1F55D9154EC5358,0,
CUMCM-2013-D-001,VALIDATION,62,TEXT_PAGE,1,0,1049,241D9953857518B841074A878DCA72B2E6D178AFD81AEBE5A9D2368D0B1D3D20,0,
CUMCM-2013-D-001,VALIDATION,63,TEXT_PAGE,1,0,1428,44BBBF0DD60B8DB406F1DE64C5EBA1E93E93E913F470749D15CD83E6BA80BFA2,0,
CUMCM-2013-D-001,VALIDATION,64,TEXT_PAGE,1,0,1374,4DD2D97B887D04C399FF4D515CB9576884B1684F24DB8EAC195BA4DB4DBAE518,0,
CUMCM-2013-D-001,VALIDATION,65,TEXT_PAGE,1,0,1341,3D6769401568EFEE515E8579A186C92D58AC04916DC959D3C770865326BFF5AD,0,
CUMCM-2013-D-001,VALIDATION,66,TEXT_PAGE,1,0,721,16D3383E5B1EEDC0054E4796C47B8086DCA56DD9E870BAF5AC6D60245A67525E,0,
CUMCM-2013-D-001,VALIDATION,67,TEXT_PAGE,1,0,962,601FDC139F22F9C21E6E8AF55EF95ECB159C863B2334C561BDCC889828D0A535,0,
CUMCM-2013-D-001,VALIDATION,68,TEXT_PAGE,1,0,370,64BC9F7A32260A43EA759FE459A4C6FDEDC0AEC81EF7C1E40B575FFBC66F190F,0,
CUMCM-2013-D-001,VALIDATION,69,TEXT_PAGE,1,0,377,91A4E558D0468ABD7B6FC92B1CA35C97832809B00BAA78494DD4961F5C41FA76,0,
CUMCM-2013-D-001,VALIDATION,70,TEXT_PAGE,1,0,380,6638151AD35E2CC7510E85647A58A79DDD3236742733FECACCDD8AB7D5A6D2A7,0,
CUMCM-2013-D-001,VALIDATION,71,TEXT_PAGE,1,0,413,63135CF3B710DF89A802590D3FCC1A7DB2229064F0B6FFAC6889139F5A33D53A,0,
CUMCM-2013-D-001,VALIDATION,72,TEXT_PAGE,1,0,1203,3FE06DDB0E81B6AA7E3138CC55EDEF0ABADA29C94AAFB6A9A06E6224865C7E74,0,
CUMCM-2013-D-001,VALIDATION,73,TEXT_PAGE,1,0,1648,A60E3DAED37D6E0CF8973B6D2EC1F1D1548EE0EEE186C7DA5DA9EE1760ED8D48,0,
CUMCM-2013-D-001,VALIDATION,74,TEXT_PAGE,1,0,1263,3BB889307BD485A6934B3C686D59DF0D7AB77C37B59111BF2AFA1C7378961CD9,0,
CUMCM-2013-D-001,VALIDATION,75,TEXT_PAGE,1,0,1147,C4B1E7C403A284F01B7023CF89F7FA9164CE29ABC9C3BEBA3A214A468EAE60A9,0,
CUMCM-2013-D-001,VALIDATION,76,TEXT_PAGE,1,0,982,FC5E4BD13406B6C513F167A6181D5AF3DB1EB6AE17B969FEF0188704DD4C1B4F,0,
CUMCM-2013-D-001,VALIDATION,77,TEXT_PAGE,1,0,681,58979FB4265792F47136600E7705060A399F1B495981A43814AC4BA2FF831D47,0,
CUMCM-2013-D-001,VALIDATION,78,TEXT_PAGE,1,0,1022,0F9FB9FF7F99A3B220B1AC7BB529AFBF98ECBC29E5E7F20F62A87C2ABBE321BE,0,
CUMCM-2013-D-001,VALIDATION,79,TEXT_PAGE,1,0,1377,BDF18AEDE29F4BEDC394E89E0E44C6DF0EC22802A3FA2153A00D55B9E662492A,0,
CUMCM-2013-D-001,VALIDATION,80,TEXT_PAGE,1,0,985,4AE45E8F77F223A0F2375DE6DB84685DACF768DDAE39B75FBA6D4B094ACB36BD,0,
CUMCM-2013-D-001,VALIDATION,81,TEXT_PAGE,1,0,779,71A867704DAFCA17ADC7803C09AF942CF9DFA8A20DB89A1A4EBDAD8522A570EA,0,
