paper_id,artifact_type,artifact_path,artifact_size,artifact_sha256,source_sha256,effective_pdf_sha256,authoritative_text_sha256,generation_status,subject_type,artifact_eligible,quality,source_map_version,extraction_contract_version,status
CUMCM-2011-A-003,paper.md,derived/scale/papers/CUMCM-2011-A-003/paper.md,34976,7FA3DD2069027D9CE35A274AB43E3584110CD8968FD28732BC9D39B9361D66E5,FDA40E0C371BD0C91806B4CB581162EC0F1C3B51A7CAEF492EDD71D6E602E038,1C5836385FC251303FB4E5B01B6D22093D74CC9C4EC2AD360B09987616C15291,3F1F2F920262CB8C90BCB7694CB904B840CEE23882E96CC2A0A5DA9786B27D24,REUSED_COMPLETE,PAPER,1,Q0,g8_doc_effective_pdf_closure_manifest.csv,g8-doc-authoritative-extraction-text-v1,PASS
CUMCM-2011-A-003,metadata.yaml,derived/scale/papers/CUMCM-2011-A-003/metadata.yaml,839,2FEAC9F19C452E75D7483DCACE1AECA179572F8351BC71F6D60F60806C80E886,FDA40E0C371BD0C91806B4CB581162EC0F1C3B51A7CAEF492EDD71D6E602E038,1C5836385FC251303FB4E5B01B6D22093D74CC9C4EC2AD360B09987616C15291,3F1F2F920262CB8C90BCB7694CB904B840CEE23882E96CC2A0A5DA9786B27D24,REUSED_COMPLETE,PAPER,1,Q0,g8_doc_effective_pdf_closure_manifest.csv,g8-doc-authoritative-extraction-text-v1,PASS
CUMCM-2011-A-003,knowledge_card.md,derived/scale/papers/CUMCM-2011-A-003/knowledge_card.md,1655,88B32840EC85F54A26E226B82353D35DCF29B9B080A39C5413B8F051C3BA2FFF,FDA40E0C371BD0C91806B4CB581162EC0F1C3B51A7CAEF492EDD71D6E602E038,1C5836385FC251303FB4E5B01B6D22093D74CC9C4EC2AD360B09987616C15291,3F1F2F920262CB8C90BCB7694CB904B840CEE23882E96CC2A0A5DA9786B27D24,REUSED_COMPLETE,PAPER,1,Q0,g8_doc_effective_pdf_closure_manifest.csv,g8-doc-authoritative-extraction-text-v1,PASS
CUMCM-2011-C-002,paper.md,derived/scale/papers/CUMCM-2011-C-002/paper.md,58974,1CBA98492629C9970F4EC9DE5E7040E80BDFBE6FA0728369B0D4BE53E7C29CB7,21E5912D27E48F0BBEB0E1044BF30F185FBAB2133945529F106449296C10653F,064CD08E45796A9ADB27BAD2DFB5CFB457DCE57FD8ACFEAF5B1C3E3B1C51F7CB,66A64C06EAEC9231443D8B4E596A02266206757B46AE0A094FD9A093482AFAA8,REUSED_COMPLETE,PAPER,1,Q0,g8_doc_effective_pdf_closure_manifest.csv,g8-doc-authoritative-extraction-text-v1,PASS
CUMCM-2011-C-002,metadata.yaml,derived/scale/papers/CUMCM-2011-C-002/metadata.yaml,860,7A3C2B29D27F520D8FE4EFED8816562099B19D2F429DDF56B59C2B636EA4488A,21E5912D27E48F0BBEB0E1044BF30F185FBAB2133945529F106449296C10653F,064CD08E45796A9ADB27BAD2DFB5CFB457DCE57FD8ACFEAF5B1C3E3B1C51F7CB,66A64C06EAEC9231443D8B4E596A02266206757B46AE0A094FD9A093482AFAA8,REUSED_COMPLETE,PAPER,1,Q0,g8_doc_effective_pdf_closure_manifest.csv,g8-doc-authoritative-extraction-text-v1,PASS
CUMCM-2011-C-002,knowledge_card.md,derived/scale/papers/CUMCM-2011-C-002/knowledge_card.md,1537,B8E2577E575EB28A47348EF9965A3E8322819F03C81A073A770A0E4509B34A7A,21E5912D27E48F0BBEB0E1044BF30F185FBAB2133945529F106449296C10653F,064CD08E45796A9ADB27BAD2DFB5CFB457DCE57FD8ACFEAF5B1C3E3B1C51F7CB,66A64C06EAEC9231443D8B4E596A02266206757B46AE0A094FD9A093482AFAA8,REUSED_COMPLETE,PAPER,1,Q0,g8_doc_effective_pdf_closure_manifest.csv,g8-doc-authoritative-extraction-text-v1,PASS
CUMCM-2011-C-003,paper.md,derived/scale/papers/CUMCM-2011-C-003/paper.md,38792,BD102D94778DB5DCD22A6B8D19671E66C5DC283D65268F27233E24D11EBA9F65,CB99F5DD56122680A0797E642C8ED3463B12B388DBDA96E2F42A9345EE623696,43E6F2FFCF11E26323BAD64452D8923C0A1898EEACDEAC867B9A113B397FA83B,184B4EBE112616D1EB50BE5468519888C1DC6BF76C4CC6CB30F31F8029ECA76C,REUSED_COMPLETE,PAPER,1,Q0,g8_doc_effective_pdf_closure_manifest.csv,g8-doc-authoritative-extraction-text-v1,PASS
CUMCM-2011-C-003,metadata.yaml,derived/scale/papers/CUMCM-2011-C-003/metadata.yaml,839,4F15E34B003BB0D8210BAC4D578D25BBBC07B35042EEA0465ABD646EB693ED35,CB99F5DD56122680A0797E642C8ED3463B12B388DBDA96E2F42A9345EE623696,43E6F2FFCF11E26323BAD64452D8923C0A1898EEACDEAC867B9A113B397FA83B,184B4EBE112616D1EB50BE5468519888C1DC6BF76C4CC6CB30F31F8029ECA76C,REUSED_COMPLETE,PAPER,1,Q0,g8_doc_effective_pdf_closure_manifest.csv,g8-doc-authoritative-extraction-text-v1,PASS
CUMCM-2011-C-003,knowledge_card.md,derived/scale/papers/CUMCM-2011-C-003/knowledge_card.md,1559,7DD04E1D80934697D0F50ADD06F20C896C2337DAF792AE18C2005DC6AAB20CD9,CB99F5DD56122680A0797E642C8ED3463B12B388DBDA96E2F42A9345EE623696,43E6F2FFCF11E26323BAD64452D8923C0A1898EEACDEAC867B9A113B397FA83B,184B4EBE112616D1EB50BE5468519888C1DC6BF76C4CC6CB30F31F8029ECA76C,REUSED_COMPLETE,PAPER,1,Q0,g8_doc_effective_pdf_closure_manifest.csv,g8-doc-authoritative-extraction-text-v1,PASS
CUMCM-2011-D-001,paper.md,derived/scale/papers/CUMCM-2011-D-001/paper.md,35371,BBD0CC604806F2DAE57E883C365CBB1F8C588D6FC150F5FC7206CC6270893F31,A54963631C73100E2A26B41E91070384F60C7AE57B13789F2212145149EE6D2D,BB9DE03E3E434AF41B4DC6AF850D179D29B35FB78FDAE5BBA93A302EE0A9C1E6,02A8F950035ADC599573E0386D60B7E307944926F780C5A66A3CF66892CA4878,REUSED_COMPLETE,PAPER,1,Q0,g8_doc_effective_pdf_closure_manifest.csv,g8-doc-authoritative-extraction-text-v1,PASS
CUMCM-2011-D-001,metadata.yaml,derived/scale/papers/CUMCM-2011-D-001/metadata.yaml,851,1F8D6965D191090B998EA4DF0E8FE792B6E4D30FF6512AA3D1A8660BDA85B372,A54963631C73100E2A26B41E91070384F60C7AE57B13789F2212145149EE6D2D,BB9DE03E3E434AF41B4DC6AF850D179D29B35FB78FDAE5BBA93A302EE0A9C1E6,02A8F950035ADC599573E0386D60B7E307944926F780C5A66A3CF66892CA4878,REUSED_COMPLETE,PAPER,1,Q0,g8_doc_effective_pdf_closure_manifest.csv,g8-doc-authoritative-extraction-text-v1,PASS
CUMCM-2011-D-001,knowledge_card.md,derived/scale/papers/CUMCM-2011-D-001/knowledge_card.md,1631,779D5695FF981819C38DDD55FA31C12FBCC5820013D88DC917D9FD01C4CD29F7,A54963631C73100E2A26B41E91070384F60C7AE57B13789F2212145149EE6D2D,BB9DE03E3E434AF41B4DC6AF850D179D29B35FB78FDAE5BBA93A302EE0A9C1E6,02A8F950035ADC599573E0386D60B7E307944926F780C5A66A3CF66892CA4878,REUSED_COMPLETE,PAPER,1,Q0,g8_doc_effective_pdf_closure_manifest.csv,g8-doc-authoritative-extraction-text-v1,PASS
CUMCM-2011-D-007,paper.md,derived/scale/papers/CUMCM-2011-D-007/paper.md,29155,F6B2D224EC6193636DC79BF9A4491F4206C9BFD26E0935BAA7851B1E9E279804,97C1EA0783BF190F8B166E049F84352DD12A702E5F0B0B1E9720DEB4ED5DB5A5,3A5513BF9594D27236C3F5B5C250C146382D3656B464D995AD071766017470D0,6DE9CEA1E7F668A9CF66C7229EEDB64FB94A04F55B4B547BECBB402C1CAEAC33,REUSED_COMPLETE,PAPER,1,Q0,g8_doc_effective_pdf_closure_manifest.csv,g8-doc-authoritative-extraction-text-v1,PASS
CUMCM-2011-D-007,metadata.yaml,derived/scale/papers/CUMCM-2011-D-007/metadata.yaml,821,50AE121235E6F84E5864EEFF4FD0141B49127784E6049A8A031CA0A7FE8A4905,97C1EA0783BF190F8B166E049F84352DD12A702E5F0B0B1E9720DEB4ED5DB5A5,3A5513BF9594D27236C3F5B5C250C146382D3656B464D995AD071766017470D0,6DE9CEA1E7F668A9CF66C7229EEDB64FB94A04F55B4B547BECBB402C1CAEAC33,REUSED_COMPLETE,PAPER,1,Q0,g8_doc_effective_pdf_closure_manifest.csv,g8-doc-authoritative-extraction-text-v1,PASS
CUMCM-2011-D-007,knowledge_card.md,derived/scale/papers/CUMCM-2011-D-007/knowledge_card.md,1553,78408C45A2763AB118E2E09D8D096AEF798D7BBE07FCE5B0E270715B71C820B9,97C1EA0783BF190F8B166E049F84352DD12A702E5F0B0B1E9720DEB4ED5DB5A5,3A5513BF9594D27236C3F5B5C250C146382D3656B464D995AD071766017470D0,6DE9CEA1E7F668A9CF66C7229EEDB64FB94A04F55B4B547BECBB402C1CAEAC33,REUSED_COMPLETE,PAPER,1,Q0,g8_doc_effective_pdf_closure_manifest.csv,g8-doc-authoritative-extraction-text-v1,PASS
CUMCM-2011-D-013,paper.md,derived/scale/papers/CUMCM-2011-D-013/paper.md,45397,3C362DA0E2D5BA131924B7467DC8D55F36A6BE2970B97A1C28F00C0693E9E01C,2D19468524DDDBEF409012F393460A92B0A9F24CFC01906F63720C13731BE66A,E0D00DE3E92B4ED095EDABBB3CF10E359C825D4C37932ACC77A353A379838CF1,2244AAC0E5BFF3D75D1DC47E95054766C4DB5ADDE0E5F5E15987BD10488B2B8D,REUSED_COMPLETE,PAPER,1,Q0,g8_doc_effective_pdf_closure_manifest.csv,g8-doc-authoritative-extraction-text-v1,PASS
CUMCM-2011-D-013,metadata.yaml,derived/scale/papers/CUMCM-2011-D-013/metadata.yaml,821,00566DE8F3F102775CDBC205FBC2A1787F174FED9430AB95B0706A5511797A46,2D19468524DDDBEF409012F393460A92B0A9F24CFC01906F63720C13731BE66A,E0D00DE3E92B4ED095EDABBB3CF10E359C825D4C37932ACC77A353A379838CF1,2244AAC0E5BFF3D75D1DC47E95054766C4DB5ADDE0E5F5E15987BD10488B2B8D,REUSED_COMPLETE,PAPER,1,Q0,g8_doc_effective_pdf_closure_manifest.csv,g8-doc-authoritative-extraction-text-v1,PASS
CUMCM-2011-D-013,knowledge_card.md,derived/scale/papers/CUMCM-2011-D-013/knowledge_card.md,1555,EBEDE25221250B8FA41EDD238478E79BBB480CF157F4DC241A48251AED35A0BA,2D19468524DDDBEF409012F393460A92B0A9F24CFC01906F63720C13731BE66A,E0D00DE3E92B4ED095EDABBB3CF10E359C825D4C37932ACC77A353A379838CF1,2244AAC0E5BFF3D75D1DC47E95054766C4DB5ADDE0E5F5E15987BD10488B2B8D,REUSED_COMPLETE,PAPER,1,Q0,g8_doc_effective_pdf_closure_manifest.csv,g8-doc-authoritative-extraction-text-v1,PASS
CUMCM-2012-A-003,paper.md,derived/scale/papers/CUMCM-2012-A-003/paper.md,55220,CEA43DD8F5745A49A25B3FFC86640E4461CEB4C05F8E00DCA568F2F20C8220D3,519FA35E0C76A094FFD89C38269F9BC1A9D1C491A8A675EF324F22705B28F1D5,C40455E13E66A460C39DAE91E660AF11E2BE0F61C1F03DB321571CEEDC4ED207,610F0A5D50127AC7FE481AE7E899A70F9D6F6CE906F4CE1EA63D708CF52EB122,REUSED_COMPLETE,PAPER,1,Q0,g8_doc_effective_pdf_closure_manifest.csv,g8-doc-authoritative-extraction-text-v1,PASS
CUMCM-2012-A-003,metadata.yaml,derived/scale/papers/CUMCM-2012-A-003/metadata.yaml,815,B85243E62675284DF3F748C1098FA4F9C92F9762E176D2FCD73C16C835F30A91,519FA35E0C76A094FFD89C38269F9BC1A9D1C491A8A675EF324F22705B28F1D5,C40455E13E66A460C39DAE91E660AF11E2BE0F61C1F03DB321571CEEDC4ED207,610F0A5D50127AC7FE481AE7E899A70F9D6F6CE906F4CE1EA63D708CF52EB122,REUSED_COMPLETE,PAPER,1,Q0,g8_doc_effective_pdf_closure_manifest.csv,g8-doc-authoritative-extraction-text-v1,PASS
CUMCM-2012-A-003,knowledge_card.md,derived/scale/papers/CUMCM-2012-A-003/knowledge_card.md,1633,9D1DBCD25358F9255B67B1B4F4597406DA5E2A34AAE962351715D403EEF74369,519FA35E0C76A094FFD89C38269F9BC1A9D1C491A8A675EF324F22705B28F1D5,C40455E13E66A460C39DAE91E660AF11E2BE0F61C1F03DB321571CEEDC4ED207,610F0A5D50127AC7FE481AE7E899A70F9D6F6CE906F4CE1EA63D708CF52EB122,REUSED_COMPLETE,PAPER,1,Q0,g8_doc_effective_pdf_closure_manifest.csv,g8-doc-authoritative-extraction-text-v1,PASS
CUMCM-2012-B-005,paper.md,derived/scale/papers/CUMCM-2012-B-005/paper.md,46867,48BC69B06F90F1BF4BF3576C44A0BD04A2E9DECE995DD4BBD477753C25C832E2,4357F1EB1DA91D0C65923D25AB6218F234C9F123A221DED8EE6318ECEC53CC05,F9F59407B33E60976DD4B86A6A897C0F1B0A8F0DA166337EBE76992CC2241465,F03824B665A5CE3EB577397F9D430E622ABED796697666C0DC1759D4CB879997,REUSED_COMPLETE,PAPER,1,Q0,g8_doc_effective_pdf_closure_manifest.csv,g8-doc-authoritative-extraction-text-v1,PASS
CUMCM-2012-B-005,metadata.yaml,derived/scale/papers/CUMCM-2012-B-005/metadata.yaml,897,39E81EC3D3A938A0B73A06AAC7CA98364E3283970EE2FD90053502E5BE02B2F6,4357F1EB1DA91D0C65923D25AB6218F234C9F123A221DED8EE6318ECEC53CC05,F9F59407B33E60976DD4B86A6A897C0F1B0A8F0DA166337EBE76992CC2241465,F03824B665A5CE3EB577397F9D430E622ABED796697666C0DC1759D4CB879997,REUSED_COMPLETE,PAPER,1,Q0,g8_doc_effective_pdf_closure_manifest.csv,g8-doc-authoritative-extraction-text-v1,PASS
CUMCM-2012-B-005,knowledge_card.md,derived/scale/papers/CUMCM-2012-B-005/knowledge_card.md,1639,E3C04F98D02FBDF948D70C2E02667FC562A0EA5328129ABA3BDF09B3BAC8D97A,4357F1EB1DA91D0C65923D25AB6218F234C9F123A221DED8EE6318ECEC53CC05,F9F59407B33E60976DD4B86A6A897C0F1B0A8F0DA166337EBE76992CC2241465,F03824B665A5CE3EB577397F9D430E622ABED796697666C0DC1759D4CB879997,REUSED_COMPLETE,PAPER,1,Q0,g8_doc_effective_pdf_closure_manifest.csv,g8-doc-authoritative-extraction-text-v1,PASS
CUMCM-2012-B-007,paper.md,derived/scale/papers/CUMCM-2012-B-007/paper.md,43493,E1815121DFB1C5D9CAA7ACC3379BE8E0F4013A1C55FAC5D1FD682FD1DFB4038A,F34850D4339E358C6A8C548224CEC919AFAA1B0F4ADB660A81114C20D717015F,547312CD5D3F57EB29292892142E79DE98B75C19C1D526ACB69B9EE834A3AA21,5FA66154AE4C96FF0D33F44E5A856DBA9CFA470EAA60AF13E3449ABA714B541C,REUSED_COMPLETE,PAPER,1,Q0,g8_doc_effective_pdf_closure_manifest.csv,g8-doc-authoritative-extraction-text-v1,PASS
CUMCM-2012-B-007,metadata.yaml,derived/scale/papers/CUMCM-2012-B-007/metadata.yaml,830,560174959109D68135BF2961D2411F99447850425ED24BD7D6D207B4689293B0,F34850D4339E358C6A8C548224CEC919AFAA1B0F4ADB660A81114C20D717015F,547312CD5D3F57EB29292892142E79DE98B75C19C1D526ACB69B9EE834A3AA21,5FA66154AE4C96FF0D33F44E5A856DBA9CFA470EAA60AF13E3449ABA714B541C,REUSED_COMPLETE,PAPER,1,Q0,g8_doc_effective_pdf_closure_manifest.csv,g8-doc-authoritative-extraction-text-v1,PASS
CUMCM-2012-B-007,knowledge_card.md,derived/scale/papers/CUMCM-2012-B-007/knowledge_card.md,1601,8C8922BB6068FD54A0F1A3DFA970B044D2102C007C16716B1D27BF438FC613AB,F34850D4339E358C6A8C548224CEC919AFAA1B0F4ADB660A81114C20D717015F,547312CD5D3F57EB29292892142E79DE98B75C19C1D526ACB69B9EE834A3AA21,5FA66154AE4C96FF0D33F44E5A856DBA9CFA470EAA60AF13E3449ABA714B541C,REUSED_COMPLETE,PAPER,1,Q0,g8_doc_effective_pdf_closure_manifest.csv,g8-doc-authoritative-extraction-text-v1,PASS
CUMCM-2012-C-003,paper.md,derived/scale/papers/CUMCM-2012-C-003/paper.md,50113,9058FCB7EC77AC6B0B9E4AA9A1F4CD0DD32CF9BADCB92D8E6240460F78EEB596,D3FCC8E0989C76486CBB665FBAC51F584EE1D8442012EFB49D6A50E3B45F2212,1AF31EA4FE7E106AA9306E894B3471753F6077BF19A8A1F648A1E752E4CBC2E1,2DD0824E0E1A666010CDD0CCC48C0FBD75592D2F44B7EE3A7DFA2672010F6971,REUSED_COMPLETE,PAPER,1,Q0,g8_doc_effective_pdf_closure_manifest.csv,g8-doc-authoritative-extraction-text-v1,PASS
CUMCM-2012-C-003,metadata.yaml,derived/scale/papers/CUMCM-2012-C-003/metadata.yaml,839,4393CC77CA6CDCE086D4133115195C7C765C054619712854C713962F03A2CD31,D3FCC8E0989C76486CBB665FBAC51F584EE1D8442012EFB49D6A50E3B45F2212,1AF31EA4FE7E106AA9306E894B3471753F6077BF19A8A1F648A1E752E4CBC2E1,2DD0824E0E1A666010CDD0CCC48C0FBD75592D2F44B7EE3A7DFA2672010F6971,REUSED_COMPLETE,PAPER,1,Q0,g8_doc_effective_pdf_closure_manifest.csv,g8-doc-authoritative-extraction-text-v1,PASS
CUMCM-2012-C-003,knowledge_card.md,derived/scale/papers/CUMCM-2012-C-003/knowledge_card.md,1635,8CDCB9AA5619138D45966A3E71A42579A414C2293A0E6A5BC921504FEF6C6D40,D3FCC8E0989C76486CBB665FBAC51F584EE1D8442012EFB49D6A50E3B45F2212,1AF31EA4FE7E106AA9306E894B3471753F6077BF19A8A1F648A1E752E4CBC2E1,2DD0824E0E1A666010CDD0CCC48C0FBD75592D2F44B7EE3A7DFA2672010F6971,REUSED_COMPLETE,PAPER,1,Q0,g8_doc_effective_pdf_closure_manifest.csv,g8-doc-authoritative-extraction-text-v1,PASS
CUMCM-2012-C-004,paper.md,derived/scale/papers/CUMCM-2012-C-004/paper.md,39734,7B316ACA72EC83652A0A671D09EC494E2FECDB6E8DAF77D5A1CAB5B70D20698E,A610CEEE3C902F85C0FC590467868550F5CB9D52ECD57E21747EF890671CBDD7,C2B4E0DA5C7AE5F7FCA6FADE85B00EB1588DA12FA3BF8F8B4523D1C4423B9F1D,66A45E6123D21FC5DF478C8DD1FE6907A258C7ADB60650F494099EC9133F3058,REUSED_COMPLETE,PAPER,1,Q0,g8_doc_effective_pdf_closure_manifest.csv,g8-doc-authoritative-extraction-text-v1,PASS
CUMCM-2012-C-004,metadata.yaml,derived/scale/papers/CUMCM-2012-C-004/metadata.yaml,909,4650FE03EC5618347D8CD3872CDEA072E507CD92C8776608C7DC5D29CF561922,A610CEEE3C902F85C0FC590467868550F5CB9D52ECD57E21747EF890671CBDD7,C2B4E0DA5C7AE5F7FCA6FADE85B00EB1588DA12FA3BF8F8B4523D1C4423B9F1D,66A45E6123D21FC5DF478C8DD1FE6907A258C7ADB60650F494099EC9133F3058,REUSED_COMPLETE,PAPER,1,Q0,g8_doc_effective_pdf_closure_manifest.csv,g8-doc-authoritative-extraction-text-v1,PASS
CUMCM-2012-C-004,knowledge_card.md,derived/scale/papers/CUMCM-2012-C-004/knowledge_card.md,1567,A17CFED261B2C17DE2E7693F61BCFA5F275DC4871F736F89F88229DC06BF4BBF,A610CEEE3C902F85C0FC590467868550F5CB9D52ECD57E21747EF890671CBDD7,C2B4E0DA5C7AE5F7FCA6FADE85B00EB1588DA12FA3BF8F8B4523D1C4423B9F1D,66A45E6123D21FC5DF478C8DD1FE6907A258C7ADB60650F494099EC9133F3058,REUSED_COMPLETE,PAPER,1,Q0,g8_doc_effective_pdf_closure_manifest.csv,g8-doc-authoritative-extraction-text-v1,PASS
CUMCM-2012-D-001,paper.md,derived/scale/papers/CUMCM-2012-D-001/paper.md,40232,F3870F02B8AD41DDF460F5D2525A2D4B5BE4E053921B0302BE4351DF7A2B91F5,D93A9A6A9DE012927F8A5D4B36E1768CA3F6AFFB6952673F40FE2740D4032766,CBE28049A80C0B900CF82A0BE06492A906D56B39F27819D6F94C67C6FF349399,DBCAD2B1FE50827672E67CBCDE43BA0D80731D2A5C2ECCA9DFC21F73DF2F80EE,REUSED_COMPLETE,PAPER,1,Q0,g8_doc_effective_pdf_closure_manifest.csv,g8-doc-authoritative-extraction-text-v1,PASS
CUMCM-2012-D-001,metadata.yaml,derived/scale/papers/CUMCM-2012-D-001/metadata.yaml,1010,C908F237C782BAA315FE04C619555D7093071DC9101F74D9D014B048D29FA8A7,D93A9A6A9DE012927F8A5D4B36E1768CA3F6AFFB6952673F40FE2740D4032766,CBE28049A80C0B900CF82A0BE06492A906D56B39F27819D6F94C67C6FF349399,DBCAD2B1FE50827672E67CBCDE43BA0D80731D2A5C2ECCA9DFC21F73DF2F80EE,REUSED_COMPLETE,PAPER,1,Q0,g8_doc_effective_pdf_closure_manifest.csv,g8-doc-authoritative-extraction-text-v1,PASS
CUMCM-2012-D-001,knowledge_card.md,derived/scale/papers/CUMCM-2012-D-001/knowledge_card.md,1589,5AD863A8B75BAA79F8675121CEFA1F2C764B2A057418FF5D2FC72B72F3CC5CFE,D93A9A6A9DE012927F8A5D4B36E1768CA3F6AFFB6952673F40FE2740D4032766,CBE28049A80C0B900CF82A0BE06492A906D56B39F27819D6F94C67C6FF349399,DBCAD2B1FE50827672E67CBCDE43BA0D80731D2A5C2ECCA9DFC21F73DF2F80EE,REUSED_COMPLETE,PAPER,1,Q0,g8_doc_effective_pdf_closure_manifest.csv,g8-doc-authoritative-extraction-text-v1,PASS
CUMCM-2012-D-D044,paper.md,derived/scale/papers/CUMCM-2012-D-D044/paper.md,54898,11009451153037C3C4898551F065335C6CF98CABC3286899C96D472811F6B9E2,999DE664600FDA9D9811FE4C50324C0C1E4BEC5A0E8BA17BC8D3B66B0D5EAB4C,918C86597756252BE5629D702EA46D4F386A406AD6B2341DC0C4B0F46B776BC4,ABCD57F96656C26589ED682E5C3F3F3B5883A05F3332E14FB3DB54E3D8B985F8,REUSED_COMPLETE,PAPER,1,Q0,g8_doc_effective_pdf_closure_manifest.csv,g8-doc-authoritative-extraction-text-v1,PASS
CUMCM-2012-D-D044,metadata.yaml,derived/scale/papers/CUMCM-2012-D-D044/metadata.yaml,826,DF5AEFDD13B50B9599CC9E53ACB9BF33C625BDB09A2FC08FFE9C5A979F13E828,999DE664600FDA9D9811FE4C50324C0C1E4BEC5A0E8BA17BC8D3B66B0D5EAB4C,918C86597756252BE5629D702EA46D4F386A406AD6B2341DC0C4B0F46B776BC4,ABCD57F96656C26589ED682E5C3F3F3B5883A05F3332E14FB3DB54E3D8B985F8,REUSED_COMPLETE,PAPER,1,Q0,g8_doc_effective_pdf_closure_manifest.csv,g8-doc-authoritative-extraction-text-v1,PASS
CUMCM-2012-D-D044,knowledge_card.md,derived/scale/papers/CUMCM-2012-D-D044/knowledge_card.md,1596,7DE0C6CE1A43B8BE01C259045867402A13CB1C606F7410EC5E3FD0EF78DB1B8F,999DE664600FDA9D9811FE4C50324C0C1E4BEC5A0E8BA17BC8D3B66B0D5EAB4C,918C86597756252BE5629D702EA46D4F386A406AD6B2341DC0C4B0F46B776BC4,ABCD57F96656C26589ED682E5C3F3F3B5883A05F3332E14FB3DB54E3D8B985F8,REUSED_COMPLETE,PAPER,1,Q0,g8_doc_effective_pdf_closure_manifest.csv,g8-doc-authoritative-extraction-text-v1,PASS
CUMCM-2013-D-001,paper.md,derived/scale/papers/CUMCM-2013-D-001/paper.md,129636,B75536F82A6F65A9E6301258D6EDE20A87B0FBADCBDF56332799C3E4A1656ACC,955CC7179247EDA8AD6EBB74CFD1233D514D9F80A809B0C2EB244BEACABAFDEA,3C560062FFD7F9F4E855926AD051346D4FC2366C0052D80159836E1A007812A4,F7E87C7B24702B2F81782A7D77D30312048F8799354229FCB591069AF2A842D1,REUSED_COMPLETE,PAPER,1,Q0,g8_doc_effective_pdf_closure_manifest.csv,g8-doc-authoritative-extraction-text-v1,PASS
CUMCM-2013-D-001,metadata.yaml,derived/scale/papers/CUMCM-2013-D-001/metadata.yaml,861,69A43D19F3CC929A3991E8877B83BFAC321287FA106D7ACD9896EF22CC21719E,955CC7179247EDA8AD6EBB74CFD1233D514D9F80A809B0C2EB244BEACABAFDEA,3C560062FFD7F9F4E855926AD051346D4FC2366C0052D80159836E1A007812A4,F7E87C7B24702B2F81782A7D77D30312048F8799354229FCB591069AF2A842D1,REUSED_COMPLETE,PAPER,1,Q0,g8_doc_effective_pdf_closure_manifest.csv,g8-doc-authoritative-extraction-text-v1,PASS
CUMCM-2013-D-001,knowledge_card.md,derived/scale/papers/CUMCM-2013-D-001/knowledge_card.md,1685,97E9D0076F83514F5657016B28414569D4801FA613D4D13A243B6E5CDAF06A06,955CC7179247EDA8AD6EBB74CFD1233D514D9F80A809B0C2EB244BEACABAFDEA,3C560062FFD7F9F4E855926AD051346D4FC2366C0052D80159836E1A007812A4,F7E87C7B24702B2F81782A7D77D30312048F8799354229FCB591069AF2A842D1,REUSED_COMPLETE,PAPER,1,Q0,g8_doc_effective_pdf_closure_manifest.csv,g8-doc-authoritative-extraction-text-v1,PASS
CUMCM-2013-D-004,paper.md,derived/scale/papers/CUMCM-2013-D-004/paper.md,76224,921CD117B7FB4911982C10DE5900CCB8828025322DBE72F0ED972F4B33612329,6BEC1C814F4638020F3DA17E90DC9EA483CAB5311CC4CA040F131629F9103ACE,ED6EF7DC8A23661F14C36F463E549079FC28CC6DDBF69205B8F346EDDF85E8C4,C7D21E6234680FB132E0C44537943799662C2C58BAACE7C14AFEF17FFD69F18A,REUSED_COMPLETE,PAPER,1,Q0,g8_doc_effective_pdf_closure_manifest.csv,g8-doc-authoritative-extraction-text-v1,PASS
CUMCM-2013-D-004,metadata.yaml,derived/scale/papers/CUMCM-2013-D-004/metadata.yaml,895,4B3DF841A6AF15992239BDEF4B43626BC4DF2F109B3D20161887474E1D9E3026,6BEC1C814F4638020F3DA17E90DC9EA483CAB5311CC4CA040F131629F9103ACE,ED6EF7DC8A23661F14C36F463E549079FC28CC6DDBF69205B8F346EDDF85E8C4,C7D21E6234680FB132E0C44537943799662C2C58BAACE7C14AFEF17FFD69F18A,REUSED_COMPLETE,PAPER,1,Q0,g8_doc_effective_pdf_closure_manifest.csv,g8-doc-authoritative-extraction-text-v1,PASS
CUMCM-2013-D-004,knowledge_card.md,derived/scale/papers/CUMCM-2013-D-004/knowledge_card.md,1585,9A231D5963AC30E8FB0F21C46BAB21D2D535FD2892E221D8F6C18743A5E6F668,6BEC1C814F4638020F3DA17E90DC9EA483CAB5311CC4CA040F131629F9103ACE,ED6EF7DC8A23661F14C36F463E549079FC28CC6DDBF69205B8F346EDDF85E8C4,C7D21E6234680FB132E0C44537943799662C2C58BAACE7C14AFEF17FFD69F18A,REUSED_COMPLETE,PAPER,1,Q0,g8_doc_effective_pdf_closure_manifest.csv,g8-doc-authoritative-extraction-text-v1,PASS
CUMCM-2014-D-002,paper.md,derived/scale/papers/CUMCM-2014-D-002/paper.md,70265,DBED81AB2B0CE540C79B33E2545B59D84117CFAF5EFD2E20C0BDC676700C069E,0F96568C1507DC18820F68592A9A6DA83C3FE6842CF007A17567C219BEBA841E,EC483F99582A1ED0BDA10F423374BC49ADE8A16AEF1FC8A658334BAF252715E7,4B516950FA5B4EC8B2415444A98ED0EF26EC90BDA055A86DC90A19D450CDD676,REUSED_COMPLETE,PAPER,1,Q0,g8_doc_effective_pdf_closure_manifest.csv,g8-doc-authoritative-extraction-text-v1,PASS
CUMCM-2014-D-002,metadata.yaml,derived/scale/papers/CUMCM-2014-D-002/metadata.yaml,831,5055213D9482EE0284FE4EBA050F565D04EA020390A7A45EA86B98DE64ACC43D,0F96568C1507DC18820F68592A9A6DA83C3FE6842CF007A17567C219BEBA841E,EC483F99582A1ED0BDA10F423374BC49ADE8A16AEF1FC8A658334BAF252715E7,4B516950FA5B4EC8B2415444A98ED0EF26EC90BDA055A86DC90A19D450CDD676,REUSED_COMPLETE,PAPER,1,Q0,g8_doc_effective_pdf_closure_manifest.csv,g8-doc-authoritative-extraction-text-v1,PASS
CUMCM-2014-D-002,knowledge_card.md,derived/scale/papers/CUMCM-2014-D-002/knowledge_card.md,1663,9EE4667E0684E516D0138972812C1ADF15C9AB721D0F07AEF3699AED73DEDD91,0F96568C1507DC18820F68592A9A6DA83C3FE6842CF007A17567C219BEBA841E,EC483F99582A1ED0BDA10F423374BC49ADE8A16AEF1FC8A658334BAF252715E7,4B516950FA5B4EC8B2415444A98ED0EF26EC90BDA055A86DC90A19D450CDD676,REUSED_COMPLETE,PAPER,1,Q0,g8_doc_effective_pdf_closure_manifest.csv,g8-doc-authoritative-extraction-text-v1,PASS
CUMCM-2014-D-003,paper.md,derived/scale/papers/CUMCM-2014-D-003/paper.md,48448,C9C3F75B32E77E94D8E7CA5D55BA6C0BA300C3E8CB27B40F45236B0A543741E8,2C45B7888C43355B39D0BC01726D842D4744C55DC1E2F8AF829B7DB9D8D4AA35,00C0D4361A59E3D5F1E97FBE7DAF28B60FCDDA9C26EBF435182C9F6961EB360C,2512F6C4D182B0052684FC88479FA9A810C0A553AB21F1425E21283AC503FBF0,REUSED_COMPLETE,PAPER,1,Q0,g8_doc_effective_pdf_closure_manifest.csv,g8-doc-authoritative-extraction-text-v1,PASS
CUMCM-2014-D-003,metadata.yaml,derived/scale/papers/CUMCM-2014-D-003/metadata.yaml,850,F929C70D937FDC55B46D1F4AB9F7BBFCB3541360D13738B0E0D231F508667346,2C45B7888C43355B39D0BC01726D842D4744C55DC1E2F8AF829B7DB9D8D4AA35,00C0D4361A59E3D5F1E97FBE7DAF28B60FCDDA9C26EBF435182C9F6961EB360C,2512F6C4D182B0052684FC88479FA9A810C0A553AB21F1425E21283AC503FBF0,REUSED_COMPLETE,PAPER,1,Q0,g8_doc_effective_pdf_closure_manifest.csv,g8-doc-authoritative-extraction-text-v1,PASS
CUMCM-2014-D-003,knowledge_card.md,derived/scale/papers/CUMCM-2014-D-003/knowledge_card.md,1673,F8D1D6949903164F9F2075BBE497EA219B34824106814E2145F8A21B3E8C120C,2C45B7888C43355B39D0BC01726D842D4744C55DC1E2F8AF829B7DB9D8D4AA35,00C0D4361A59E3D5F1E97FBE7DAF28B60FCDDA9C26EBF435182C9F6961EB360C,2512F6C4D182B0052684FC88479FA9A810C0A553AB21F1425E21283AC503FBF0,REUSED_COMPLETE,PAPER,1,Q0,g8_doc_effective_pdf_closure_manifest.csv,g8-doc-authoritative-extraction-text-v1,PASS
