paper_id,source_path,source_sha256,extension,actual_format,file_signature,local_capability_candidates,candidate_backend,read_only_possible,conversion_required,fidelity_risk,provenance_risk,contract_status,recommended_next_stage
CUMCM-2011-A-003,2011年数学建模国赛真题+优秀论文/2011年优秀论文/2011A：城市表层土壤重金属污染分析（6）.doc,FDA40E0C371BD0C91806B4CB581162EC0F1C3B51A7CAEF492EDD71D6E602E038,.doc,OLE_COMPOUND_DOCUMENT,D0CF11E0A1B11AE1,python-docx excluded for binary .doc; olefile=0; antiword=0; catdoc=0; Word=1; LibreOffice=0,none,0,1,HIGH,HIGH,CONVERSION_CONTRACT_REQUIRED,G8-DOC-CONTRACT-PILOT
CUMCM-2011-C-002,2011年数学建模国赛真题+优秀论文/2011年优秀论文/2011C：企业退休职工养老金制度的改革 (1).doc,21E5912D27E48F0BBEB0E1044BF30F185FBAB2133945529F106449296C10653F,.doc,OLE_COMPOUND_DOCUMENT,D0CF11E0A1B11AE1,python-docx excluded for binary .doc; olefile=0; antiword=0; catdoc=0; Word=1; LibreOffice=0,none,0,1,HIGH,HIGH,CONVERSION_CONTRACT_REQUIRED,G8-DOC-CONTRACT-PILOT
CUMCM-2011-C-003,2011年数学建模国赛真题+优秀论文/2011年优秀论文/2011C：企业退休职工养老金制度的改革 (2).doc,CB99F5DD56122680A0797E642C8ED3463B12B388DBDA96E2F42A9345EE623696,.doc,OLE_COMPOUND_DOCUMENT,D0CF11E0A1B11AE1,python-docx excluded for binary .doc; olefile=0; antiword=0; catdoc=0; Word=1; LibreOffice=0,none,0,1,HIGH,HIGH,CONVERSION_CONTRACT_REQUIRED,G8-DOC-CONTRACT-PILOT
CUMCM-2011-D-001,2011年数学建模国赛真题+优秀论文/2011年优秀论文/2011D：天然肠衣搭配问题(1)/一类肠衣搭配优化问题.doc,A54963631C73100E2A26B41E91070384F60C7AE57B13789F2212145149EE6D2D,.doc,OLE_COMPOUND_DOCUMENT,D0CF11E0A1B11AE1,python-docx excluded for binary .doc; olefile=0; antiword=0; catdoc=0; Word=1; LibreOffice=0,none,0,1,HIGH,HIGH,CONVERSION_CONTRACT_REQUIRED,G8-DOC-CONTRACT-PILOT
CUMCM-2011-D-007,2011年数学建模国赛真题+优秀论文/2011年优秀论文/2011D：天然肠衣搭配问题 (4).doc,97C1EA0783BF190F8B166E049F84352DD12A702E5F0B0B1E9720DEB4ED5DB5A5,.doc,OLE_COMPOUND_DOCUMENT,D0CF11E0A1B11AE1,python-docx excluded for binary .doc; olefile=0; antiword=0; catdoc=0; Word=1; LibreOffice=0,none,0,1,HIGH,HIGH,CONVERSION_CONTRACT_REQUIRED,G8-DOC-CONTRACT-PILOT
CUMCM-2011-D-013,2011年数学建模国赛真题+优秀论文/2011年优秀论文/2011D：天然肠衣搭配问题 (2).doc,2D19468524DDDBEF409012F393460A92B0A9F24CFC01906F63720C13731BE66A,.doc,OLE_COMPOUND_DOCUMENT,D0CF11E0A1B11AE1,python-docx excluded for binary .doc; olefile=0; antiword=0; catdoc=0; Word=1; LibreOffice=0,none,0,1,HIGH,HIGH,CONVERSION_CONTRACT_REQUIRED,G8-DOC-CONTRACT-PILOT
CUMCM-2012-A-003,2012年数学建模国赛真题+优秀论文/2012年优秀论文/2012A：葡萄酒的评价 (4).doc,519FA35E0C76A094FFD89C38269F9BC1A9D1C491A8A675EF324F22705B28F1D5,.doc,OLE_COMPOUND_DOCUMENT,D0CF11E0A1B11AE1,python-docx excluded for binary .doc; olefile=0; antiword=0; catdoc=0; Word=1; LibreOffice=0,none,0,1,HIGH,HIGH,CONVERSION_CONTRACT_REQUIRED,G8-DOC-CONTRACT-PILOT
CUMCM-2012-B-005,2012年数学建模国赛真题+优秀论文/2012年优秀论文/2012B：太阳能小屋的设计 (5)/基于递归算法的建筑外表面光伏电池布局优化分析与设计.doc,4357F1EB1DA91D0C65923D25AB6218F234C9F123A221DED8EE6318ECEC53CC05,.doc,OLE_COMPOUND_DOCUMENT,D0CF11E0A1B11AE1,python-docx excluded for binary .doc; olefile=0; antiword=0; catdoc=0; Word=1; LibreOffice=0,none,0,1,HIGH,HIGH,CONVERSION_CONTRACT_REQUIRED,G8-DOC-CONTRACT-PILOT
CUMCM-2012-B-007,2012年数学建模国赛真题+优秀论文/2012年优秀论文/2012B：太阳能小屋的设计 (2)/10121505.doc,F34850D4339E358C6A8C548224CEC919AFAA1B0F4ADB660A81114C20D717015F,.doc,OLE_COMPOUND_DOCUMENT,D0CF11E0A1B11AE1,python-docx excluded for binary .doc; olefile=0; antiword=0; catdoc=0; Word=1; LibreOffice=0,none,0,1,HIGH,HIGH,CONVERSION_CONTRACT_REQUIRED,G8-DOC-CONTRACT-PILOT
CUMCM-2012-C-003,2012年数学建模国赛真题+优秀论文/2012年优秀论文/2012C：脑卒中发病环境因素分析及干预 (2).doc,D3FCC8E0989C76486CBB665FBAC51F584EE1D8442012EFB49D6A50E3B45F2212,.doc,OLE_COMPOUND_DOCUMENT,D0CF11E0A1B11AE1,python-docx excluded for binary .doc; olefile=0; antiword=0; catdoc=0; Word=1; LibreOffice=0,none,0,1,HIGH,HIGH,CONVERSION_CONTRACT_REQUIRED,G8-DOC-CONTRACT-PILOT
CUMCM-2012-C-004,2012年数学建模国赛真题+优秀论文/2012年优秀论文/2012C：脑卒中发病环境因素分析及干预 (1)/基于逐步回归的脑卒中发病环境因素分析及干预模型.doc,A610CEEE3C902F85C0FC590467868550F5CB9D52ECD57E21747EF890671CBDD7,.doc,OLE_COMPOUND_DOCUMENT,D0CF11E0A1B11AE1,python-docx excluded for binary .doc; olefile=0; antiword=0; catdoc=0; Word=1; LibreOffice=0,none,0,1,HIGH,HIGH,CONVERSION_CONTRACT_REQUIRED,G8-DOC-CONTRACT-PILOT
CUMCM-2012-D-001,2012年数学建模国赛真题+优秀论文/2012年优秀论文/2012D：机器人避障问题 (2).doc,D93A9A6A9DE012927F8A5D4B36E1768CA3F6AFFB6952673F40FE2740D4032766,.doc,OLE_COMPOUND_DOCUMENT,D0CF11E0A1B11AE1,python-docx excluded for binary .doc; olefile=0; antiword=0; catdoc=0; Word=1; LibreOffice=0,none,0,1,HIGH,HIGH,CONVERSION_CONTRACT_REQUIRED,G8-DOC-CONTRACT-PILOT
CUMCM-2012-D-D044,2012年数学建模国赛真题+优秀论文/2012年优秀论文/2012D：机器人避障问题 (1)/D044.doc,999DE664600FDA9D9811FE4C50324C0C1E4BEC5A0E8BA17BC8D3B66B0D5EAB4C,.doc,OLE_COMPOUND_DOCUMENT,D0CF11E0A1B11AE1,python-docx excluded for binary .doc; olefile=0; antiword=0; catdoc=0; Word=1; LibreOffice=0,none,0,1,HIGH,HIGH,CONVERSION_CONTRACT_REQUIRED,G8-DOC-CONTRACT-PILOT
CUMCM-2013-D-001,2013年数学建模国赛真题+优秀论文/2013D：城市公共自行车服务系统运行状况和效率分析/论文.doc,955CC7179247EDA8AD6EBB74CFD1233D514D9F80A809B0C2EB244BEACABAFDEA,.doc,OLE_COMPOUND_DOCUMENT,D0CF11E0A1B11AE1,python-docx excluded for binary .doc; olefile=0; antiword=0; catdoc=0; Word=1; LibreOffice=0,none,0,1,HIGH,HIGH,CONVERSION_CONTRACT_REQUIRED,G8-DOC-CONTRACT-PILOT
CUMCM-2013-D-004,2013年数学建模国赛真题+优秀论文/2013D：城市公共自行车服务系统运行状况和效率分析 (2)/赣南师范学院科技学院 D 赖铖、袁彦、舒敏.doc,6BEC1C814F4638020F3DA17E90DC9EA483CAB5311CC4CA040F131629F9103ACE,.doc,OLE_COMPOUND_DOCUMENT,D0CF11E0A1B11AE1,python-docx excluded for binary .doc; olefile=0; antiword=0; catdoc=0; Word=1; LibreOffice=0,none,0,1,HIGH,HIGH,CONVERSION_CONTRACT_REQUIRED,G8-DOC-CONTRACT-PILOT
CUMCM-2014-A-006,2014年数学建模国赛真题+优秀论文/2014优秀论文/2014A：嫦娥三号软着陆轨道设计与控制策略 (3)/关于椭圆参数的计算.doc,A4C7CFEE735094C488EFB5007EF2084771748487B29765E20C39E78296A915F6,.doc,OLE_COMPOUND_DOCUMENT,D0CF11E0A1B11AE1,python-docx excluded for binary .doc; olefile=0; antiword=0; catdoc=0; Word=1; LibreOffice=0,none,0,1,HIGH,HIGH,CONVERSION_CONTRACT_REQUIRED,G8-DOC-CONTRACT-PILOT
CUMCM-2014-D-002,2014年数学建模国赛真题+优秀论文/2014优秀论文/2014D：储药槽的设计 (2)/储药柜的设计.doc,0F96568C1507DC18820F68592A9A6DA83C3FE6842CF007A17567C219BEBA841E,.doc,OLE_COMPOUND_DOCUMENT,D0CF11E0A1B11AE1,python-docx excluded for binary .doc; olefile=0; antiword=0; catdoc=0; Word=1; LibreOffice=0,none,0,1,HIGH,HIGH,CONVERSION_CONTRACT_REQUIRED,G8-DOC-CONTRACT-PILOT
CUMCM-2014-D-003,2014年数学建模国赛真题+优秀论文/2014优秀论文/2014D：储药槽的设计/D-储药槽的设计.doc,2C45B7888C43355B39D0BC01726D842D4744C55DC1E2F8AF829B7DB9D8D4AA35,.doc,OLE_COMPOUND_DOCUMENT,D0CF11E0A1B11AE1,python-docx excluded for binary .doc; olefile=0; antiword=0; catdoc=0; Word=1; LibreOffice=0,none,0,1,HIGH,HIGH,CONVERSION_CONTRACT_REQUIRED,G8-DOC-CONTRACT-PILOT
