paper_id,year,subject_type,artifact_eligible,quality,extraction_status,artifact_status,qa_status,deferred_reason,overall_status
CUMCM-1992-A-001,1992,PAPER,1,Q2,PASS,PASS,PASS,,COMPLETE
CUMCM-1992-A-002,1992,PAPER,1,Q2,PASS,PASS,PASS,,COMPLETE
CUMCM-1992-A-003,1992,PAPER,1,Q2,PASS,PASS,PASS,,COMPLETE
CUMCM-1992-A-004,1992,PAPER,1,Q3,PASS,PASS,PASS,,COMPLETE
CUMCM-1992-B-001,1992,PAPER,1,Q2,PASS,PASS,PASS,,COMPLETE
CUMCM-1992-B-002,1992,PAPER,1,Q2,PASS,PASS,PASS,,COMPLETE
CUMCM-1993-A-001,1993,PROBLEM_PACKAGE,0,UNKNOWN,NOT_APPLICABLE,NOT_GENERATED,PASS,,CLOSED_INELIGIBLE
CUMCM-1993-B-001,1993,PAPER,1,Q2,PASS,PASS,PASS,,COMPLETE
CUMCM-1993-B-002,1993,PAPER,1,Q3,PASS,PASS,PASS,,COMPLETE
CUMCM-1993-B-003,1993,PAPER,1,Q3,PASS,PASS,PASS,,COMPLETE
CUMCM-1995-A-001,1995,PAPER,1,Q3,PASS,PASS,PASS,,COMPLETE
CUMCM-1995-A-002,1995,PAPER,1,Q3,PASS,PASS,PASS,,COMPLETE
CUMCM-1995-A-003,1995,PAPER,1,Q3,PASS,PASS,PASS,,COMPLETE
CUMCM-1995-A-004,1995,PAPER,1,Q3,PASS,PASS,PASS,,COMPLETE
CUMCM-1995-A-005,1995,PAPER,1,Q3,PASS,PASS,PASS,,COMPLETE
CUMCM-1995-A-006,1995,PAPER,1,Q3,PASS,PASS,PASS,,COMPLETE
CUMCM-1995-A-007,1995,PAPER,1,Q3,PASS,PASS,PASS,,COMPLETE
CUMCM-1995-A-008,1995,PAPER,1,Q3,PASS,PASS,PASS,,COMPLETE
CUMCM-1995-B-001,1995,PAPER,1,Q3,PASS,PASS,PASS,,COMPLETE
CUMCM-1995-B-002,1995,PAPER,1,Q3,PASS,PASS,PASS,,COMPLETE
CUMCM-1995-B-003,1995,PAPER,1,Q3,PASS,PASS,PASS,,COMPLETE
CUMCM-1995-B-004,1995,PAPER,1,Q3,PASS,PASS,PASS,,COMPLETE
CUMCM-1995-B-005,1995,PAPER,1,Q3,PASS,PASS,PASS,,COMPLETE
CUMCM-1995-B-006,1995,PAPER,1,Q3,PASS,PASS,PASS,,COMPLETE
CUMCM-1995-B-007,1995,PAPER,1,Q3,PASS,PASS,PASS,,COMPLETE
CUMCM-1996-A-001,1996,PAPER,1,Q3,PASS,PASS,PASS,,COMPLETE
CUMCM-1996-A-002,1996,PAPER,1,Q3,PASS,PASS,PASS,,COMPLETE
CUMCM-1996-A-003,1996,PAPER,1,Q3,PASS,PASS,PASS,,COMPLETE
CUMCM-1996-A-004,1996,PAPER,1,Q3,PASS,PASS,PASS,,COMPLETE
CUMCM-1996-A-005,1996,PAPER,1,Q3,PASS,PASS,PASS,,COMPLETE
CUMCM-1996-A-006,1996,PAPER,1,Q3,PASS,PASS,PASS,,COMPLETE
CUMCM-1996-A-007,1996,PAPER,1,Q3,PASS,PASS,PASS,,COMPLETE
CUMCM-1996-A-008,1996,PAPER,1,Q3,PASS,PASS,PASS,,COMPLETE
CUMCM-1996-B-001,1996,PAPER,1,Q2,PASS,PASS,PASS,,COMPLETE
CUMCM-1996-B-002,1996,PAPER,1,Q3,PASS,PASS,PASS,,COMPLETE
CUMCM-1996-B-003,1996,PAPER,1,Q2,PASS,PASS,PASS,,COMPLETE
CUMCM-1996-B-004,1996,PAPER,1,Q3,PASS,PASS,PASS,,COMPLETE
CUMCM-1997-A-001,1997,PAPER,1,Q3,PASS,PASS,PASS,,COMPLETE
CUMCM-1997-A-002,1997,PAPER,1,Q3,PASS,PASS,PASS,,COMPLETE
CUMCM-1997-A-003,1997,PAPER,1,Q3,PASS,PASS,PASS,,COMPLETE
CUMCM-1997-A-004,1997,PAPER,1,Q3,PASS,PASS,PASS,,COMPLETE
CUMCM-1997-A-005,1997,PAPER,1,Q3,PASS,PASS,PASS,,COMPLETE
CUMCM-1997-A-006,1997,PAPER,1,Q3,PASS,PASS,PASS,,COMPLETE
CUMCM-1997-A-007,1997,PAPER,1,Q3,PASS,PASS,PASS,,COMPLETE
CUMCM-1997-A-008,1997,PAPER,1,Q2,PASS,PASS,PASS,,COMPLETE
CUMCM-1997-A-009,1997,PAPER,1,Q2,PASS,PASS,PASS,,COMPLETE
CUMCM-1997-B-001,1997,PAPER,1,Q3,PASS,PASS,PASS,,COMPLETE
CUMCM-1997-B-002,1997,PAPER,1,Q3,PASS,PASS,PASS,,COMPLETE
CUMCM-1997-B-003,1997,PAPER,1,Q3,PASS,PASS,PASS,,COMPLETE
CUMCM-1997-B-004,1997,PAPER,1,Q2,PASS,PASS,PASS,,COMPLETE
CUMCM-1997-B-005,1997,PAPER,1,Q3,PASS,PASS,PASS,,COMPLETE
CUMCM-1997-B-006,1997,PAPER,1,Q3,PASS,PASS,PASS,,COMPLETE
CUMCM-1997-B-007,1997,PAPER,1,Q2,PASS,PASS,PASS,,COMPLETE
CUMCM-1998-A-001,1998,PAPER,1,Q2,PASS,PASS,PASS,,COMPLETE
CUMCM-1998-A-002,1998,PAPER,1,Q3,PASS,PASS,PASS,,COMPLETE
CUMCM-1998-A-003,1998,PAPER,1,Q3,PASS,PASS,PASS,,COMPLETE
CUMCM-1998-A-004,1998,PAPER,1,Q3,PASS,PASS,PASS,,COMPLETE
CUMCM-1998-A-005,1998,PAPER,1,Q2,PASS,PASS,PASS,,COMPLETE
CUMCM-1998-A-006,1998,PAPER,1,Q3,PASS,PASS,PASS,,COMPLETE
CUMCM-1998-A-007,1998,PAPER,1,Q2,PASS,PASS,PASS,,COMPLETE
CUMCM-1998-A-008,1998,PAPER,1,Q2,PASS,PASS,PASS,,COMPLETE
CUMCM-1998-B-001,1998,PAPER,1,Q2,PASS,PASS,PASS,,COMPLETE
CUMCM-1998-B-002,1998,PAPER,1,Q2,PASS,PASS,PASS,,COMPLETE
CUMCM-1998-B-003,1998,PAPER,1,Q2,PASS,PASS,PASS,,COMPLETE
CUMCM-1998-B-004,1998,PAPER,1,Q2,PASS,PASS,PASS,,COMPLETE
CUMCM-1998-B-005,1998,PAPER,1,Q2,PASS,PASS,PASS,,COMPLETE
CUMCM-1998-B-006,1998,PAPER,1,Q2,PASS,PASS,PASS,,COMPLETE
CUMCM-1998-B-007,1998,PAPER,1,Q3,PASS,PASS,PASS,,COMPLETE
CUMCM-1999-A-001,1999,PAPER,1,Q2,PASS,PASS,PASS,,COMPLETE
CUMCM-1999-A-002,1999,PAPER,1,Q2,PASS,PASS,PASS,,COMPLETE
CUMCM-1999-A-003,1999,PAPER,1,Q2,PASS,PASS,PASS,,COMPLETE
CUMCM-1999-A-004,1999,PAPER,1,Q2,PASS,PASS,PASS,,COMPLETE
CUMCM-1999-A-005,1999,PAPER,1,Q2,PASS,PASS,PASS,,COMPLETE
CUMCM-1999-A-006,1999,PAPER,1,Q2,PASS,PASS,PASS,,COMPLETE
CUMCM-1999-A-007,1999,PAPER,1,Q2,PASS,PASS,PASS,,COMPLETE
CUMCM-1999-A-008,1999,PAPER,1,Q2,PASS,PASS,PASS,,COMPLETE
CUMCM-1999-B-001,1999,PAPER,1,Q2,PASS,PASS,PASS,,COMPLETE
CUMCM-1999-B-002,1999,PAPER,1,Q2,PASS,PASS,PASS,,COMPLETE
CUMCM-1999-B-003,1999,PAPER,1,Q2,PASS,PASS,PASS,,COMPLETE
CUMCM-1999-B-004,1999,PAPER,1,Q2,PASS,PASS,PASS,,COMPLETE
CUMCM-1999-B-005,1999,PAPER,1,Q2,PASS,PASS,PASS,,COMPLETE
CUMCM-1999-C-001,1999,PAPER,1,Q2,PASS,PASS,PASS,,COMPLETE
CUMCM-1999-C-002,1999,PAPER,1,Q2,PASS,PASS,PASS,,COMPLETE
CUMCM-1999-C-003,1999,PAPER,1,Q2,PASS,PASS,PASS,,COMPLETE
CUMCM-2000-A-001,2000,PAPER,1,Q2,PASS,PASS,PASS,,COMPLETE
CUMCM-2000-A-002,2000,PAPER,1,Q2,PASS,PASS,PASS,,COMPLETE
CUMCM-2000-A-003,2000,PAPER,1,Q2,PASS,PASS,PASS,,COMPLETE
CUMCM-2000-A-004,2000,PAPER,1,Q2,PASS,PASS,PASS,,COMPLETE
CUMCM-2000-A-005,2000,PAPER,1,Q2,PASS,PASS,PASS,,COMPLETE
CUMCM-2000-A-006,2000,PAPER,1,Q2,PASS,PASS,PASS,,COMPLETE
CUMCM-2000-B-001,2000,PAPER,1,Q2,PASS,PASS,PASS,,COMPLETE
CUMCM-2000-B-002,2000,PAPER,1,Q2,PASS,PASS,PASS,,COMPLETE
CUMCM-2000-B-003,2000,PAPER,1,Q2,PASS,PASS,PASS,,COMPLETE
CUMCM-2000-B-004,2000,PAPER,1,Q2,PASS,PASS,PASS,,COMPLETE
CUMCM-2000-B-005,2000,PAPER,1,Q2,PASS,PASS,PASS,,COMPLETE
CUMCM-2000-B-006,2000,PAPER,1,Q2,PASS,PASS,PASS,,COMPLETE
CUMCM-2000-B-007,2000,PAPER,1,Q2,PASS,PASS,PASS,,COMPLETE
CUMCM-2000-B-008,2000,PAPER,1,Q2,PASS,PASS,PASS,,COMPLETE
CUMCM-2000-C-001,2000,PAPER,1,Q2,PASS,PASS,PASS,,COMPLETE
CUMCM-2000-C-002,2000,PAPER,1,Q2,PASS,PASS,PASS,,COMPLETE
CUMCM-2000-C-003,2000,PAPER,1,Q2,PASS,PASS,PASS,,COMPLETE
CUMCM-2000-C-004,2000,PAPER,1,Q2,PASS,PASS,PASS,,COMPLETE
CUMCM-2000-D-001,2000,PAPER,1,Q2,PASS,PASS,PASS,,COMPLETE
CUMCM-2000-D-002,2000,PAPER,1,Q2,PASS,PASS,PASS,,COMPLETE
CUMCM-2000-D-003,2000,PAPER,1,Q2,PASS,PASS,PASS,,COMPLETE
CUMCM-2001-A-001,2001,PAPER,1,Q2,PASS,PASS,PASS,,COMPLETE
CUMCM-2001-A-002,2001,PAPER,1,Q2,PASS,PASS,PASS,,COMPLETE
CUMCM-2001-A-003,2001,PAPER,1,Q2,PASS,PASS,PASS,,COMPLETE
CUMCM-2001-A-004,2001,PAPER,1,Q2,PASS,PASS,PASS,,COMPLETE
CUMCM-2001-A-005,2001,PAPER,1,Q2,PASS,PASS,PASS,,COMPLETE
CUMCM-2001-A-006,2001,PAPER,1,Q2,PASS,PASS,PASS,,COMPLETE
CUMCM-2001-A-007,2001,PAPER,1,Q2,PASS,PASS,PASS,,COMPLETE
CUMCM-2001-A-008,2001,PAPER,1,Q2,PASS,PASS,PASS,,COMPLETE
CUMCM-2001-A-009,2001,PAPER,1,Q2,PASS,PASS,PASS,,COMPLETE
CUMCM-2001-A-010,2001,PAPER,1,Q2,PASS,PASS,PASS,,COMPLETE
CUMCM-2001-A-011,2001,PAPER,1,Q2,PASS,PASS,PASS,,COMPLETE
CUMCM-2001-A-012,2001,PAPER,1,Q2,PASS,PASS,PASS,,COMPLETE
CUMCM-2001-B-001,2001,PAPER,1,Q2,PASS,PASS,PASS,,COMPLETE
CUMCM-2001-B-002,2001,PAPER,1,Q2,PASS,PASS,PASS,,COMPLETE
CUMCM-2001-B-003,2001,PAPER,1,Q2,PASS,PASS,PASS,,COMPLETE
CUMCM-2001-B-004,2001,PAPER,1,Q2,PASS,PASS,PASS,,COMPLETE
CUMCM-2001-B-005,2001,PAPER,1,Q2,PASS,PASS,PASS,,COMPLETE
CUMCM-2001-B-006,2001,PAPER,1,Q2,PASS,PASS,PASS,,COMPLETE
CUMCM-2001-B-007,2001,PAPER,1,Q2,PASS,PASS,PASS,,COMPLETE
CUMCM-2001-B-008,2001,PAPER,1,Q2,PASS,PASS,PASS,,COMPLETE
CUMCM-2001-B-009,2001,PROBLEM_PACKAGE,0,,NOT_APPLICABLE,NOT_APPLICABLE,PASS,,INELIGIBLE
CUMCM-2001-C-001,2001,PAPER,1,Q2,PASS,PASS,PASS,,COMPLETE
CUMCM-2001-C-002,2001,PAPER,1,Q2,PASS,PASS,PASS,,COMPLETE
CUMCM-2001-C-003,2001,PAPER,1,Q2,PASS,PASS,PASS,,COMPLETE
CUMCM-2001-D-001,2001,PROBLEM_PACKAGE,0,,NOT_APPLICABLE,NOT_APPLICABLE,PASS,,INELIGIBLE
CUMCM-2002-A-001,2002,PAPER,1,Q3,PASS,PASS,PASS,,COMPLETE
CUMCM-2002-A-002,2002,PAPER,1,Q2,PASS,PASS,PASS,,COMPLETE
CUMCM-2002-A-003,2002,PAPER,1,Q2,PASS,PASS,PASS,,COMPLETE
CUMCM-2002-A-004,2002,PAPER,1,Q2,PASS,PASS,PASS,,COMPLETE
CUMCM-2002-A-005,2002,PAPER,1,Q2,PASS,PASS,PASS,,COMPLETE
CUMCM-2002-A-006,2002,PAPER,1,Q3,PASS,PASS,PASS,,COMPLETE
CUMCM-2002-A-007,2002,PAPER,1,Q3,PASS,PASS,PASS,,COMPLETE
CUMCM-2002-A-008,2002,PAPER,1,Q2,PASS,PASS,PASS,,COMPLETE
CUMCM-2002-A-009,2002,PAPER,1,Q2,PASS,PASS,PASS,,COMPLETE
CUMCM-2002-A-010,2002,PAPER,1,Q3,PASS,PASS,PASS,,COMPLETE
CUMCM-2002-A-011,2002,PAPER,1,Q2,PASS,PASS,PASS,,COMPLETE
CUMCM-2002-A-012,2002,PAPER,1,Q2,PASS,PASS,PASS,,COMPLETE
CUMCM-2002-A-013,2002,PAPER,1,Q3,PASS,PASS,PASS,,COMPLETE
CUMCM-2002-A-014,2002,PAPER,1,Q3,PASS,PASS,PASS,,COMPLETE
CUMCM-2002-A-015,2002,PAPER,1,Q3,PASS,PASS,PASS,,COMPLETE
CUMCM-2002-B-001,2002,PAPER,1,Q2,PASS,PASS,PASS,,COMPLETE
CUMCM-2002-B-002,2002,PAPER,1,Q2,PASS,PASS,PASS,,COMPLETE
CUMCM-2002-B-003,2002,PAPER,1,Q2,PASS,PASS,PASS,,COMPLETE
CUMCM-2002-B-004,2002,PAPER,1,Q2,PASS,PASS,PASS,,COMPLETE
CUMCM-2002-B-005,2002,PAPER,1,Q2,PASS,PASS,PASS,,COMPLETE
CUMCM-2002-B-006,2002,PAPER,1,Q2,PASS,PASS,PASS,,COMPLETE
CUMCM-2002-B-007,2002,PROBLEM_PACKAGE,0,,NOT_APPLICABLE,NOT_APPLICABLE,PASS,,INELIGIBLE
CUMCM-2002-B-008,2002,PAPER,1,Q2,PASS,PASS,PASS,,COMPLETE
CUMCM-2002-B-009,2002,PAPER,1,Q2,PASS,PASS,PASS,,COMPLETE
CUMCM-2002-D-001,2002,PROBLEM_PACKAGE,0,,NOT_APPLICABLE,NOT_APPLICABLE,PASS,,INELIGIBLE
CUMCM-2003-A-001,2003,PAPER,1,Q3,PASS,PASS,PASS,,COMPLETE
CUMCM-2003-A-002,2003,PAPER,1,Q2,PASS,PASS,PASS,,COMPLETE
CUMCM-2003-A-003,2003,PAPER,1,Q2,PASS,PASS,PASS,,COMPLETE
CUMCM-2003-A-004,2003,PAPER,1,Q3,PASS,PASS,PASS,,COMPLETE
CUMCM-2003-A-005,2003,PAPER,1,Q2,PASS,PASS,PASS,,COMPLETE
CUMCM-2003-A-006,2003,PAPER,1,Q2,PASS,PASS,PASS,,COMPLETE
CUMCM-2003-A-007,2003,PROBLEM_PACKAGE,0,,NOT_APPLICABLE,NOT_APPLICABLE,PASS,,INELIGIBLE
CUMCM-2003-A-008,2003,PAPER,1,Q2,PASS,PASS,PASS,,COMPLETE
CUMCM-2003-A-009,2003,PAPER,1,Q3,PASS,PASS,PASS,,COMPLETE
CUMCM-2003-A-010,2003,PAPER,1,Q3,PASS,PASS,PASS,,COMPLETE
CUMCM-2003-B-001,2003,PAPER,1,Q2,PASS,PASS,PASS,,COMPLETE
CUMCM-2003-B-002,2003,PAPER,1,Q3,PASS,PASS,PASS,,COMPLETE
CUMCM-2003-B-003,2003,PROBLEM_PACKAGE,0,,NOT_APPLICABLE,NOT_APPLICABLE,PASS,,INELIGIBLE
CUMCM-2003-B-004,2003,PAPER,1,Q3,PASS,PASS,PASS,,COMPLETE
CUMCM-2003-B-005,2003,PAPER,1,Q2,PASS,PASS,PASS,,COMPLETE
CUMCM-2003-B-006,2003,PAPER,1,Q3,PASS,PASS,PASS,,COMPLETE
CUMCM-2003-B-007,2003,PAPER,1,Q2,PASS,PASS,PASS,,COMPLETE
CUMCM-2003-B-008,2003,PAPER,1,Q2,PASS,PASS,PASS,,COMPLETE
CUMCM-2003-B-009,2003,PAPER,1,Q2,PASS,PASS,PASS,,COMPLETE
CUMCM-2003-B-010,2003,PAPER,1,Q3,PASS,PASS,PASS,,COMPLETE
CUMCM-2003-B-011,2003,PAPER,1,Q3,PASS,PASS,PASS,,COMPLETE
CUMCM-2003-C-001,2003,PROBLEM_PACKAGE,0,,NOT_APPLICABLE,NOT_APPLICABLE,PASS,,INELIGIBLE
CUMCM-2003-D-001,2003,PAPER,1,Q2,PASS,PASS,PASS,,COMPLETE
CUMCM-2003-D-002,2003,PAPER,1,Q2,PASS,PASS,PASS,,COMPLETE
CUMCM-2003-D-003,2003,PAPER,1,Q2,PASS,PASS,PASS,,COMPLETE
CUMCM-2003-D-004,2003,PAPER,1,Q2,PASS,PASS,PASS,,COMPLETE
CUMCM-2003-D-005,2003,PROBLEM_PACKAGE,0,,NOT_APPLICABLE,NOT_APPLICABLE,PASS,,INELIGIBLE
CUMCM-2004-A-001,2004,PAPER,1,Q3,PASS,PASS,PASS,,COMPLETE
CUMCM-2004-A-002,2004,PAPER,1,Q3,PASS,PASS,PASS,,COMPLETE
CUMCM-2004-A-003,2004,PAPER,1,Q3,PASS,PASS,PASS,,COMPLETE
CUMCM-2004-A-004,2004,PAPER,1,Q3,PASS,PASS,PASS,,COMPLETE
CUMCM-2004-A-005,2004,PAPER,1,Q3,PASS,PASS,PASS,,COMPLETE
CUMCM-2004-A-006,2004,PROBLEM_PACKAGE,0,,NOT_APPLICABLE,NOT_APPLICABLE,PASS,,INELIGIBLE
CUMCM-2004-A-007,2004,PROBLEM_PACKAGE,0,,NOT_APPLICABLE,NOT_APPLICABLE,PASS,,INELIGIBLE
CUMCM-2004-B-001,2004,PAPER,1,Q2,PASS,PASS,PASS,,COMPLETE
CUMCM-2004-B-002,2004,PAPER,1,Q3,PASS,PASS,PASS,,COMPLETE
CUMCM-2004-B-003,2004,PAPER,1,Q3,PASS,PASS,PASS,,COMPLETE
CUMCM-2004-B-004,2004,PAPER,1,Q3,PASS,PASS,PASS,,COMPLETE
CUMCM-2004-B-005,2004,PAPER,1,Q3,PASS,PASS,PASS,,COMPLETE
CUMCM-2004-B-006,2004,PAPER,1,Q3,PASS,PASS,PASS,,COMPLETE
CUMCM-2004-B-007,2004,PAPER,1,Q3,PASS,PASS,PASS,,COMPLETE
CUMCM-2004-B-008,2004,PROBLEM_PACKAGE,0,,NOT_APPLICABLE,NOT_APPLICABLE,PASS,,INELIGIBLE
CUMCM-2004-C-001,2004,PROBLEM_PACKAGE,0,,NOT_APPLICABLE,NOT_APPLICABLE,PASS,,INELIGIBLE
CUMCM-2004-D-001,2004,PROBLEM_PACKAGE,0,,NOT_APPLICABLE,NOT_APPLICABLE,PASS,,INELIGIBLE
CUMCM-2005-A-001,2005,PAPER,1,Q2,PASS,PASS,PASS,,COMPLETE
CUMCM-2005-A-002,2005,PAPER,1,Q2,PASS,PASS,PASS,,COMPLETE
CUMCM-2005-A-003,2005,PAPER,1,Q2,PASS,PASS,PASS,,COMPLETE
CUMCM-2005-A-004,2005,PAPER,1,Q2,PASS,PASS,PASS,,COMPLETE
CUMCM-2005-A-005,2005,PAPER,1,Q2,PASS,PASS,PASS,,COMPLETE
CUMCM-2005-A-006,2005,PAPER,1,Q2,PASS,PASS,PASS,,COMPLETE
CUMCM-2005-A-007,2005,PAPER,1,Q2,PASS,PASS,PASS,,COMPLETE
CUMCM-2005-A-008,2005,PROBLEM_PACKAGE,0,,NOT_APPLICABLE,NOT_APPLICABLE,PASS,,INELIGIBLE
CUMCM-2005-B-001,2005,PROBLEM_PACKAGE,0,,NOT_APPLICABLE,NOT_APPLICABLE,PASS,,INELIGIBLE
CUMCM-2005-B-002,2005,PAPER,1,Q2,PASS,PASS,PASS,,COMPLETE
CUMCM-2005-B-003,2005,PAPER,1,Q2,PASS,PASS,PASS,,COMPLETE
CUMCM-2005-B-004,2005,PAPER,1,Q2,PASS,PASS,PASS,,COMPLETE
CUMCM-2005-B-005,2005,PAPER,1,Q2,PASS,PASS,PASS,,COMPLETE
CUMCM-2005-B-006,2005,PAPER,1,Q2,PASS,PASS,PASS,,COMPLETE
CUMCM-2005-B-007,2005,PAPER,1,Q2,PASS,PASS,PASS,,COMPLETE
CUMCM-2005-C-001,2005,PAPER,1,Q2,PASS,PASS,PASS,,COMPLETE
CUMCM-2005-C-002,2005,PAPER,1,Q2,PASS,PASS,PASS,,COMPLETE
CUMCM-2005-C-003,2005,PROBLEM_PACKAGE,0,,NOT_APPLICABLE,NOT_APPLICABLE,PASS,,INELIGIBLE
CUMCM-2005-C-004,2005,PAPER,1,Q2,PASS,PASS,PASS,,COMPLETE
CUMCM-2005-C-005,2005,PAPER,1,Q2,PASS,PASS,PASS,,COMPLETE
CUMCM-2005-C-006,2005,PAPER,1,Q2,PASS,PASS,PASS,,COMPLETE
CUMCM-2005-D-001,2005,PROBLEM_PACKAGE,0,,NOT_APPLICABLE,NOT_APPLICABLE,PASS,,INELIGIBLE
CUMCM-2006-A-001,2006,PAPER,1,Q2,PASS,PASS,PASS,,COMPLETE
CUMCM-2006-A-002,2006,PAPER,1,Q2,PASS,PASS,PASS,,COMPLETE
CUMCM-2006-A-003,2006,PAPER,1,Q2,PASS,PASS,PASS,,COMPLETE
CUMCM-2006-A-004,2006,PAPER,1,Q2,PASS,PASS,PASS,,COMPLETE
CUMCM-2006-A-005,2006,PROBLEM_PACKAGE,0,,NOT_APPLICABLE,NOT_APPLICABLE,PASS,,INELIGIBLE
CUMCM-2006-A-006,2006,PAPER,1,Q2,PASS,PASS,PASS,,COMPLETE
CUMCM-2006-A-007,2006,PAPER,1,Q2,PASS,PASS,PASS,,COMPLETE
CUMCM-2006-B-001,2006,PAPER,1,Q2,PASS,PASS,PASS,,COMPLETE
CUMCM-2006-B-002,2006,PAPER,1,Q2,PASS,PASS,PASS,,COMPLETE
CUMCM-2006-B-003,2006,PAPER,1,Q2,PASS,PASS,PASS,,COMPLETE
CUMCM-2006-B-004,2006,PAPER,1,Q2,PASS,PASS,PASS,,COMPLETE
CUMCM-2006-B-005,2006,PAPER,1,Q2,PASS,PASS,PASS,,COMPLETE
CUMCM-2006-B-006,2006,PROBLEM_PACKAGE,0,,NOT_APPLICABLE,NOT_APPLICABLE,PASS,,INELIGIBLE
CUMCM-2006-C-001,2006,PROBLEM_PACKAGE,0,,NOT_APPLICABLE,NOT_APPLICABLE,PASS,,INELIGIBLE
CUMCM-2006-D-001,2006,PROBLEM_PACKAGE,0,,NOT_APPLICABLE,NOT_APPLICABLE,PASS,,INELIGIBLE
CUMCM-2007-A-001,2007,PAPER,1,Q2,PASS,PASS,PASS,,COMPLETE
CUMCM-2007-A-002,2007,PROBLEM_PACKAGE,0,,NOT_APPLICABLE,NOT_APPLICABLE,PASS,,INELIGIBLE
CUMCM-2007-A-003,2007,PAPER,1,Q2,PASS,PASS,PASS,,COMPLETE
CUMCM-2007-A-004,2007,PAPER,1,Q2,PASS,PASS,PASS,,COMPLETE
CUMCM-2007-A-005,2007,PAPER,1,Q3,PASS,PASS,PASS,,COMPLETE
CUMCM-2007-A-006,2007,PAPER,1,Q2,PASS,PASS,PASS,,COMPLETE
CUMCM-2007-A-007,2007,PAPER,1,Q2,PASS,PASS,PASS,,COMPLETE
CUMCM-2007-A-008,2007,PAPER,1,Q3,PASS,PASS,PASS,,COMPLETE
CUMCM-2007-A-009,2007,PAPER,1,Q3,PASS,PASS,PASS,,COMPLETE
CUMCM-2007-A-010,2007,PAPER,1,Q2,PASS,PASS,PASS,,COMPLETE
CUMCM-2007-A-011,2007,PROBLEM_PACKAGE,0,,NOT_APPLICABLE,NOT_APPLICABLE,PASS,,INELIGIBLE
CUMCM-2007-A-012,2007,PAPER,1,Q3,PASS,PASS,PASS,,COMPLETE
CUMCM-2007-A-013,2007,PAPER,1,Q2,PASS,PASS,PASS,,COMPLETE
CUMCM-2007-A-014,2007,PROBLEM_PACKAGE,0,,NOT_APPLICABLE,NOT_APPLICABLE,PASS,,INELIGIBLE
CUMCM-2007-A-015,2007,PAPER,1,Q3,PASS,PASS,PASS,,COMPLETE
CUMCM-2007-B-001,2007,PAPER,1,Q2,PASS,PASS,PASS,,COMPLETE
CUMCM-2007-B-002,2007,PAPER,1,Q2,PASS,PASS,PASS,,COMPLETE
CUMCM-2007-B-003,2007,PAPER,1,Q2,PASS,PASS,PASS,,COMPLETE
CUMCM-2007-B-004,2007,PAPER,1,Q2,PASS,PASS,PASS,,COMPLETE
CUMCM-2007-B-005,2007,PAPER,1,Q3,PASS,PASS,PASS,,COMPLETE
CUMCM-2007-B-006,2007,PAPER,1,Q2,PASS,PASS,PASS,,COMPLETE
CUMCM-2007-B-007,2007,PAPER,1,Q3,PASS,PASS,PASS,,COMPLETE
CUMCM-2007-B-008,2007,PROBLEM_PACKAGE,0,,NOT_APPLICABLE,NOT_APPLICABLE,PASS,,INELIGIBLE
CUMCM-2007-B-009,2007,PAPER,1,Q2,PASS,PASS,PASS,,COMPLETE
CUMCM-2007-B-010,2007,PAPER,1,Q3,PASS,PASS,PASS,,COMPLETE
CUMCM-2007-B-011,2007,PAPER,1,Q2,PASS,PASS,PASS,,COMPLETE
CUMCM-2007-B-012,2007,PAPER,1,Q2,PASS,PASS,PASS,,COMPLETE
CUMCM-2007-C-001,2007,PAPER,1,Q3,PASS,PASS,PASS,,COMPLETE
CUMCM-2007-C-002,2007,PAPER,1,Q3,PASS,PASS,PASS,,COMPLETE
CUMCM-2007-C-003,2007,PAPER,1,Q3,PASS,PASS,PASS,,COMPLETE
CUMCM-2007-C-004,2007,PROBLEM_PACKAGE,0,,NOT_APPLICABLE,NOT_APPLICABLE,PASS,,INELIGIBLE
CUMCM-2007-D-001,2007,PAPER,1,Q3,PASS,PASS,PASS,,COMPLETE
CUMCM-2007-D-002,2007,PAPER,1,Q3,PASS,PASS,PASS,,COMPLETE
CUMCM-2007-D-003,2007,PROBLEM_PACKAGE,0,,NOT_APPLICABLE,NOT_APPLICABLE,PASS,,INELIGIBLE
CUMCM-2008-A-001,2008,PAPER,1,Q3,PASS,PASS,PASS,,COMPLETE
CUMCM-2008-A-002,2008,PAPER,1,Q2,PASS,PASS,PASS,,COMPLETE
CUMCM-2008-A-003,2008,PAPER,1,Q2,PASS,PASS,PASS,,COMPLETE
CUMCM-2008-A-004,2008,PAPER,1,Q2,PASS,PASS,PASS,,COMPLETE
CUMCM-2008-A-005,2008,PAPER,1,Q3,PASS,PASS,PASS,,COMPLETE
CUMCM-2008-A-006,2008,PAPER,1,Q3,PASS,PASS,PASS,,COMPLETE
CUMCM-2008-A-007,2008,PROBLEM_PACKAGE,0,,NOT_APPLICABLE,NOT_APPLICABLE,PASS,,INELIGIBLE
CUMCM-2008-A-008,2008,PAPER,1,Q2,PASS,PASS,PASS,,COMPLETE
CUMCM-2008-A-009,2008,PAPER,1,Q2,PASS,PASS,PASS,,COMPLETE
CUMCM-2008-B-001,2008,PAPER,1,Q2,PASS,PASS,PASS,,COMPLETE
CUMCM-2008-B-002,2008,PAPER,1,Q2,PASS,PASS,PASS,,COMPLETE
CUMCM-2008-B-003,2008,PAPER,1,Q2,PASS,PASS,PASS,,COMPLETE
CUMCM-2008-B-004,2008,PAPER,1,Q2,PASS,PASS,PASS,,COMPLETE
CUMCM-2008-B-005,2008,PAPER,1,Q2,PASS,PASS,PASS,,COMPLETE
CUMCM-2008-B-006,2008,PAPER,1,Q2,PASS,PASS,PASS,,COMPLETE
CUMCM-2008-B-007,2008,PAPER,1,Q2,PASS,PASS,PASS,,COMPLETE
CUMCM-2008-B-008,2008,PROBLEM_PACKAGE,0,,NOT_APPLICABLE,NOT_APPLICABLE,PASS,,INELIGIBLE
CUMCM-2008-B-009,2008,PAPER,1,Q2,PASS,PASS,PASS,,COMPLETE
CUMCM-2008-B-010,2008,PAPER,1,Q2,PASS,PASS,PASS,,COMPLETE
CUMCM-2008-B-011,2008,PAPER,1,Q2,PASS,PASS,PASS,,COMPLETE
CUMCM-2008-B-012,2008,PAPER,1,Q2,PASS,PASS,PASS,,COMPLETE
CUMCM-2008-B-013,2008,PAPER,1,Q2,PASS,PASS,PASS,,COMPLETE
CUMCM-2008-B-014,2008,PAPER,1,Q2,PASS,PASS,PASS,,COMPLETE
CUMCM-2008-C-001,2008,PAPER,1,Q2,PASS,PASS,PASS,,COMPLETE
CUMCM-2008-C-002,2008,PAPER,1,Q2,PASS,PASS,PASS,,COMPLETE
CUMCM-2008-C-003,2008,PROBLEM_PACKAGE,0,,NOT_APPLICABLE,NOT_APPLICABLE,PASS,,INELIGIBLE
CUMCM-2008-C-004,2008,PAPER,1,Q2,PASS,PASS,PASS,,COMPLETE
CUMCM-2008-D-001,2008,PROBLEM_PACKAGE,0,,NOT_APPLICABLE,NOT_APPLICABLE,PASS,,INELIGIBLE
CUMCM-2008-D-002,2008,PROBLEM_PACKAGE,0,,NOT_APPLICABLE,NOT_APPLICABLE,PASS,,INELIGIBLE
CUMCM-2008-D-003,2008,PAPER,1,Q2,PASS,PASS,PASS,,COMPLETE
CUMCM-2008-D-004,2008,PAPER,1,Q2,PASS,PASS,PASS,,COMPLETE
CUMCM-2008-D-005,2008,PAPER,1,Q2,PASS,PASS,PASS,,COMPLETE
CUMCM-2009-A-001,2009,PAPER,1,Q2,PASS,PASS,PASS,,COMPLETE
CUMCM-2009-A-002,2009,PAPER,1,Q2,PASS,PASS,PASS,,COMPLETE
CUMCM-2009-A-003,2009,PAPER,1,Q2,PASS,PASS,PASS,,COMPLETE
CUMCM-2009-A-004,2009,PAPER,1,Q2,PASS,PASS,PASS,,COMPLETE
CUMCM-2009-A-005,2009,PAPER,1,Q2,PASS,PASS,PASS,,COMPLETE
CUMCM-2009-A-006,2009,PROBLEM_PACKAGE,0,,NOT_APPLICABLE,NOT_APPLICABLE,PASS,,INELIGIBLE
CUMCM-2009-A-007,2009,PAPER,1,Q2,PASS,PASS,PASS,,COMPLETE
CUMCM-2009-B-001,2009,PAPER,1,Q2,PASS,PASS,PASS,,COMPLETE
CUMCM-2009-B-002,2009,PROBLEM_PACKAGE,0,,NOT_APPLICABLE,NOT_APPLICABLE,PASS,,INELIGIBLE
CUMCM-2009-B-003,2009,PAPER,1,Q2,PASS,PASS,PASS,,COMPLETE
CUMCM-2009-B-004,2009,PAPER,1,Q2,PASS,PASS,PASS,,COMPLETE
CUMCM-2009-B-005,2009,PAPER,1,Q2,PASS,PASS,PASS,,COMPLETE
CUMCM-2009-B-006,2009,PAPER,1,Q2,PASS,PASS,PASS,,COMPLETE
CUMCM-2009-B-007,2009,PAPER,1,Q2,PASS,PASS,PASS,,COMPLETE
CUMCM-2009-B-008,2009,PAPER,1,Q2,PASS,PASS,PASS,,COMPLETE
CUMCM-2009-C-001,2009,PAPER,1,Q3,PASS,PASS,PASS,,COMPLETE
CUMCM-2009-C-002,2009,PAPER,1,Q3,PASS,PASS,PASS,,COMPLETE
CUMCM-2009-C-003,2009,PAPER,1,Q3,PASS,PASS,PASS,,COMPLETE
CUMCM-2009-C-004,2009,PAPER,1,Q3,PASS,PASS,PASS,,COMPLETE
CUMCM-2009-C-005,2009,PROBLEM_PACKAGE,0,,NOT_APPLICABLE,NOT_APPLICABLE,PASS,,INELIGIBLE
CUMCM-2009-C-006,2009,PAPER,1,Q3,PASS,PASS,PASS,,COMPLETE
CUMCM-2009-D-001,2009,PROBLEM_PACKAGE,0,,NOT_APPLICABLE,NOT_APPLICABLE,PASS,,INELIGIBLE
CUMCM-2009-D-002,2009,PAPER,1,Q3,PASS,PASS,PASS,,COMPLETE
CUMCM-2009-D-003,2009,PAPER,1,Q3,PASS,PASS,PASS,,COMPLETE
CUMCM-2009-D-004,2009,PAPER,1,Q3,PASS,PASS,PASS,,COMPLETE
CUMCM-2009-D-005,2009,PAPER,1,Q3,PASS,PASS,PASS,,COMPLETE
CUMCM-2010-A-001,2010,PAPER,1,Q3,PASS,PASS,PASS,,COMPLETE
CUMCM-2010-A-002,2010,PROBLEM_PACKAGE,0,,NOT_APPLICABLE,NOT_APPLICABLE,PASS,,INELIGIBLE
CUMCM-2010-A-003,2010,PAPER,1,Q2,PASS,PASS,PASS,,COMPLETE
CUMCM-2010-A-004,2010,PAPER,1,Q2,PASS,PASS,PASS,,COMPLETE
CUMCM-2010-A-005,2010,PAPER,1,Q3,PASS,PASS,PASS,,COMPLETE
CUMCM-2010-A-006,2010,PAPER,1,Q3,PASS,PASS,PASS,,COMPLETE
CUMCM-2010-A-007,2010,PAPER,1,Q2,PASS,PASS,PASS,,COMPLETE
CUMCM-2010-B-001,2010,PAPER,1,Q3,PASS,PASS,PASS,,COMPLETE
CUMCM-2010-B-002,2010,PROBLEM_PACKAGE,0,,NOT_APPLICABLE,NOT_APPLICABLE,PASS,,INELIGIBLE
CUMCM-2010-B-003,2010,PAPER,1,Q2,PASS,PASS,PASS,,COMPLETE
CUMCM-2010-B-004,2010,PAPER,1,Q2,PASS,PASS,PASS,,COMPLETE
CUMCM-2010-B-005,2010,PAPER,1,Q2,PASS,PASS,PASS,,COMPLETE
CUMCM-2010-B-006,2010,PAPER,1,Q2,PASS,PASS,PASS,,COMPLETE
CUMCM-2010-C-001,2010,PAPER,1,Q2,PASS,PASS,PASS,,COMPLETE
CUMCM-2010-C-002,2010,PAPER,1,Q2,PASS,PASS,PASS,,COMPLETE
CUMCM-2010-C-003,2010,PAPER,1,Q3,PASS,PASS,PASS,,COMPLETE
CUMCM-2010-C-004,2010,PAPER,1,Q2,PASS,PASS,PASS,,COMPLETE
CUMCM-2010-C-005,2010,PROBLEM_PACKAGE,0,,NOT_APPLICABLE,NOT_APPLICABLE,PASS,,INELIGIBLE
CUMCM-2010-D-001,2010,PAPER,1,Q3,PASS,PASS,PASS,,COMPLETE
CUMCM-2010-D-002,2010,PAPER,1,Q2,PASS,PASS,PASS,,COMPLETE
CUMCM-2010-D-003,2010,PROBLEM_PACKAGE,0,,NOT_APPLICABLE,NOT_APPLICABLE,PASS,,INELIGIBLE
CUMCM-2010-D-004,2010,PAPER,1,Q2,PASS,PASS,PASS,,COMPLETE
CUMCM-2010-D-005,2010,PAPER,1,Q2,PASS,PASS,PASS,,COMPLETE
CUMCM-2011-A-001,2011,PAPER,1,Q2,PASS,PASS,PASS,,COMPLETE
CUMCM-2011-A-002,2011,PAPER,1,Q2,PASS,PASS,PASS,,COMPLETE
CUMCM-2011-A-003,2011,PAPER,1,UNKNOWN,PASS,PASS,PASS,,COMPLETE
CUMCM-2011-A-004,2011,PAPER,1,Q2,PASS,PASS,PASS,,COMPLETE
CUMCM-2011-A-005,2011,PAPER,1,Q2,PASS,PASS,PASS,,COMPLETE
CUMCM-2011-A-006,2011,PAPER,1,Q2,PASS,PASS,PASS,,COMPLETE
CUMCM-2011-A-007,2011,PAPER,1,Q2,PASS,PASS,PASS,,COMPLETE
CUMCM-2011-A-008,2011,PROBLEM_PACKAGE,0,,NOT_APPLICABLE,NOT_APPLICABLE,PASS,,INELIGIBLE
CUMCM-2011-A-009,2011,PAPER,1,Q2,PASS,PASS,PASS,,COMPLETE
CUMCM-2011-B-001,2011,SUPPORTING_MATERIAL,0,,NOT_APPLICABLE,NOT_APPLICABLE,PASS,,INELIGIBLE
CUMCM-2011-B-002,2011,SUPPORTING_MATERIAL,0,,NOT_APPLICABLE,NOT_APPLICABLE,PASS,,INELIGIBLE
CUMCM-2011-B-003,2011,PAPER,1,Q2,PASS,PASS,PASS,,COMPLETE
CUMCM-2011-B-004,2011,PAPER,1,Q2,PASS,PASS,PASS,,COMPLETE
CUMCM-2011-C-001,2011,PROBLEM_PACKAGE,0,,NOT_APPLICABLE,NOT_APPLICABLE,PASS,,INELIGIBLE
CUMCM-2011-C-002,2011,PAPER,1,UNKNOWN,PASS,PASS,PASS,,COMPLETE
CUMCM-2011-C-003,2011,PAPER,1,UNKNOWN,PASS,PASS,PASS,,COMPLETE
CUMCM-2011-D-001,2011,PAPER,1,UNKNOWN,PASS,PASS,PASS,,COMPLETE
CUMCM-2011-D-002,2011,SUPPORTING_MATERIAL,0,,NOT_APPLICABLE,NOT_APPLICABLE,PASS,,INELIGIBLE
CUMCM-2011-D-003,2011,SUPPORTING_MATERIAL,0,,NOT_APPLICABLE,NOT_APPLICABLE,PASS,,INELIGIBLE
CUMCM-2011-D-004,2011,SUPPORTING_MATERIAL,0,,NOT_APPLICABLE,NOT_APPLICABLE,PASS,,INELIGIBLE
CUMCM-2011-D-005,2011,SUPPORTING_MATERIAL,0,,NOT_APPLICABLE,NOT_APPLICABLE,PASS,,INELIGIBLE
CUMCM-2011-D-006,2011,SUPPORTING_MATERIAL,0,,NOT_APPLICABLE,NOT_APPLICABLE,PASS,,INELIGIBLE
CUMCM-2011-D-007,2011,PAPER,1,UNKNOWN,PASS,PASS,PASS,,COMPLETE
CUMCM-2011-D-008,2011,SUPPORTING_MATERIAL,0,,NOT_APPLICABLE,NOT_APPLICABLE,PASS,,INELIGIBLE
CUMCM-2011-D-009,2011,SUPPORTING_MATERIAL,0,,NOT_APPLICABLE,NOT_APPLICABLE,PASS,,INELIGIBLE
CUMCM-2011-D-010,2011,SUPPORTING_MATERIAL,0,,NOT_APPLICABLE,NOT_APPLICABLE,PASS,,INELIGIBLE
CUMCM-2011-D-011,2011,SUPPORTING_MATERIAL,0,,NOT_APPLICABLE,NOT_APPLICABLE,PASS,,INELIGIBLE
CUMCM-2011-D-012,2011,SUPPORTING_MATERIAL,0,,NOT_APPLICABLE,NOT_APPLICABLE,PASS,,INELIGIBLE
CUMCM-2011-D-013,2011,PAPER,1,UNKNOWN,PASS,PASS,PASS,,COMPLETE
CUMCM-2011-D-014,2011,SUPPORTING_MATERIAL,0,,NOT_APPLICABLE,NOT_APPLICABLE,PASS,,INELIGIBLE
CUMCM-2011-D-015,2011,SUPPORTING_MATERIAL,0,,NOT_APPLICABLE,NOT_APPLICABLE,PASS,,INELIGIBLE
CUMCM-2011-D-016,2011,SUPPORTING_MATERIAL,0,,NOT_APPLICABLE,NOT_APPLICABLE,PASS,,INELIGIBLE
CUMCM-2011-D-017,2011,SUPPORTING_MATERIAL,0,,NOT_APPLICABLE,NOT_APPLICABLE,PASS,,INELIGIBLE
CUMCM-2011-D-018,2011,SUPPORTING_MATERIAL,0,,NOT_APPLICABLE,NOT_APPLICABLE,PASS,,INELIGIBLE
CUMCM-2011-D-019,2011,SUPPORTING_MATERIAL,0,,NOT_APPLICABLE,NOT_APPLICABLE,PASS,,INELIGIBLE
CUMCM-2011-D-020,2011,SUPPORTING_MATERIAL,0,,NOT_APPLICABLE,NOT_APPLICABLE,PASS,,INELIGIBLE
CUMCM-2011-D-021,2011,SUPPORTING_MATERIAL,0,,NOT_APPLICABLE,NOT_APPLICABLE,PASS,,INELIGIBLE
CUMCM-2011-D-022,2011,SUPPORTING_MATERIAL,0,,NOT_APPLICABLE,NOT_APPLICABLE,PASS,,INELIGIBLE
CUMCM-2011-D-023,2011,SUPPORTING_MATERIAL,0,,NOT_APPLICABLE,NOT_APPLICABLE,PASS,,INELIGIBLE
CUMCM-2011-D-024,2011,SUPPORTING_MATERIAL,0,,NOT_APPLICABLE,NOT_APPLICABLE,PASS,,INELIGIBLE
CUMCM-2011-D-025,2011,SUPPORTING_MATERIAL,0,,NOT_APPLICABLE,NOT_APPLICABLE,PASS,,INELIGIBLE
CUMCM-2011-D-026,2011,SUPPORTING_MATERIAL,0,,NOT_APPLICABLE,NOT_APPLICABLE,PASS,,INELIGIBLE
CUMCM-2011-D-027,2011,SUPPORTING_MATERIAL,0,,NOT_APPLICABLE,NOT_APPLICABLE,PASS,,INELIGIBLE
CUMCM-2011-D-028,2011,SUPPORTING_MATERIAL,0,,NOT_APPLICABLE,NOT_APPLICABLE,PASS,,INELIGIBLE
CUMCM-2011-D-029,2011,SUPPORTING_MATERIAL,0,,NOT_APPLICABLE,NOT_APPLICABLE,PASS,,INELIGIBLE
CUMCM-2011-D-030,2011,SUPPORTING_MATERIAL,0,,NOT_APPLICABLE,NOT_APPLICABLE,PASS,,INELIGIBLE
CUMCM-2011-D-031,2011,SUPPORTING_MATERIAL,0,,NOT_APPLICABLE,NOT_APPLICABLE,PASS,,INELIGIBLE
CUMCM-2011-D-032,2011,SUPPORTING_MATERIAL,0,,NOT_APPLICABLE,NOT_APPLICABLE,PASS,,INELIGIBLE
CUMCM-2011-D-033,2011,SUPPORTING_MATERIAL,0,,NOT_APPLICABLE,NOT_APPLICABLE,PASS,,INELIGIBLE
CUMCM-2011-D-034,2011,SUPPORTING_MATERIAL,0,,NOT_APPLICABLE,NOT_APPLICABLE,PASS,,INELIGIBLE
CUMCM-2011-D-035,2011,SUPPORTING_MATERIAL,0,,NOT_APPLICABLE,NOT_APPLICABLE,PASS,,INELIGIBLE
CUMCM-2011-D-036,2011,SUPPORTING_MATERIAL,0,,NOT_APPLICABLE,NOT_APPLICABLE,PASS,,INELIGIBLE
CUMCM-2011-D-037,2011,SUPPORTING_MATERIAL,0,,NOT_APPLICABLE,NOT_APPLICABLE,PASS,,INELIGIBLE
CUMCM-2011-D-038,2011,SUPPORTING_MATERIAL,0,UNKNOWN,NOT_APPLICABLE,NOT_GENERATED,PASS,,CLOSED_INELIGIBLE
CUMCM-2011-D-039,2011,SUPPORTING_MATERIAL,0,,NOT_APPLICABLE,NOT_APPLICABLE,PASS,,INELIGIBLE
CUMCM-2011-D-040,2011,SUPPORTING_MATERIAL,0,,NOT_APPLICABLE,NOT_APPLICABLE,PASS,,INELIGIBLE
CUMCM-2011-D-041,2011,SUPPORTING_MATERIAL,0,,NOT_APPLICABLE,NOT_APPLICABLE,PASS,,INELIGIBLE
CUMCM-2011-D-042,2011,SUPPORTING_MATERIAL,0,,NOT_APPLICABLE,NOT_APPLICABLE,PASS,,INELIGIBLE
CUMCM-2011-D-043,2011,PROBLEM_PACKAGE,0,,NOT_APPLICABLE,NOT_APPLICABLE,PASS,,INELIGIBLE
CUMCM-2011-D-044,2011,SUPPORTING_MATERIAL,0,,NOT_APPLICABLE,NOT_APPLICABLE,PASS,,INELIGIBLE
CUMCM-2011-D-045,2011,SUPPORTING_MATERIAL,0,,NOT_APPLICABLE,NOT_APPLICABLE,PASS,,INELIGIBLE
CUMCM-2011-D-046,2011,SUPPORTING_MATERIAL,0,,NOT_APPLICABLE,NOT_APPLICABLE,PASS,,INELIGIBLE
CUMCM-2011-D-047,2011,SUPPORTING_MATERIAL,0,,NOT_APPLICABLE,NOT_APPLICABLE,PASS,,INELIGIBLE
CUMCM-2011-D-048,2011,SUPPORTING_MATERIAL,0,,NOT_APPLICABLE,NOT_APPLICABLE,PASS,,INELIGIBLE
CUMCM-2011-D-049,2011,SUPPORTING_MATERIAL,0,,NOT_APPLICABLE,NOT_APPLICABLE,PASS,,INELIGIBLE
CUMCM-2012-A-001,2012,PAPER,1,Q2,PASS,PASS,PASS,,COMPLETE
CUMCM-2012-A-002,2012,SUPPORTING_MATERIAL,0,,NOT_APPLICABLE,NOT_APPLICABLE,PASS,,INELIGIBLE
CUMCM-2012-A-003,2012,PAPER,1,UNKNOWN,PASS,PASS,PASS,,COMPLETE
CUMCM-2012-A-004,2012,PROBLEM_PACKAGE,0,,NOT_APPLICABLE,NOT_APPLICABLE,PASS,,INELIGIBLE
CUMCM-2012-A-005,2012,SUPPORTING_MATERIAL,0,,NOT_APPLICABLE,NOT_APPLICABLE,PASS,,INELIGIBLE
CUMCM-2012-A-006,2012,PAPER,1,Q2,PASS,PASS,PASS,,COMPLETE
CUMCM-2012-A-007,2012,PAPER,1,Q2,PASS,PASS,PASS,,COMPLETE
CUMCM-2012-A-A285,2012,PAPER,1,Q2,PASS,PASS,PASS,,COMPLETE
CUMCM-2012-B-001,2012,PROBLEM_PACKAGE,0,,NOT_APPLICABLE,NOT_APPLICABLE,PASS,,INELIGIBLE
CUMCM-2012-B-002,2012,SUPPORTING_MATERIAL,0,,NOT_APPLICABLE,NOT_APPLICABLE,PASS,,INELIGIBLE
CUMCM-2012-B-003,2012,PROBLEM_PACKAGE,0,,NOT_APPLICABLE,NOT_APPLICABLE,PASS,,INELIGIBLE
CUMCM-2012-B-004,2012,PAPER,1,Q2,PASS,PASS,PASS,,COMPLETE
CUMCM-2012-B-005,2012,PAPER,1,UNKNOWN,PASS,PASS,PASS,,COMPLETE
CUMCM-2012-B-006,2012,SUPPORTING_MATERIAL,0,,NOT_APPLICABLE,NOT_APPLICABLE,PASS,,INELIGIBLE
CUMCM-2012-B-007,2012,PAPER,1,UNKNOWN,PASS,PASS,PASS,,COMPLETE
CUMCM-2012-B-B077,2012,PAPER,1,Q2,PASS,PASS,PASS,,COMPLETE
CUMCM-2012-B-B149,2012,PAPER,1,Q2,PASS,PASS,PASS,,COMPLETE
CUMCM-2012-C-001,2012,SUPPORTING_MATERIAL,0,UNKNOWN,NOT_APPLICABLE,NOT_GENERATED,PASS,,CLOSED_INELIGIBLE
CUMCM-2012-C-002,2012,PROBLEM_PACKAGE,0,,NOT_APPLICABLE,NOT_APPLICABLE,PASS,,INELIGIBLE
CUMCM-2012-C-003,2012,PAPER,1,UNKNOWN,PASS,PASS,PASS,,COMPLETE
CUMCM-2012-C-004,2012,PAPER,1,UNKNOWN,PASS,PASS,PASS,,COMPLETE
CUMCM-2012-D-001,2012,PAPER,1,UNKNOWN,PASS,PASS,PASS,,COMPLETE
CUMCM-2012-D-002,2012,SUPPORTING_MATERIAL,0,,NOT_APPLICABLE,NOT_APPLICABLE,PASS,,INELIGIBLE
CUMCM-2012-D-003,2012,SUPPORTING_MATERIAL,0,,NOT_APPLICABLE,NOT_APPLICABLE,PASS,,INELIGIBLE
CUMCM-2012-D-004,2012,SUPPORTING_MATERIAL,0,,NOT_APPLICABLE,NOT_APPLICABLE,PASS,,INELIGIBLE
CUMCM-2012-D-005,2012,SUPPORTING_MATERIAL,0,,NOT_APPLICABLE,NOT_APPLICABLE,PASS,,INELIGIBLE
CUMCM-2012-D-006,2012,SUPPORTING_MATERIAL,0,,NOT_APPLICABLE,NOT_APPLICABLE,PASS,,INELIGIBLE
CUMCM-2012-D-007,2012,SUPPORTING_MATERIAL,0,,NOT_APPLICABLE,NOT_APPLICABLE,PASS,,INELIGIBLE
CUMCM-2012-D-008,2012,SUPPORTING_MATERIAL,0,,NOT_APPLICABLE,NOT_APPLICABLE,PASS,,INELIGIBLE
CUMCM-2012-D-009,2012,SUPPORTING_MATERIAL,0,,NOT_APPLICABLE,NOT_APPLICABLE,PASS,,INELIGIBLE
CUMCM-2012-D-010,2012,SUPPORTING_MATERIAL,0,,NOT_APPLICABLE,NOT_APPLICABLE,PASS,,INELIGIBLE
CUMCM-2012-D-011,2012,SUPPORTING_MATERIAL,0,,NOT_APPLICABLE,NOT_APPLICABLE,PASS,,INELIGIBLE
CUMCM-2012-D-012,2012,SUPPORTING_MATERIAL,0,,NOT_APPLICABLE,NOT_APPLICABLE,PASS,,INELIGIBLE
CUMCM-2012-D-013,2012,SUPPORTING_MATERIAL,0,,NOT_APPLICABLE,NOT_APPLICABLE,PASS,,INELIGIBLE
CUMCM-2012-D-014,2012,PROBLEM_PACKAGE,0,,NOT_APPLICABLE,NOT_APPLICABLE,PASS,,INELIGIBLE
CUMCM-2012-D-015,2012,SUPPORTING_MATERIAL,0,,NOT_APPLICABLE,NOT_APPLICABLE,PASS,,INELIGIBLE
CUMCM-2012-D-D044,2012,PAPER,1,UNKNOWN,PASS,PASS,PASS,,COMPLETE
CUMCM-2013-A-001,2013,PAPER,1,Q2,PASS,PASS,PASS,,COMPLETE
CUMCM-2013-A-002,2013,PROBLEM_PACKAGE,0,UNKNOWN,NOT_APPLICABLE,NOT_APPLICABLE,PASS,,INELIGIBLE
CUMCM-2013-A-003,2013,PAPER,1,Q2,PASS,PASS,PASS,,COMPLETE
CUMCM-2013-A-004,2013,PAPER,1,Q2,PASS,PASS,PASS,,COMPLETE
CUMCM-2013-A-005,2013,PAPER,1,Q2,PASS,PASS,PASS,,COMPLETE
CUMCM-2013-A-006,2013,PROBLEM_PACKAGE,0,UNKNOWN,NOT_APPLICABLE,NOT_APPLICABLE,PASS,,INELIGIBLE
CUMCM-2013-A-A0114,2013,PAPER,1,Q2,PASS,PASS,PASS,,COMPLETE
CUMCM-2013-B-001,2013,PROBLEM_PACKAGE,0,,NOT_APPLICABLE,NOT_APPLICABLE,PASS,,INELIGIBLE
CUMCM-2013-B-002,2013,PROBLEM_PACKAGE,0,,NOT_APPLICABLE,NOT_APPLICABLE,PASS,,INELIGIBLE
CUMCM-2013-B-003,2013,PROBLEM_PACKAGE,0,,NOT_APPLICABLE,NOT_APPLICABLE,PASS,,INELIGIBLE
CUMCM-2013-B-004,2013,PROBLEM_PACKAGE,0,,NOT_APPLICABLE,NOT_APPLICABLE,PASS,,INELIGIBLE
CUMCM-2013-B-005,2013,PROBLEM_PACKAGE,0,,NOT_APPLICABLE,NOT_APPLICABLE,PASS,,INELIGIBLE
CUMCM-2013-B-006,2013,PROBLEM_PACKAGE,0,,NOT_APPLICABLE,NOT_APPLICABLE,PASS,,INELIGIBLE
CUMCM-2013-C-001,2013,SUPPORTING_MATERIAL,0,UNKNOWN,NOT_APPLICABLE,NOT_APPLICABLE,PASS,,INELIGIBLE
CUMCM-2013-C-002,2013,SUPPORTING_MATERIAL,0,UNKNOWN,NOT_APPLICABLE,NOT_APPLICABLE,PASS,,INELIGIBLE
CUMCM-2013-C-003,2013,SUPPORTING_MATERIAL,0,UNKNOWN,NOT_APPLICABLE,NOT_APPLICABLE,PASS,,INELIGIBLE
CUMCM-2013-C-004,2013,SUPPORTING_MATERIAL,0,UNKNOWN,NOT_APPLICABLE,NOT_APPLICABLE,PASS,,INELIGIBLE
CUMCM-2013-C-005,2013,SUPPORTING_MATERIAL,0,UNKNOWN,NOT_APPLICABLE,NOT_APPLICABLE,PASS,,INELIGIBLE
CUMCM-2013-C-006,2013,PROBLEM_PACKAGE,0,UNKNOWN,NOT_APPLICABLE,NOT_APPLICABLE,PASS,,INELIGIBLE
CUMCM-2013-C-007,2013,SUPPORTING_MATERIAL,0,UNKNOWN,NOT_APPLICABLE,NOT_APPLICABLE,PASS,,INELIGIBLE
CUMCM-2013-C-008,2013,SUPPORTING_MATERIAL,0,UNKNOWN,NOT_APPLICABLE,NOT_APPLICABLE,PASS,,INELIGIBLE
CUMCM-2013-C-009,2013,SUPPORTING_MATERIAL,0,UNKNOWN,NOT_APPLICABLE,NOT_APPLICABLE,PASS,,INELIGIBLE
CUMCM-2013-C-010,2013,PAPER,1,Q2,PASS,PASS,PASS,,COMPLETE
CUMCM-2013-D-001,2013,PAPER,1,UNKNOWN,PASS,PASS,PASS,,COMPLETE
CUMCM-2013-D-002,2013,PROBLEM_PACKAGE,0,UNKNOWN,NOT_APPLICABLE,NOT_APPLICABLE,PASS,,INELIGIBLE
CUMCM-2013-D-003,2013,PROBLEM_PACKAGE,0,UNKNOWN,NOT_APPLICABLE,NOT_APPLICABLE,PASS,,INELIGIBLE
CUMCM-2013-D-004,2013,PAPER,1,UNKNOWN,PASS,PASS,PASS,,COMPLETE
CUMCM-2014-A-001,2014,SUPPORTING_MATERIAL,0,,NOT_APPLICABLE,NOT_APPLICABLE,PASS,,INELIGIBLE
CUMCM-2014-A-002,2014,SUPPORTING_MATERIAL,0,,NOT_APPLICABLE,NOT_APPLICABLE,PASS,,INELIGIBLE
CUMCM-2014-A-003,2014,PROBLEM_PACKAGE,0,,NOT_APPLICABLE,NOT_APPLICABLE,PASS,,INELIGIBLE
CUMCM-2014-A-004,2014,SUPPORTING_MATERIAL,0,,NOT_APPLICABLE,NOT_APPLICABLE,PASS,,INELIGIBLE
CUMCM-2014-A-005,2014,SUPPORTING_MATERIAL,0,,NOT_APPLICABLE,NOT_APPLICABLE,PASS,,INELIGIBLE
CUMCM-2014-A-006,2014,SUPPORTING_MATERIAL,0,,NOT_APPLICABLE,NOT_APPLICABLE,PASS,,INELIGIBLE
CUMCM-2014-A-007,2014,SUPPORTING_MATERIAL,0,,NOT_APPLICABLE,NOT_APPLICABLE,PASS,,INELIGIBLE
CUMCM-2014-A-008,2014,SUPPORTING_MATERIAL,0,,NOT_APPLICABLE,NOT_APPLICABLE,PASS,,INELIGIBLE
CUMCM-2014-A-009,2014,SUPPORTING_MATERIAL,0,,NOT_APPLICABLE,NOT_APPLICABLE,PASS,,INELIGIBLE
CUMCM-2014-A-A1000,2014,PAPER,1,Q2,PASS,PASS,PASS,,COMPLETE
CUMCM-2014-A-A1114,2014,PAPER,1,Q2,PASS,PASS,PASS,,COMPLETE
CUMCM-2014-A-A1116,2014,PAPER,1,Q2,PASS,PASS,PASS,,COMPLETE
CUMCM-2014-A-A1501,2014,PAPER,1,Q2,PASS,PASS,PASS,,COMPLETE
CUMCM-2014-A-A2302,2014,PAPER,1,Q2,PASS,PASS,PASS,,COMPLETE
CUMCM-2014-B-001,2014,SUPPORTING_MATERIAL,0,UNKNOWN,NOT_APPLICABLE,NOT_GENERATED,PASS,,CLOSED_INELIGIBLE
CUMCM-2014-B-002,2014,SUPPORTING_MATERIAL,0,,NOT_APPLICABLE,NOT_APPLICABLE,PASS,,INELIGIBLE
CUMCM-2014-B-003,2014,PROBLEM_PACKAGE,0,,NOT_APPLICABLE,NOT_APPLICABLE,PASS,,INELIGIBLE
CUMCM-2014-B-B1604,2014,SUPPORTING_MATERIAL,0,UNKNOWN,NOT_APPLICABLE,NOT_GENERATED,PASS,,CLOSED_INELIGIBLE
CUMCM-2014-B-B1801,2014,PAPER,1,Q2,PASS,PASS,PASS,,COMPLETE
CUMCM-2014-B-B2704,2014,PAPER,1,Q2,PASS,PASS,PASS,,COMPLETE
CUMCM-2014-C-001,2014,SUPPORTING_MATERIAL,0,,NOT_APPLICABLE,NOT_APPLICABLE,PASS,,INELIGIBLE
CUMCM-2014-C-002,2014,SUPPORTING_MATERIAL,0,,NOT_APPLICABLE,NOT_APPLICABLE,PASS,,INELIGIBLE
CUMCM-2014-C-003,2014,SUPPORTING_MATERIAL,0,,NOT_APPLICABLE,NOT_APPLICABLE,PASS,,INELIGIBLE
CUMCM-2014-C-004,2014,SUPPORTING_MATERIAL,0,,NOT_APPLICABLE,NOT_APPLICABLE,PASS,,INELIGIBLE
CUMCM-2014-C-005,2014,SUPPORTING_MATERIAL,0,,NOT_APPLICABLE,NOT_APPLICABLE,PASS,,INELIGIBLE
CUMCM-2014-C-006,2014,SUPPORTING_MATERIAL,0,,NOT_APPLICABLE,NOT_APPLICABLE,PASS,,INELIGIBLE
CUMCM-2014-C-007,2014,SUPPORTING_MATERIAL,0,,NOT_APPLICABLE,NOT_APPLICABLE,PASS,,INELIGIBLE
CUMCM-2014-C-008,2014,PROBLEM_PACKAGE,0,,NOT_APPLICABLE,NOT_APPLICABLE,PASS,,INELIGIBLE
CUMCM-2014-C-009,2014,SUPPORTING_MATERIAL,0,,NOT_APPLICABLE,NOT_APPLICABLE,PASS,,INELIGIBLE
CUMCM-2014-C-010,2014,PAPER,1,Q2,PASS,PASS,PASS,,COMPLETE
CUMCM-2014-C-C1951,2014,PAPER,1,Q2,PASS,PASS,PASS,,COMPLETE
CUMCM-2014-D-001,2014,PROBLEM_PACKAGE,0,,NOT_APPLICABLE,NOT_APPLICABLE,PASS,,INELIGIBLE
CUMCM-2014-D-002,2014,PAPER,1,UNKNOWN,PASS,PASS,PASS,,COMPLETE
CUMCM-2014-D-003,2014,PAPER,1,UNKNOWN,PASS,PASS,PASS,,COMPLETE
CUMCM-2014-D-004,2014,SUPPORTING_MATERIAL,0,,NOT_APPLICABLE,NOT_APPLICABLE,PASS,,INELIGIBLE
CUMCM-2014-D-D2202,2014,PAPER,1,Q2,PASS,PASS,PASS,,COMPLETE
CUMCM-2016-A-001,2016,PROBLEM_PACKAGE,0,,NOT_APPLICABLE,NOT_APPLICABLE,PASS,,INELIGIBLE
CUMCM-2016-A-002,2016,PAPER,1,Q2,PASS,PASS,PASS,,COMPLETE
CUMCM-2016-A-003,2016,PAPER,1,Q2,PASS,PASS,PASS,,COMPLETE
CUMCM-2016-A-004,2016,PAPER,1,Q2,PASS,PASS,PASS,,COMPLETE
CUMCM-2016-A-005,2016,PAPER,1,Q2,PASS,PASS,PASS,,COMPLETE
CUMCM-2016-A-006,2016,PAPER,1,Q2,PASS,PASS,PASS,,COMPLETE
CUMCM-2016-B-001,2016,PAPER,1,Q2,PASS,PASS,PASS,,COMPLETE
CUMCM-2016-B-002,2016,PAPER,1,Q2,PASS,PASS,PASS,,COMPLETE
CUMCM-2016-B-003,2016,PAPER,1,Q2,PASS,PASS,PASS,,COMPLETE
CUMCM-2016-B-004,2016,PAPER,1,Q2,PASS,PASS,PASS,,COMPLETE
CUMCM-2016-B-005,2016,PAPER,1,Q2,PASS,PASS,PASS,,COMPLETE
CUMCM-2016-B-006,2016,PROBLEM_PACKAGE,0,,NOT_APPLICABLE,NOT_APPLICABLE,PASS,,INELIGIBLE
CUMCM-2016-C-001,2016,PAPER,1,Q2,PASS,PASS,PASS,,COMPLETE
CUMCM-2016-C-002,2016,PROBLEM_PACKAGE,0,,NOT_APPLICABLE,NOT_APPLICABLE,PASS,,INELIGIBLE
CUMCM-2016-C-003,2016,PAPER,1,Q2,PASS,PASS,PASS,,COMPLETE
CUMCM-2016-D-001,2016,PROBLEM_PACKAGE,0,,NOT_APPLICABLE,NOT_APPLICABLE,PASS,,INELIGIBLE
CUMCM-2016-D-002,2016,PAPER,1,Q2,PASS,PASS,PASS,,COMPLETE
CUMCM-2016-D-003,2016,PAPER,1,Q2,PASS,PASS,PASS,,COMPLETE
CUMCM-2016-D-004,2016,PAPER,1,Q2,PASS,PASS,PASS,,COMPLETE
CUMCM-2017-A-001,2017,PAPER,1,Q2,PASS,PASS,PASS,,COMPLETE
CUMCM-2017-A-002,2017,PAPER,1,Q2,PASS,PASS,PASS,,COMPLETE
CUMCM-2017-A-003,2017,PAPER,1,Q2,PASS,PASS,PASS,,COMPLETE
CUMCM-2017-A-004,2017,PAPER,1,Q2,PASS,PASS,PASS,,COMPLETE
CUMCM-2017-A-005,2017,PROBLEM_PACKAGE,0,,NOT_APPLICABLE,NOT_APPLICABLE,PASS,,INELIGIBLE
CUMCM-2017-A-006,2017,PAPER,1,Q2,PASS,PASS,PASS,,COMPLETE
CUMCM-2017-B-001,2017,PAPER,1,Q2,PASS,PASS,PASS,,COMPLETE
CUMCM-2017-B-002,2017,PROBLEM_PACKAGE,0,,NOT_APPLICABLE,NOT_APPLICABLE,PASS,,INELIGIBLE
CUMCM-2017-B-003,2017,PAPER,1,Q2,PASS,PASS,PASS,,COMPLETE
CUMCM-2017-B-004,2017,PAPER,1,Q2,PASS,PASS,PASS,,COMPLETE
CUMCM-2017-B-005,2017,PAPER,1,Q2,PASS,PASS,PASS,,COMPLETE
CUMCM-2017-B-006,2017,PAPER,1,Q2,PASS,PASS,PASS,,COMPLETE
CUMCM-2017-B-007,2017,PAPER,1,Q2,PASS,PASS,PASS,,COMPLETE
CUMCM-2017-B-008,2017,PAPER,1,Q2,PASS,PASS,PASS,,COMPLETE
CUMCM-2017-C-001,2017,PROBLEM_PACKAGE,0,,NOT_APPLICABLE,NOT_APPLICABLE,PASS,,INELIGIBLE
CUMCM-2017-C-002,2017,PAPER,1,Q2,PASS,PASS,PASS,,COMPLETE
CUMCM-2017-C-003,2017,PAPER,1,Q2,PASS,PASS,PASS,,COMPLETE
CUMCM-2017-C-004,2017,PAPER,1,Q2,PASS,PASS,PASS,,COMPLETE
CUMCM-2017-D-001,2017,PAPER,1,Q2,PASS,PASS,PASS,,COMPLETE
CUMCM-2017-D-002,2017,PROBLEM_PACKAGE,0,,NOT_APPLICABLE,NOT_APPLICABLE,PASS,,INELIGIBLE
CUMCM-2017-D-003,2017,PAPER,1,Q2,PASS,PASS,PASS,,COMPLETE
CUMCM-2017-D-004,2017,PAPER,1,Q2,PASS,PASS,PASS,,COMPLETE
CUMCM-2018-A-001,2018,PAPER,1,Q2,PASS,PASS,PASS,,COMPLETE
CUMCM-2018-A-002,2018,PAPER,1,Q2,PASS,PASS,PASS,,COMPLETE
CUMCM-2018-A-003,2018,PAPER,1,Q2,PASS,PASS,PASS,,COMPLETE
CUMCM-2018-A-004,2018,PROBLEM_PACKAGE,0,,NOT_APPLICABLE,NOT_APPLICABLE,PASS,,INELIGIBLE
CUMCM-2018-A-005,2018,PAPER,1,Q2,PASS,PASS,PASS,,COMPLETE
CUMCM-2018-B-001,2018,PAPER,1,Q2,PASS,PASS,PASS,,COMPLETE
CUMCM-2018-B-002,2018,PROBLEM_PACKAGE,0,,NOT_APPLICABLE,NOT_APPLICABLE,PASS,,INELIGIBLE
CUMCM-2018-B-003,2018,PAPER,1,Q2,PASS,PASS,PASS,,COMPLETE
CUMCM-2018-B-004,2018,PAPER,1,Q2,PASS,PASS,PASS,,COMPLETE
CUMCM-2018-C-001,2018,PROBLEM_PACKAGE,0,,NOT_APPLICABLE,NOT_APPLICABLE,PASS,,INELIGIBLE
CUMCM-2018-C-002,2018,PAPER,1,Q2,PASS,PASS,PASS,,COMPLETE
CUMCM-2018-C-003,2018,PAPER,1,Q2,PASS,PASS,PASS,,COMPLETE
CUMCM-2018-D-001,2018,PROBLEM_PACKAGE,0,,NOT_APPLICABLE,NOT_APPLICABLE,PASS,,INELIGIBLE
CUMCM-2018-D-002,2018,PAPER,1,Q2,PASS,PASS,PASS,,COMPLETE
CUMCM-2018-D-003,2018,PAPER,1,Q2,PASS,PASS,PASS,,COMPLETE
CUMCM-2018-D-004,2018,PAPER,1,Q2,PASS,PASS,PASS,,COMPLETE
CUMCM-2019-A-001,2019,PROBLEM_PACKAGE,0,,NOT_APPLICABLE,NOT_APPLICABLE,PASS,,INELIGIBLE
CUMCM-2019-A-002,2019,PAPER,1,Q3,PASS,PASS,PASS,,COMPLETE
CUMCM-2019-A-003,2019,PAPER,1,Q3,PASS,PASS,PASS,,COMPLETE
CUMCM-2019-A-004,2019,PAPER,1,Q3,PASS,PASS,PASS,,COMPLETE
CUMCM-2019-B-001,2019,PAPER,1,Q3,PASS,PASS,PASS,,COMPLETE
CUMCM-2019-B-002,2019,PAPER,1,Q3,PASS,PASS,PASS,,COMPLETE
CUMCM-2019-B-003,2019,PROBLEM_PACKAGE,0,,NOT_APPLICABLE,NOT_APPLICABLE,PASS,,INELIGIBLE
CUMCM-2019-B-004,2019,PAPER,1,Q3,PASS,PASS,PASS,,COMPLETE
CUMCM-2019-C-001,2019,PAPER,1,Q3,PASS,PASS,PASS,,COMPLETE
CUMCM-2019-C-002,2019,PAPER,1,Q3,PASS,PASS,PASS,,COMPLETE
CUMCM-2019-C-003,2019,PROBLEM_PACKAGE,0,,NOT_APPLICABLE,NOT_APPLICABLE,PASS,,INELIGIBLE
CUMCM-2019-C-004,2019,PAPER,1,Q3,PASS,PASS,PASS,,COMPLETE
CUMCM-2019-D-001,2019,PROBLEM_PACKAGE,0,,NOT_APPLICABLE,NOT_APPLICABLE,PASS,,INELIGIBLE
CUMCM-2019-E-001,2019,PAPER,1,Q3,PASS,PASS,PASS,,COMPLETE
CUMCM-2019-E-002,2019,PAPER,1,Q3,PASS,PASS,PASS,,COMPLETE
CUMCM-2019-E-003,2019,PROBLEM_PACKAGE,0,,NOT_APPLICABLE,NOT_APPLICABLE,PASS,,INELIGIBLE
CUMCM-2019-E-004,2019,PAPER,1,Q3,PASS,PASS,PASS,,COMPLETE
CUMCM-2020-A-001,2020,PAPER,1,Q3,PASS,PASS,PASS,,COMPLETE
CUMCM-2020-A-002,2020,PAPER,1,Q3,PASS,PASS,PASS,,COMPLETE
CUMCM-2020-A-003,2020,PROBLEM_PACKAGE,0,,NOT_APPLICABLE,NOT_APPLICABLE,PASS,,INELIGIBLE
CUMCM-2020-A-004,2020,PAPER,1,Q3,PASS,PASS,PASS,,COMPLETE
CUMCM-2020-B-001,2020,PAPER,1,Q3,PASS,PASS,PASS,,COMPLETE
CUMCM-2020-B-002,2020,PAPER,1,Q3,PASS,PASS,PASS,,COMPLETE
CUMCM-2020-B-003,2020,PROBLEM_PACKAGE,0,,NOT_APPLICABLE,NOT_APPLICABLE,PASS,,INELIGIBLE
CUMCM-2020-B-004,2020,PAPER,1,Q3,PASS,PASS,PASS,,COMPLETE
CUMCM-2020-B-005,2020,PAPER,1,Q3,PASS,PASS,PASS,,COMPLETE
CUMCM-2020-C-001,2020,PAPER,1,Q3,PASS,PASS,PASS,,COMPLETE
CUMCM-2020-C-002,2020,PAPER,1,Q3,PASS,PASS,PASS,,COMPLETE
CUMCM-2020-C-003,2020,PAPER,1,Q3,PASS,PASS,PASS,,COMPLETE
CUMCM-2020-C-004,2020,PROBLEM_PACKAGE,0,,NOT_APPLICABLE,NOT_APPLICABLE,PASS,,INELIGIBLE
CUMCM-2020-D-001,2020,PAPER,1,Q3,PASS,PASS,PASS,,COMPLETE
CUMCM-2020-D-002,2020,PROBLEM_PACKAGE,0,,NOT_APPLICABLE,NOT_APPLICABLE,PASS,,INELIGIBLE
CUMCM-2020-D-003,2020,PAPER,1,Q3,PASS,PASS,PASS,,COMPLETE
CUMCM-2020-D-004,2020,PAPER,1,Q3,PASS,PASS,PASS,,COMPLETE
CUMCM-2020-E-001,2020,PROBLEM_PACKAGE,0,,NOT_APPLICABLE,NOT_APPLICABLE,PASS,,INELIGIBLE
CUMCM-2021-A-001,2021,PROBLEM_PACKAGE,0,,NOT_APPLICABLE,NOT_APPLICABLE,PASS,,INELIGIBLE
CUMCM-2021-A-A028,2021,PAPER,1,Q2,PASS,PASS,PASS,,COMPLETE
CUMCM-2021-A-A115,2021,PAPER,1,Q2,PASS,PASS,PASS,,COMPLETE
CUMCM-2021-A-A217,2021,PAPER,1,Q2,PASS,PASS,PASS,,COMPLETE
CUMCM-2021-B-001,2021,PROBLEM_PACKAGE,0,,NOT_APPLICABLE,NOT_APPLICABLE,PASS,,INELIGIBLE
CUMCM-2021-B-B007,2021,PAPER,1,Q2,PASS,PASS,PASS,,COMPLETE
CUMCM-2021-B-B026,2021,PAPER,1,Q2,PASS,PASS,PASS,,COMPLETE
CUMCM-2021-B-B050,2021,PAPER,1,Q2,PASS,PASS,PASS,,COMPLETE
CUMCM-2021-B-B106,2021,PAPER,1,Q2,PASS,PASS,PASS,,COMPLETE
CUMCM-2021-C-001,2021,PROBLEM_PACKAGE,0,,NOT_APPLICABLE,NOT_APPLICABLE,PASS,,INELIGIBLE
CUMCM-2021-C-C066,2021,PAPER,1,Q2,PASS,PASS,PASS,,COMPLETE
CUMCM-2021-C-C085,2021,PAPER,1,Q2,PASS,PASS,PASS,,COMPLETE
CUMCM-2021-C-C169,2021,PAPER,1,Q2,PASS,PASS,PASS,,COMPLETE
CUMCM-2021-C-C283,2021,PAPER,1,Q2,PASS,PASS,PASS,,COMPLETE
CUMCM-2021-D-001,2021,PROBLEM_PACKAGE,0,,NOT_APPLICABLE,NOT_APPLICABLE,PASS,,INELIGIBLE
CUMCM-2021-D-D017,2021,PAPER,1,Q2,PASS,PASS,PASS,,COMPLETE
CUMCM-2021-D-D026,2021,PAPER,1,Q2,PASS,PASS,PASS,,COMPLETE
CUMCM-2021-D-D034,2021,PAPER,1,Q2,PASS,PASS,PASS,,COMPLETE
CUMCM-2021-E-001,2021,PROBLEM_PACKAGE,0,,NOT_APPLICABLE,NOT_APPLICABLE,PASS,,INELIGIBLE
CUMCM-2021-E-E014,2021,PAPER,1,Q2,PASS,PASS,PASS,,COMPLETE
CUMCM-2021-E-E025,2021,PAPER,1,Q2,PASS,PASS,PASS,,COMPLETE
CUMCM-2021-E-E037,2021,PAPER,1,Q2,PASS,PASS,PASS,,COMPLETE
CUMCM-2022-C-C229,2022,PAPER,1,Q2,PASS,PASS,PASS,,COMPLETE
CUMCM-2022-E-E014,2022,PAPER,1,Q2,PASS,PASS,PASS,,COMPLETE
CUMCM-2023-A-001,2023,PROBLEM_PACKAGE,0,,NOT_APPLICABLE,NOT_APPLICABLE,PASS,,INELIGIBLE
CUMCM-2023-B-001,2023,PROBLEM_PACKAGE,0,,NOT_APPLICABLE,NOT_APPLICABLE,PASS,,INELIGIBLE
CUMCM-2023-C-001,2023,PROBLEM_PACKAGE,0,,NOT_APPLICABLE,NOT_APPLICABLE,PASS,,INELIGIBLE
CUMCM-2023-D-001,2023,PROBLEM_PACKAGE,0,,NOT_APPLICABLE,NOT_APPLICABLE,PASS,,INELIGIBLE
CUMCM-2023-E-001,2023,PROBLEM_PACKAGE,0,,NOT_APPLICABLE,NOT_APPLICABLE,PASS,,INELIGIBLE
CUMCM-2024-A-001,2024,PAPER,1,Q2,PASS,PASS,PASS,,COMPLETE
CUMCM-2024-B-001,2024,PAPER,1,Q2,PASS,PASS,PASS,,COMPLETE
CUMCM-2024-C-001,2024,PAPER,1,Q2,PASS,PASS,PASS,,COMPLETE
CUMCM-2024-D-001,2024,PAPER,1,Q2,PASS,PASS,PASS,,COMPLETE
CUMCM-2024-E-001,2024,PAPER,1,Q2,PASS,PASS,PASS,,COMPLETE
