paper_id,source_file,source_sha256,source_page,page_class,final_page_class,extraction_chars,status,evidence
CUMCM-2006-A-006,2006年数学建模国赛真题+优秀论文/2006年优秀论文/2006A：出版社的资源优化配置.pdf,008CC60DF63D109D4991406BB85DC92D31003FB52AFA11A105AA42EA86C929E4,1,TEXT_PAGE,TEXT_PAGE,1268,PASS,OCR derivative has non-empty page-scoped text
CUMCM-2006-A-006,2006年数学建模国赛真题+优秀论文/2006年优秀论文/2006A：出版社的资源优化配置.pdf,008CC60DF63D109D4991406BB85DC92D31003FB52AFA11A105AA42EA86C929E4,2,TEXT_PAGE,TEXT_PAGE,1924,PASS,OCR derivative has non-empty page-scoped text
CUMCM-2006-A-006,2006年数学建模国赛真题+优秀论文/2006年优秀论文/2006A：出版社的资源优化配置.pdf,008CC60DF63D109D4991406BB85DC92D31003FB52AFA11A105AA42EA86C929E4,3,TEXT_PAGE,TEXT_PAGE,732,PASS,OCR derivative has non-empty page-scoped text
CUMCM-2006-A-006,2006年数学建模国赛真题+优秀论文/2006年优秀论文/2006A：出版社的资源优化配置.pdf,008CC60DF63D109D4991406BB85DC92D31003FB52AFA11A105AA42EA86C929E4,4,TEXT_PAGE,TEXT_PAGE,1477,PASS,OCR derivative has non-empty page-scoped text
CUMCM-2006-A-006,2006年数学建模国赛真题+优秀论文/2006年优秀论文/2006A：出版社的资源优化配置.pdf,008CC60DF63D109D4991406BB85DC92D31003FB52AFA11A105AA42EA86C929E4,5,TEXT_PAGE,TEXT_PAGE,980,PASS,OCR derivative has non-empty page-scoped text
CUMCM-2006-A-006,2006年数学建模国赛真题+优秀论文/2006年优秀论文/2006A：出版社的资源优化配置.pdf,008CC60DF63D109D4991406BB85DC92D31003FB52AFA11A105AA42EA86C929E4,6,TEXT_PAGE,TEXT_PAGE,728,PASS,OCR derivative has non-empty page-scoped text
CUMCM-2006-A-006,2006年数学建模国赛真题+优秀论文/2006年优秀论文/2006A：出版社的资源优化配置.pdf,008CC60DF63D109D4991406BB85DC92D31003FB52AFA11A105AA42EA86C929E4,7,TEXT_PAGE,TEXT_PAGE,1274,PASS,OCR derivative has non-empty page-scoped text
CUMCM-2006-A-006,2006年数学建模国赛真题+优秀论文/2006年优秀论文/2006A：出版社的资源优化配置.pdf,008CC60DF63D109D4991406BB85DC92D31003FB52AFA11A105AA42EA86C929E4,8,TEXT_PAGE,TEXT_PAGE,800,PASS,OCR derivative has non-empty page-scoped text
CUMCM-2006-A-006,2006年数学建模国赛真题+优秀论文/2006年优秀论文/2006A：出版社的资源优化配置.pdf,008CC60DF63D109D4991406BB85DC92D31003FB52AFA11A105AA42EA86C929E4,9,TEXT_PAGE,TEXT_PAGE,1060,PASS,OCR derivative has non-empty page-scoped text
CUMCM-2006-A-006,2006年数学建模国赛真题+优秀论文/2006年优秀论文/2006A：出版社的资源优化配置.pdf,008CC60DF63D109D4991406BB85DC92D31003FB52AFA11A105AA42EA86C929E4,10,TEXT_PAGE,TEXT_PAGE,1242,PASS,OCR derivative has non-empty page-scoped text
CUMCM-2006-A-006,2006年数学建模国赛真题+优秀论文/2006年优秀论文/2006A：出版社的资源优化配置.pdf,008CC60DF63D109D4991406BB85DC92D31003FB52AFA11A105AA42EA86C929E4,11,TEXT_PAGE,TEXT_PAGE,1281,PASS,OCR derivative has non-empty page-scoped text
CUMCM-2006-A-006,2006年数学建模国赛真题+优秀论文/2006年优秀论文/2006A：出版社的资源优化配置.pdf,008CC60DF63D109D4991406BB85DC92D31003FB52AFA11A105AA42EA86C929E4,12,TEXT_PAGE,TEXT_PAGE,716,PASS,OCR derivative has non-empty page-scoped text
CUMCM-2006-A-006,2006年数学建模国赛真题+优秀论文/2006年优秀论文/2006A：出版社的资源优化配置.pdf,008CC60DF63D109D4991406BB85DC92D31003FB52AFA11A105AA42EA86C929E4,13,TEXT_PAGE,TEXT_PAGE,958,PASS,OCR derivative has non-empty page-scoped text
CUMCM-2006-A-006,2006年数学建模国赛真题+优秀论文/2006年优秀论文/2006A：出版社的资源优化配置.pdf,008CC60DF63D109D4991406BB85DC92D31003FB52AFA11A105AA42EA86C929E4,14,TEXT_PAGE,TEXT_PAGE,1570,PASS,OCR derivative has non-empty page-scoped text
CUMCM-2006-A-006,2006年数学建模国赛真题+优秀论文/2006年优秀论文/2006A：出版社的资源优化配置.pdf,008CC60DF63D109D4991406BB85DC92D31003FB52AFA11A105AA42EA86C929E4,15,TEXT_PAGE,TEXT_PAGE,1306,PASS,OCR derivative has non-empty page-scoped text
CUMCM-2006-A-006,2006年数学建模国赛真题+优秀论文/2006年优秀论文/2006A：出版社的资源优化配置.pdf,008CC60DF63D109D4991406BB85DC92D31003FB52AFA11A105AA42EA86C929E4,16,TEXT_PAGE,TEXT_PAGE,1340,PASS,OCR derivative has non-empty page-scoped text
CUMCM-2006-A-006,2006年数学建模国赛真题+优秀论文/2006年优秀论文/2006A：出版社的资源优化配置.pdf,008CC60DF63D109D4991406BB85DC92D31003FB52AFA11A105AA42EA86C929E4,17,TEXT_PAGE,TEXT_PAGE,1246,PASS,OCR derivative has non-empty page-scoped text
CUMCM-2006-A-006,2006年数学建模国赛真题+优秀论文/2006年优秀论文/2006A：出版社的资源优化配置.pdf,008CC60DF63D109D4991406BB85DC92D31003FB52AFA11A105AA42EA86C929E4,18,TEXT_PAGE,TEXT_PAGE,1790,PASS,OCR derivative has non-empty page-scoped text
CUMCM-2006-A-006,2006年数学建模国赛真题+优秀论文/2006年优秀论文/2006A：出版社的资源优化配置.pdf,008CC60DF63D109D4991406BB85DC92D31003FB52AFA11A105AA42EA86C929E4,19,TEXT_PAGE,TEXT_PAGE,1281,PASS,OCR derivative has non-empty page-scoped text
CUMCM-2006-A-006,2006年数学建模国赛真题+优秀论文/2006年优秀论文/2006A：出版社的资源优化配置.pdf,008CC60DF63D109D4991406BB85DC92D31003FB52AFA11A105AA42EA86C929E4,20,TEXT_PAGE,TEXT_PAGE,1538,PASS,OCR derivative has non-empty page-scoped text
CUMCM-2006-A-006,2006年数学建模国赛真题+优秀论文/2006年优秀论文/2006A：出版社的资源优化配置.pdf,008CC60DF63D109D4991406BB85DC92D31003FB52AFA11A105AA42EA86C929E4,21,TEXT_PAGE,TEXT_PAGE,895,PASS,OCR derivative has non-empty page-scoped text
CUMCM-2006-A-006,2006年数学建模国赛真题+优秀论文/2006年优秀论文/2006A：出版社的资源优化配置.pdf,008CC60DF63D109D4991406BB85DC92D31003FB52AFA11A105AA42EA86C929E4,22,TEXT_PAGE,TEXT_PAGE,11,PASS,OCR derivative has non-empty page-scoped text
CUMCM-2008-C-002,2008年数学建模国赛真题+优秀论文/2008年优秀论文/2008C：《地面搜索最短耗时的计算》.pdf,A278B28A8734A15F99B0FCE66D63B6AF432B6716A58F6F0D3067D066ABA7375B,1,TEXT_PAGE,TEXT_PAGE,1810,PASS,OCR derivative has non-empty page-scoped text
CUMCM-2008-C-002,2008年数学建模国赛真题+优秀论文/2008年优秀论文/2008C：《地面搜索最短耗时的计算》.pdf,A278B28A8734A15F99B0FCE66D63B6AF432B6716A58F6F0D3067D066ABA7375B,2,TEXT_PAGE,TEXT_PAGE,1488,PASS,OCR derivative has non-empty page-scoped text
CUMCM-2008-C-002,2008年数学建模国赛真题+优秀论文/2008年优秀论文/2008C：《地面搜索最短耗时的计算》.pdf,A278B28A8734A15F99B0FCE66D63B6AF432B6716A58F6F0D3067D066ABA7375B,3,TEXT_PAGE,TEXT_PAGE,1363,PASS,OCR derivative has non-empty page-scoped text
CUMCM-2008-C-002,2008年数学建模国赛真题+优秀论文/2008年优秀论文/2008C：《地面搜索最短耗时的计算》.pdf,A278B28A8734A15F99B0FCE66D63B6AF432B6716A58F6F0D3067D066ABA7375B,4,TEXT_PAGE,TEXT_PAGE,276,PASS,OCR derivative has non-empty page-scoped text
CUMCM-2008-C-002,2008年数学建模国赛真题+优秀论文/2008年优秀论文/2008C：《地面搜索最短耗时的计算》.pdf,A278B28A8734A15F99B0FCE66D63B6AF432B6716A58F6F0D3067D066ABA7375B,5,TEXT_PAGE,TEXT_PAGE,1116,PASS,OCR derivative has non-empty page-scoped text
CUMCM-2008-C-002,2008年数学建模国赛真题+优秀论文/2008年优秀论文/2008C：《地面搜索最短耗时的计算》.pdf,A278B28A8734A15F99B0FCE66D63B6AF432B6716A58F6F0D3067D066ABA7375B,6,TEXT_PAGE,TEXT_PAGE,612,PASS,OCR derivative has non-empty page-scoped text
CUMCM-2008-C-002,2008年数学建模国赛真题+优秀论文/2008年优秀论文/2008C：《地面搜索最短耗时的计算》.pdf,A278B28A8734A15F99B0FCE66D63B6AF432B6716A58F6F0D3067D066ABA7375B,7,TEXT_PAGE,TEXT_PAGE,325,PASS,OCR derivative has non-empty page-scoped text
CUMCM-2008-C-002,2008年数学建模国赛真题+优秀论文/2008年优秀论文/2008C：《地面搜索最短耗时的计算》.pdf,A278B28A8734A15F99B0FCE66D63B6AF432B6716A58F6F0D3067D066ABA7375B,8,TEXT_PAGE,TEXT_PAGE,19,PASS,OCR derivative has non-empty page-scoped text
CUMCM-2011-A-006,2011年数学建模国赛真题+优秀论文/2011年优秀论文/2011A：城市表层土壤重金属污染分析（4）.pdf,2582B807804D7C7439C506F7EE2AF21F85C13832FB317512FC6ED80AA13AF3FC,1,TEXT_PAGE,TEXT_PAGE,1194,PASS,OCR derivative has non-empty page-scoped text
CUMCM-2011-A-006,2011年数学建模国赛真题+优秀论文/2011年优秀论文/2011A：城市表层土壤重金属污染分析（4）.pdf,2582B807804D7C7439C506F7EE2AF21F85C13832FB317512FC6ED80AA13AF3FC,2,TEXT_PAGE,TEXT_PAGE,1371,PASS,OCR derivative has non-empty page-scoped text
CUMCM-2011-A-006,2011年数学建模国赛真题+优秀论文/2011年优秀论文/2011A：城市表层土壤重金属污染分析（4）.pdf,2582B807804D7C7439C506F7EE2AF21F85C13832FB317512FC6ED80AA13AF3FC,3,TEXT_PAGE,TEXT_PAGE,2097,PASS,OCR derivative has non-empty page-scoped text
CUMCM-2011-A-006,2011年数学建模国赛真题+优秀论文/2011年优秀论文/2011A：城市表层土壤重金属污染分析（4）.pdf,2582B807804D7C7439C506F7EE2AF21F85C13832FB317512FC6ED80AA13AF3FC,4,TEXT_PAGE,TEXT_PAGE,883,PASS,OCR derivative has non-empty page-scoped text
CUMCM-2011-A-006,2011年数学建模国赛真题+优秀论文/2011年优秀论文/2011A：城市表层土壤重金属污染分析（4）.pdf,2582B807804D7C7439C506F7EE2AF21F85C13832FB317512FC6ED80AA13AF3FC,5,TEXT_PAGE,TEXT_PAGE,1437,PASS,OCR derivative has non-empty page-scoped text
CUMCM-2011-A-006,2011年数学建模国赛真题+优秀论文/2011年优秀论文/2011A：城市表层土壤重金属污染分析（4）.pdf,2582B807804D7C7439C506F7EE2AF21F85C13832FB317512FC6ED80AA13AF3FC,6,TEXT_PAGE,TEXT_PAGE,1740,PASS,OCR derivative has non-empty page-scoped text
CUMCM-2011-A-006,2011年数学建模国赛真题+优秀论文/2011年优秀论文/2011A：城市表层土壤重金属污染分析（4）.pdf,2582B807804D7C7439C506F7EE2AF21F85C13832FB317512FC6ED80AA13AF3FC,7,TEXT_PAGE,TEXT_PAGE,1026,PASS,OCR derivative has non-empty page-scoped text
CUMCM-2011-A-006,2011年数学建模国赛真题+优秀论文/2011年优秀论文/2011A：城市表层土壤重金属污染分析（4）.pdf,2582B807804D7C7439C506F7EE2AF21F85C13832FB317512FC6ED80AA13AF3FC,8,TEXT_PAGE,TEXT_PAGE,1229,PASS,OCR derivative has non-empty page-scoped text
CUMCM-2011-A-006,2011年数学建模国赛真题+优秀论文/2011年优秀论文/2011A：城市表层土壤重金属污染分析（4）.pdf,2582B807804D7C7439C506F7EE2AF21F85C13832FB317512FC6ED80AA13AF3FC,9,TEXT_PAGE,TEXT_PAGE,1794,PASS,OCR derivative has non-empty page-scoped text
CUMCM-2011-A-006,2011年数学建模国赛真题+优秀论文/2011年优秀论文/2011A：城市表层土壤重金属污染分析（4）.pdf,2582B807804D7C7439C506F7EE2AF21F85C13832FB317512FC6ED80AA13AF3FC,10,TEXT_PAGE,TEXT_PAGE,1055,PASS,OCR derivative has non-empty page-scoped text
CUMCM-2011-A-006,2011年数学建模国赛真题+优秀论文/2011年优秀论文/2011A：城市表层土壤重金属污染分析（4）.pdf,2582B807804D7C7439C506F7EE2AF21F85C13832FB317512FC6ED80AA13AF3FC,11,TEXT_PAGE,TEXT_PAGE,1224,PASS,OCR derivative has non-empty page-scoped text
CUMCM-2011-A-006,2011年数学建模国赛真题+优秀论文/2011年优秀论文/2011A：城市表层土壤重金属污染分析（4）.pdf,2582B807804D7C7439C506F7EE2AF21F85C13832FB317512FC6ED80AA13AF3FC,12,TEXT_PAGE,TEXT_PAGE,627,PASS,OCR derivative has non-empty page-scoped text
CUMCM-2011-A-006,2011年数学建模国赛真题+优秀论文/2011年优秀论文/2011A：城市表层土壤重金属污染分析（4）.pdf,2582B807804D7C7439C506F7EE2AF21F85C13832FB317512FC6ED80AA13AF3FC,13,TEXT_PAGE,TEXT_PAGE,12,PASS,OCR derivative has non-empty page-scoped text
CUMCM-2011-A-006,2011年数学建模国赛真题+优秀论文/2011年优秀论文/2011A：城市表层土壤重金属污染分析（4）.pdf,2582B807804D7C7439C506F7EE2AF21F85C13832FB317512FC6ED80AA13AF3FC,14,TEXT_PAGE,TEXT_PAGE,12,PASS,OCR derivative has non-empty page-scoped text
CUMCM-2011-A-006,2011年数学建模国赛真题+优秀论文/2011年优秀论文/2011A：城市表层土壤重金属污染分析（4）.pdf,2582B807804D7C7439C506F7EE2AF21F85C13832FB317512FC6ED80AA13AF3FC,15,TEXT_PAGE,TEXT_PAGE,12,PASS,OCR derivative has non-empty page-scoped text
CUMCM-2011-A-006,2011年数学建模国赛真题+优秀论文/2011年优秀论文/2011A：城市表层土壤重金属污染分析（4）.pdf,2582B807804D7C7439C506F7EE2AF21F85C13832FB317512FC6ED80AA13AF3FC,16,TEXT_PAGE,TEXT_PAGE,12,PASS,OCR derivative has non-empty page-scoped text
CUMCM-2011-A-006,2011年数学建模国赛真题+优秀论文/2011年优秀论文/2011A：城市表层土壤重金属污染分析（4）.pdf,2582B807804D7C7439C506F7EE2AF21F85C13832FB317512FC6ED80AA13AF3FC,17,TEXT_PAGE,TEXT_PAGE,12,PASS,OCR derivative has non-empty page-scoped text
CUMCM-2011-A-006,2011年数学建模国赛真题+优秀论文/2011年优秀论文/2011A：城市表层土壤重金属污染分析（4）.pdf,2582B807804D7C7439C506F7EE2AF21F85C13832FB317512FC6ED80AA13AF3FC,18,TEXT_PAGE,TEXT_PAGE,12,PASS,OCR derivative has non-empty page-scoped text
CUMCM-2011-A-006,2011年数学建模国赛真题+优秀论文/2011年优秀论文/2011A：城市表层土壤重金属污染分析（4）.pdf,2582B807804D7C7439C506F7EE2AF21F85C13832FB317512FC6ED80AA13AF3FC,19,TEXT_PAGE,TEXT_PAGE,12,PASS,OCR derivative has non-empty page-scoped text
CUMCM-2011-A-006,2011年数学建模国赛真题+优秀论文/2011年优秀论文/2011A：城市表层土壤重金属污染分析（4）.pdf,2582B807804D7C7439C506F7EE2AF21F85C13832FB317512FC6ED80AA13AF3FC,20,TEXT_PAGE,TEXT_PAGE,592,PASS,OCR derivative has non-empty page-scoped text
CUMCM-2011-A-006,2011年数学建模国赛真题+优秀论文/2011年优秀论文/2011A：城市表层土壤重金属污染分析（4）.pdf,2582B807804D7C7439C506F7EE2AF21F85C13832FB317512FC6ED80AA13AF3FC,21,TEXT_PAGE,TEXT_PAGE,1382,PASS,OCR derivative has non-empty page-scoped text
CUMCM-2011-A-006,2011年数学建模国赛真题+优秀论文/2011年优秀论文/2011A：城市表层土壤重金属污染分析（4）.pdf,2582B807804D7C7439C506F7EE2AF21F85C13832FB317512FC6ED80AA13AF3FC,22,TEXT_PAGE,TEXT_PAGE,208,PASS,OCR derivative has non-empty page-scoped text
CUMCM-2011-A-006,2011年数学建模国赛真题+优秀论文/2011年优秀论文/2011A：城市表层土壤重金属污染分析（4）.pdf,2582B807804D7C7439C506F7EE2AF21F85C13832FB317512FC6ED80AA13AF3FC,23,TEXT_PAGE,TEXT_PAGE,694,PASS,OCR derivative has non-empty page-scoped text
CUMCM-2011-A-006,2011年数学建模国赛真题+优秀论文/2011年优秀论文/2011A：城市表层土壤重金属污染分析（4）.pdf,2582B807804D7C7439C506F7EE2AF21F85C13832FB317512FC6ED80AA13AF3FC,24,TEXT_PAGE,TEXT_PAGE,189,PASS,OCR derivative has non-empty page-scoped text
CUMCM-2011-A-006,2011年数学建模国赛真题+优秀论文/2011年优秀论文/2011A：城市表层土壤重金属污染分析（4）.pdf,2582B807804D7C7439C506F7EE2AF21F85C13832FB317512FC6ED80AA13AF3FC,25,TEXT_PAGE,TEXT_PAGE,51,PASS,OCR derivative has non-empty page-scoped text
CUMCM-2012-A-001,2012年数学建模国赛真题+优秀论文/2012年优秀论文/2012A：葡萄酒的评价 (3).pdf,B3E23D0568C6B8A3529598A4F2B9E3ED5B9EB90E71E32232B337F707996F5519,1,TEXT_PAGE,TEXT_PAGE,1390,PASS,OCR derivative has non-empty page-scoped text
CUMCM-2012-A-001,2012年数学建模国赛真题+优秀论文/2012年优秀论文/2012A：葡萄酒的评价 (3).pdf,B3E23D0568C6B8A3529598A4F2B9E3ED5B9EB90E71E32232B337F707996F5519,2,TEXT_PAGE,TEXT_PAGE,1234,PASS,OCR derivative has non-empty page-scoped text
CUMCM-2012-A-001,2012年数学建模国赛真题+优秀论文/2012年优秀论文/2012A：葡萄酒的评价 (3).pdf,B3E23D0568C6B8A3529598A4F2B9E3ED5B9EB90E71E32232B337F707996F5519,3,TEXT_PAGE,TEXT_PAGE,306,PASS,OCR derivative has non-empty page-scoped text
CUMCM-2012-A-001,2012年数学建模国赛真题+优秀论文/2012年优秀论文/2012A：葡萄酒的评价 (3).pdf,B3E23D0568C6B8A3529598A4F2B9E3ED5B9EB90E71E32232B337F707996F5519,4,TEXT_PAGE,TEXT_PAGE,1124,PASS,OCR derivative has non-empty page-scoped text
CUMCM-2012-A-001,2012年数学建模国赛真题+优秀论文/2012年优秀论文/2012A：葡萄酒的评价 (3).pdf,B3E23D0568C6B8A3529598A4F2B9E3ED5B9EB90E71E32232B337F707996F5519,5,TEXT_PAGE,TEXT_PAGE,428,PASS,OCR derivative has non-empty page-scoped text
CUMCM-2012-A-001,2012年数学建模国赛真题+优秀论文/2012年优秀论文/2012A：葡萄酒的评价 (3).pdf,B3E23D0568C6B8A3529598A4F2B9E3ED5B9EB90E71E32232B337F707996F5519,6,TEXT_PAGE,TEXT_PAGE,979,PASS,OCR derivative has non-empty page-scoped text
CUMCM-2012-A-001,2012年数学建模国赛真题+优秀论文/2012年优秀论文/2012A：葡萄酒的评价 (3).pdf,B3E23D0568C6B8A3529598A4F2B9E3ED5B9EB90E71E32232B337F707996F5519,7,TEXT_PAGE,TEXT_PAGE,1429,PASS,OCR derivative has non-empty page-scoped text
CUMCM-2012-A-001,2012年数学建模国赛真题+优秀论文/2012年优秀论文/2012A：葡萄酒的评价 (3).pdf,B3E23D0568C6B8A3529598A4F2B9E3ED5B9EB90E71E32232B337F707996F5519,8,TEXT_PAGE,TEXT_PAGE,1132,PASS,OCR derivative has non-empty page-scoped text
CUMCM-2012-A-001,2012年数学建模国赛真题+优秀论文/2012年优秀论文/2012A：葡萄酒的评价 (3).pdf,B3E23D0568C6B8A3529598A4F2B9E3ED5B9EB90E71E32232B337F707996F5519,9,TEXT_PAGE,TEXT_PAGE,1537,PASS,OCR derivative has non-empty page-scoped text
CUMCM-2012-A-001,2012年数学建模国赛真题+优秀论文/2012年优秀论文/2012A：葡萄酒的评价 (3).pdf,B3E23D0568C6B8A3529598A4F2B9E3ED5B9EB90E71E32232B337F707996F5519,10,TEXT_PAGE,TEXT_PAGE,1479,PASS,OCR derivative has non-empty page-scoped text
CUMCM-2012-A-001,2012年数学建模国赛真题+优秀论文/2012年优秀论文/2012A：葡萄酒的评价 (3).pdf,B3E23D0568C6B8A3529598A4F2B9E3ED5B9EB90E71E32232B337F707996F5519,11,TEXT_PAGE,TEXT_PAGE,1236,PASS,OCR derivative has non-empty page-scoped text
CUMCM-2012-A-001,2012年数学建模国赛真题+优秀论文/2012年优秀论文/2012A：葡萄酒的评价 (3).pdf,B3E23D0568C6B8A3529598A4F2B9E3ED5B9EB90E71E32232B337F707996F5519,12,TEXT_PAGE,TEXT_PAGE,1493,PASS,OCR derivative has non-empty page-scoped text
CUMCM-2012-A-001,2012年数学建模国赛真题+优秀论文/2012年优秀论文/2012A：葡萄酒的评价 (3).pdf,B3E23D0568C6B8A3529598A4F2B9E3ED5B9EB90E71E32232B337F707996F5519,13,TEXT_PAGE,TEXT_PAGE,1684,PASS,OCR derivative has non-empty page-scoped text
CUMCM-2012-A-001,2012年数学建模国赛真题+优秀论文/2012年优秀论文/2012A：葡萄酒的评价 (3).pdf,B3E23D0568C6B8A3529598A4F2B9E3ED5B9EB90E71E32232B337F707996F5519,14,TEXT_PAGE,TEXT_PAGE,1476,PASS,OCR derivative has non-empty page-scoped text
CUMCM-2012-A-001,2012年数学建模国赛真题+优秀论文/2012年优秀论文/2012A：葡萄酒的评价 (3).pdf,B3E23D0568C6B8A3529598A4F2B9E3ED5B9EB90E71E32232B337F707996F5519,15,TEXT_PAGE,TEXT_PAGE,987,PASS,OCR derivative has non-empty page-scoped text
CUMCM-2012-A-001,2012年数学建模国赛真题+优秀论文/2012年优秀论文/2012A：葡萄酒的评价 (3).pdf,B3E23D0568C6B8A3529598A4F2B9E3ED5B9EB90E71E32232B337F707996F5519,16,TEXT_PAGE,TEXT_PAGE,1547,PASS,OCR derivative has non-empty page-scoped text
CUMCM-2012-A-001,2012年数学建模国赛真题+优秀论文/2012年优秀论文/2012A：葡萄酒的评价 (3).pdf,B3E23D0568C6B8A3529598A4F2B9E3ED5B9EB90E71E32232B337F707996F5519,17,TEXT_PAGE,TEXT_PAGE,1523,PASS,OCR derivative has non-empty page-scoped text
CUMCM-2012-A-001,2012年数学建模国赛真题+优秀论文/2012年优秀论文/2012A：葡萄酒的评价 (3).pdf,B3E23D0568C6B8A3529598A4F2B9E3ED5B9EB90E71E32232B337F707996F5519,18,TEXT_PAGE,TEXT_PAGE,1742,PASS,OCR derivative has non-empty page-scoped text
CUMCM-2012-A-001,2012年数学建模国赛真题+优秀论文/2012年优秀论文/2012A：葡萄酒的评价 (3).pdf,B3E23D0568C6B8A3529598A4F2B9E3ED5B9EB90E71E32232B337F707996F5519,19,TEXT_PAGE,TEXT_PAGE,1825,PASS,OCR derivative has non-empty page-scoped text
CUMCM-2012-A-001,2012年数学建模国赛真题+优秀论文/2012年优秀论文/2012A：葡萄酒的评价 (3).pdf,B3E23D0568C6B8A3529598A4F2B9E3ED5B9EB90E71E32232B337F707996F5519,20,TEXT_PAGE,TEXT_PAGE,1435,PASS,OCR derivative has non-empty page-scoped text
CUMCM-2012-A-001,2012年数学建模国赛真题+优秀论文/2012年优秀论文/2012A：葡萄酒的评价 (3).pdf,B3E23D0568C6B8A3529598A4F2B9E3ED5B9EB90E71E32232B337F707996F5519,21,TEXT_PAGE,TEXT_PAGE,556,PASS,OCR derivative has non-empty page-scoped text
CUMCM-2012-A-001,2012年数学建模国赛真题+优秀论文/2012年优秀论文/2012A：葡萄酒的评价 (3).pdf,B3E23D0568C6B8A3529598A4F2B9E3ED5B9EB90E71E32232B337F707996F5519,22,TEXT_PAGE,TEXT_PAGE,218,PASS,OCR derivative has non-empty page-scoped text
CUMCM-2012-A-001,2012年数学建模国赛真题+优秀论文/2012年优秀论文/2012A：葡萄酒的评价 (3).pdf,B3E23D0568C6B8A3529598A4F2B9E3ED5B9EB90E71E32232B337F707996F5519,23,TEXT_PAGE,TEXT_PAGE,750,PASS,OCR derivative has non-empty page-scoped text
CUMCM-2012-A-001,2012年数学建模国赛真题+优秀论文/2012年优秀论文/2012A：葡萄酒的评价 (3).pdf,B3E23D0568C6B8A3529598A4F2B9E3ED5B9EB90E71E32232B337F707996F5519,24,TEXT_PAGE,TEXT_PAGE,498,PASS,OCR derivative has non-empty page-scoped text
CUMCM-2012-A-001,2012年数学建模国赛真题+优秀论文/2012年优秀论文/2012A：葡萄酒的评价 (3).pdf,B3E23D0568C6B8A3529598A4F2B9E3ED5B9EB90E71E32232B337F707996F5519,25,TEXT_PAGE,TEXT_PAGE,2005,PASS,OCR derivative has non-empty page-scoped text
CUMCM-2012-A-001,2012年数学建模国赛真题+优秀论文/2012年优秀论文/2012A：葡萄酒的评价 (3).pdf,B3E23D0568C6B8A3529598A4F2B9E3ED5B9EB90E71E32232B337F707996F5519,26,TEXT_PAGE,TEXT_PAGE,2608,PASS,OCR derivative has non-empty page-scoped text
CUMCM-2012-A-001,2012年数学建模国赛真题+优秀论文/2012年优秀论文/2012A：葡萄酒的评价 (3).pdf,B3E23D0568C6B8A3529598A4F2B9E3ED5B9EB90E71E32232B337F707996F5519,27,TEXT_PAGE,TEXT_PAGE,12,PASS,OCR derivative has non-empty page-scoped text
CUMCM-2012-A-A285,2012年数学建模国赛真题+优秀论文/2012年优秀论文/2012A：葡萄酒的评价/A285.pdf,CA15AFED80D166CDB2F7232C220A2F1B0C6269199F13D48CF852973F19AA78AC,1,TEXT_PAGE,TEXT_PAGE,1752,PASS,OCR derivative has non-empty page-scoped text
CUMCM-2012-A-A285,2012年数学建模国赛真题+优秀论文/2012年优秀论文/2012A：葡萄酒的评价/A285.pdf,CA15AFED80D166CDB2F7232C220A2F1B0C6269199F13D48CF852973F19AA78AC,2,TEXT_PAGE,TEXT_PAGE,2105,PASS,OCR derivative has non-empty page-scoped text
CUMCM-2012-A-A285,2012年数学建模国赛真题+优秀论文/2012年优秀论文/2012A：葡萄酒的评价/A285.pdf,CA15AFED80D166CDB2F7232C220A2F1B0C6269199F13D48CF852973F19AA78AC,3,TEXT_PAGE,TEXT_PAGE,1133,PASS,OCR derivative has non-empty page-scoped text
CUMCM-2012-A-A285,2012年数学建模国赛真题+优秀论文/2012年优秀论文/2012A：葡萄酒的评价/A285.pdf,CA15AFED80D166CDB2F7232C220A2F1B0C6269199F13D48CF852973F19AA78AC,4,TEXT_PAGE,TEXT_PAGE,1618,PASS,OCR derivative has non-empty page-scoped text
CUMCM-2012-A-A285,2012年数学建模国赛真题+优秀论文/2012年优秀论文/2012A：葡萄酒的评价/A285.pdf,CA15AFED80D166CDB2F7232C220A2F1B0C6269199F13D48CF852973F19AA78AC,5,TEXT_PAGE,TEXT_PAGE,1807,PASS,OCR derivative has non-empty page-scoped text
CUMCM-2012-A-A285,2012年数学建模国赛真题+优秀论文/2012年优秀论文/2012A：葡萄酒的评价/A285.pdf,CA15AFED80D166CDB2F7232C220A2F1B0C6269199F13D48CF852973F19AA78AC,6,TEXT_PAGE,TEXT_PAGE,1329,PASS,OCR derivative has non-empty page-scoped text
CUMCM-2012-A-A285,2012年数学建模国赛真题+优秀论文/2012年优秀论文/2012A：葡萄酒的评价/A285.pdf,CA15AFED80D166CDB2F7232C220A2F1B0C6269199F13D48CF852973F19AA78AC,7,TEXT_PAGE,TEXT_PAGE,1886,PASS,OCR derivative has non-empty page-scoped text
CUMCM-2012-A-A285,2012年数学建模国赛真题+优秀论文/2012年优秀论文/2012A：葡萄酒的评价/A285.pdf,CA15AFED80D166CDB2F7232C220A2F1B0C6269199F13D48CF852973F19AA78AC,8,TEXT_PAGE,TEXT_PAGE,1959,PASS,OCR derivative has non-empty page-scoped text
CUMCM-2012-A-A285,2012年数学建模国赛真题+优秀论文/2012年优秀论文/2012A：葡萄酒的评价/A285.pdf,CA15AFED80D166CDB2F7232C220A2F1B0C6269199F13D48CF852973F19AA78AC,9,TEXT_PAGE,TEXT_PAGE,1290,PASS,OCR derivative has non-empty page-scoped text
CUMCM-2012-A-A285,2012年数学建模国赛真题+优秀论文/2012年优秀论文/2012A：葡萄酒的评价/A285.pdf,CA15AFED80D166CDB2F7232C220A2F1B0C6269199F13D48CF852973F19AA78AC,10,TEXT_PAGE,TEXT_PAGE,2022,PASS,OCR derivative has non-empty page-scoped text
CUMCM-2012-A-A285,2012年数学建模国赛真题+优秀论文/2012年优秀论文/2012A：葡萄酒的评价/A285.pdf,CA15AFED80D166CDB2F7232C220A2F1B0C6269199F13D48CF852973F19AA78AC,11,TEXT_PAGE,TEXT_PAGE,1254,PASS,OCR derivative has non-empty page-scoped text
CUMCM-2012-A-A285,2012年数学建模国赛真题+优秀论文/2012年优秀论文/2012A：葡萄酒的评价/A285.pdf,CA15AFED80D166CDB2F7232C220A2F1B0C6269199F13D48CF852973F19AA78AC,12,TEXT_PAGE,TEXT_PAGE,787,PASS,OCR derivative has non-empty page-scoped text
CUMCM-2012-A-A285,2012年数学建模国赛真题+优秀论文/2012年优秀论文/2012A：葡萄酒的评价/A285.pdf,CA15AFED80D166CDB2F7232C220A2F1B0C6269199F13D48CF852973F19AA78AC,13,TEXT_PAGE,TEXT_PAGE,1560,PASS,OCR derivative has non-empty page-scoped text
CUMCM-2012-A-A285,2012年数学建模国赛真题+优秀论文/2012年优秀论文/2012A：葡萄酒的评价/A285.pdf,CA15AFED80D166CDB2F7232C220A2F1B0C6269199F13D48CF852973F19AA78AC,14,TEXT_PAGE,TEXT_PAGE,1746,PASS,OCR derivative has non-empty page-scoped text
CUMCM-2012-A-A285,2012年数学建模国赛真题+优秀论文/2012年优秀论文/2012A：葡萄酒的评价/A285.pdf,CA15AFED80D166CDB2F7232C220A2F1B0C6269199F13D48CF852973F19AA78AC,15,TEXT_PAGE,TEXT_PAGE,1678,PASS,OCR derivative has non-empty page-scoped text
CUMCM-2012-A-A285,2012年数学建模国赛真题+优秀论文/2012年优秀论文/2012A：葡萄酒的评价/A285.pdf,CA15AFED80D166CDB2F7232C220A2F1B0C6269199F13D48CF852973F19AA78AC,16,TEXT_PAGE,TEXT_PAGE,1366,PASS,OCR derivative has non-empty page-scoped text
CUMCM-2012-A-A285,2012年数学建模国赛真题+优秀论文/2012年优秀论文/2012A：葡萄酒的评价/A285.pdf,CA15AFED80D166CDB2F7232C220A2F1B0C6269199F13D48CF852973F19AA78AC,17,TEXT_PAGE,TEXT_PAGE,826,PASS,OCR derivative has non-empty page-scoped text
CUMCM-2012-A-A285,2012年数学建模国赛真题+优秀论文/2012年优秀论文/2012A：葡萄酒的评价/A285.pdf,CA15AFED80D166CDB2F7232C220A2F1B0C6269199F13D48CF852973F19AA78AC,18,TEXT_PAGE,TEXT_PAGE,1558,PASS,OCR derivative has non-empty page-scoped text
CUMCM-2012-A-A285,2012年数学建模国赛真题+优秀论文/2012年优秀论文/2012A：葡萄酒的评价/A285.pdf,CA15AFED80D166CDB2F7232C220A2F1B0C6269199F13D48CF852973F19AA78AC,19,TEXT_PAGE,TEXT_PAGE,1877,PASS,OCR derivative has non-empty page-scoped text
CUMCM-2012-A-A285,2012年数学建模国赛真题+优秀论文/2012年优秀论文/2012A：葡萄酒的评价/A285.pdf,CA15AFED80D166CDB2F7232C220A2F1B0C6269199F13D48CF852973F19AA78AC,20,TEXT_PAGE,TEXT_PAGE,1574,PASS,OCR derivative has non-empty page-scoped text
CUMCM-2012-A-A285,2012年数学建模国赛真题+优秀论文/2012年优秀论文/2012A：葡萄酒的评价/A285.pdf,CA15AFED80D166CDB2F7232C220A2F1B0C6269199F13D48CF852973F19AA78AC,21,TEXT_PAGE,TEXT_PAGE,1035,PASS,OCR derivative has non-empty page-scoped text
CUMCM-2012-A-A285,2012年数学建模国赛真题+优秀论文/2012年优秀论文/2012A：葡萄酒的评价/A285.pdf,CA15AFED80D166CDB2F7232C220A2F1B0C6269199F13D48CF852973F19AA78AC,22,TEXT_PAGE,TEXT_PAGE,942,PASS,OCR derivative has non-empty page-scoped text
CUMCM-2012-A-A285,2012年数学建模国赛真题+优秀论文/2012年优秀论文/2012A：葡萄酒的评价/A285.pdf,CA15AFED80D166CDB2F7232C220A2F1B0C6269199F13D48CF852973F19AA78AC,23,TEXT_PAGE,TEXT_PAGE,716,PASS,OCR derivative has non-empty page-scoped text
CUMCM-2012-A-A285,2012年数学建模国赛真题+优秀论文/2012年优秀论文/2012A：葡萄酒的评价/A285.pdf,CA15AFED80D166CDB2F7232C220A2F1B0C6269199F13D48CF852973F19AA78AC,24,TEXT_PAGE,TEXT_PAGE,801,PASS,OCR derivative has non-empty page-scoped text
CUMCM-2012-A-A285,2012年数学建模国赛真题+优秀论文/2012年优秀论文/2012A：葡萄酒的评价/A285.pdf,CA15AFED80D166CDB2F7232C220A2F1B0C6269199F13D48CF852973F19AA78AC,25,TEXT_PAGE,TEXT_PAGE,890,PASS,OCR derivative has non-empty page-scoped text
CUMCM-2012-A-A285,2012年数学建模国赛真题+优秀论文/2012年优秀论文/2012A：葡萄酒的评价/A285.pdf,CA15AFED80D166CDB2F7232C220A2F1B0C6269199F13D48CF852973F19AA78AC,26,TEXT_PAGE,TEXT_PAGE,786,PASS,OCR derivative has non-empty page-scoped text
CUMCM-2012-A-A285,2012年数学建模国赛真题+优秀论文/2012年优秀论文/2012A：葡萄酒的评价/A285.pdf,CA15AFED80D166CDB2F7232C220A2F1B0C6269199F13D48CF852973F19AA78AC,27,TEXT_PAGE,TEXT_PAGE,2148,PASS,OCR derivative has non-empty page-scoped text
CUMCM-2012-A-A285,2012年数学建模国赛真题+优秀论文/2012年优秀论文/2012A：葡萄酒的评价/A285.pdf,CA15AFED80D166CDB2F7232C220A2F1B0C6269199F13D48CF852973F19AA78AC,28,TEXT_PAGE,TEXT_PAGE,2152,PASS,OCR derivative has non-empty page-scoped text
CUMCM-2012-A-A285,2012年数学建模国赛真题+优秀论文/2012年优秀论文/2012A：葡萄酒的评价/A285.pdf,CA15AFED80D166CDB2F7232C220A2F1B0C6269199F13D48CF852973F19AA78AC,29,TEXT_PAGE,TEXT_PAGE,1430,PASS,OCR derivative has non-empty page-scoped text
CUMCM-2012-A-A285,2012年数学建模国赛真题+优秀论文/2012年优秀论文/2012A：葡萄酒的评价/A285.pdf,CA15AFED80D166CDB2F7232C220A2F1B0C6269199F13D48CF852973F19AA78AC,30,TEXT_PAGE,TEXT_PAGE,1139,PASS,OCR derivative has non-empty page-scoped text
CUMCM-2012-A-A285,2012年数学建模国赛真题+优秀论文/2012年优秀论文/2012A：葡萄酒的评价/A285.pdf,CA15AFED80D166CDB2F7232C220A2F1B0C6269199F13D48CF852973F19AA78AC,31,TEXT_PAGE,TEXT_PAGE,806,PASS,OCR derivative has non-empty page-scoped text
CUMCM-2012-A-A285,2012年数学建模国赛真题+优秀论文/2012年优秀论文/2012A：葡萄酒的评价/A285.pdf,CA15AFED80D166CDB2F7232C220A2F1B0C6269199F13D48CF852973F19AA78AC,32,TEXT_PAGE,TEXT_PAGE,493,PASS,OCR derivative has non-empty page-scoped text
CUMCM-2012-A-A285,2012年数学建模国赛真题+优秀论文/2012年优秀论文/2012A：葡萄酒的评价/A285.pdf,CA15AFED80D166CDB2F7232C220A2F1B0C6269199F13D48CF852973F19AA78AC,33,TEXT_PAGE,TEXT_PAGE,1042,PASS,OCR derivative has non-empty page-scoped text
CUMCM-2012-A-A285,2012年数学建模国赛真题+优秀论文/2012年优秀论文/2012A：葡萄酒的评价/A285.pdf,CA15AFED80D166CDB2F7232C220A2F1B0C6269199F13D48CF852973F19AA78AC,34,TEXT_PAGE,TEXT_PAGE,3463,PASS,OCR derivative has non-empty page-scoped text
CUMCM-2012-A-A285,2012年数学建模国赛真题+优秀论文/2012年优秀论文/2012A：葡萄酒的评价/A285.pdf,CA15AFED80D166CDB2F7232C220A2F1B0C6269199F13D48CF852973F19AA78AC,35,TEXT_PAGE,TEXT_PAGE,4540,PASS,OCR derivative has non-empty page-scoped text
CUMCM-2012-A-A285,2012年数学建模国赛真题+优秀论文/2012年优秀论文/2012A：葡萄酒的评价/A285.pdf,CA15AFED80D166CDB2F7232C220A2F1B0C6269199F13D48CF852973F19AA78AC,36,TEXT_PAGE,TEXT_PAGE,3673,PASS,OCR derivative has non-empty page-scoped text
CUMCM-2012-A-A285,2012年数学建模国赛真题+优秀论文/2012年优秀论文/2012A：葡萄酒的评价/A285.pdf,CA15AFED80D166CDB2F7232C220A2F1B0C6269199F13D48CF852973F19AA78AC,37,TEXT_PAGE,TEXT_PAGE,3500,PASS,OCR derivative has non-empty page-scoped text
CUMCM-2012-A-A285,2012年数学建模国赛真题+优秀论文/2012年优秀论文/2012A：葡萄酒的评价/A285.pdf,CA15AFED80D166CDB2F7232C220A2F1B0C6269199F13D48CF852973F19AA78AC,38,TEXT_PAGE,TEXT_PAGE,3302,PASS,OCR derivative has non-empty page-scoped text
CUMCM-2012-A-A285,2012年数学建模国赛真题+优秀论文/2012年优秀论文/2012A：葡萄酒的评价/A285.pdf,CA15AFED80D166CDB2F7232C220A2F1B0C6269199F13D48CF852973F19AA78AC,39,TEXT_PAGE,TEXT_PAGE,3398,PASS,OCR derivative has non-empty page-scoped text
CUMCM-2012-A-A285,2012年数学建模国赛真题+优秀论文/2012年优秀论文/2012A：葡萄酒的评价/A285.pdf,CA15AFED80D166CDB2F7232C220A2F1B0C6269199F13D48CF852973F19AA78AC,40,TEXT_PAGE,TEXT_PAGE,585,PASS,OCR derivative has non-empty page-scoped text
CUMCM-2012-A-A285,2012年数学建模国赛真题+优秀论文/2012年优秀论文/2012A：葡萄酒的评价/A285.pdf,CA15AFED80D166CDB2F7232C220A2F1B0C6269199F13D48CF852973F19AA78AC,41,TEXT_PAGE,TEXT_PAGE,7,PASS,OCR derivative has non-empty page-scoped text
CUMCM-2012-B-B077,2012年数学建模国赛真题+优秀论文/2012年优秀论文/2012B：太阳能小屋的设计 (1)/B077.pdf,CEC3C5E0DA82C5228E8A4E967BCAF7D437596EA07E33FCCAB2239036F519F5AC,1,TEXT_PAGE,TEXT_PAGE,117,PASS,OCR derivative has non-empty page-scoped text
CUMCM-2012-B-B077,2012年数学建模国赛真题+优秀论文/2012年优秀论文/2012B：太阳能小屋的设计 (1)/B077.pdf,CEC3C5E0DA82C5228E8A4E967BCAF7D437596EA07E33FCCAB2239036F519F5AC,2,TEXT_PAGE,TEXT_PAGE,84,PASS,OCR derivative has non-empty page-scoped text
CUMCM-2012-B-B077,2012年数学建模国赛真题+优秀论文/2012年优秀论文/2012B：太阳能小屋的设计 (1)/B077.pdf,CEC3C5E0DA82C5228E8A4E967BCAF7D437596EA07E33FCCAB2239036F519F5AC,3,TEXT_PAGE,TEXT_PAGE,1301,PASS,OCR derivative has non-empty page-scoped text
CUMCM-2012-B-B077,2012年数学建模国赛真题+优秀论文/2012年优秀论文/2012B：太阳能小屋的设计 (1)/B077.pdf,CEC3C5E0DA82C5228E8A4E967BCAF7D437596EA07E33FCCAB2239036F519F5AC,4,TEXT_PAGE,TEXT_PAGE,1422,PASS,OCR derivative has non-empty page-scoped text
CUMCM-2012-B-B077,2012年数学建模国赛真题+优秀论文/2012年优秀论文/2012B：太阳能小屋的设计 (1)/B077.pdf,CEC3C5E0DA82C5228E8A4E967BCAF7D437596EA07E33FCCAB2239036F519F5AC,5,TEXT_PAGE,TEXT_PAGE,1408,PASS,OCR derivative has non-empty page-scoped text
CUMCM-2012-B-B077,2012年数学建模国赛真题+优秀论文/2012年优秀论文/2012B：太阳能小屋的设计 (1)/B077.pdf,CEC3C5E0DA82C5228E8A4E967BCAF7D437596EA07E33FCCAB2239036F519F5AC,6,TEXT_PAGE,TEXT_PAGE,1002,PASS,OCR derivative has non-empty page-scoped text
CUMCM-2012-B-B077,2012年数学建模国赛真题+优秀论文/2012年优秀论文/2012B：太阳能小屋的设计 (1)/B077.pdf,CEC3C5E0DA82C5228E8A4E967BCAF7D437596EA07E33FCCAB2239036F519F5AC,7,TEXT_PAGE,TEXT_PAGE,1277,PASS,OCR derivative has non-empty page-scoped text
CUMCM-2012-B-B077,2012年数学建模国赛真题+优秀论文/2012年优秀论文/2012B：太阳能小屋的设计 (1)/B077.pdf,CEC3C5E0DA82C5228E8A4E967BCAF7D437596EA07E33FCCAB2239036F519F5AC,8,TEXT_PAGE,TEXT_PAGE,1742,PASS,OCR derivative has non-empty page-scoped text
CUMCM-2012-B-B077,2012年数学建模国赛真题+优秀论文/2012年优秀论文/2012B：太阳能小屋的设计 (1)/B077.pdf,CEC3C5E0DA82C5228E8A4E967BCAF7D437596EA07E33FCCAB2239036F519F5AC,9,TEXT_PAGE,TEXT_PAGE,988,PASS,OCR derivative has non-empty page-scoped text
CUMCM-2012-B-B077,2012年数学建模国赛真题+优秀论文/2012年优秀论文/2012B：太阳能小屋的设计 (1)/B077.pdf,CEC3C5E0DA82C5228E8A4E967BCAF7D437596EA07E33FCCAB2239036F519F5AC,10,TEXT_PAGE,TEXT_PAGE,1360,PASS,OCR derivative has non-empty page-scoped text
CUMCM-2012-B-B077,2012年数学建模国赛真题+优秀论文/2012年优秀论文/2012B：太阳能小屋的设计 (1)/B077.pdf,CEC3C5E0DA82C5228E8A4E967BCAF7D437596EA07E33FCCAB2239036F519F5AC,11,TEXT_PAGE,TEXT_PAGE,1751,PASS,OCR derivative has non-empty page-scoped text
CUMCM-2012-B-B077,2012年数学建模国赛真题+优秀论文/2012年优秀论文/2012B：太阳能小屋的设计 (1)/B077.pdf,CEC3C5E0DA82C5228E8A4E967BCAF7D437596EA07E33FCCAB2239036F519F5AC,12,TEXT_PAGE,TEXT_PAGE,1464,PASS,OCR derivative has non-empty page-scoped text
CUMCM-2012-B-B077,2012年数学建模国赛真题+优秀论文/2012年优秀论文/2012B：太阳能小屋的设计 (1)/B077.pdf,CEC3C5E0DA82C5228E8A4E967BCAF7D437596EA07E33FCCAB2239036F519F5AC,13,TEXT_PAGE,TEXT_PAGE,1419,PASS,OCR derivative has non-empty page-scoped text
CUMCM-2012-B-B077,2012年数学建模国赛真题+优秀论文/2012年优秀论文/2012B：太阳能小屋的设计 (1)/B077.pdf,CEC3C5E0DA82C5228E8A4E967BCAF7D437596EA07E33FCCAB2239036F519F5AC,14,TEXT_PAGE,TEXT_PAGE,1449,PASS,OCR derivative has non-empty page-scoped text
CUMCM-2012-B-B077,2012年数学建模国赛真题+优秀论文/2012年优秀论文/2012B：太阳能小屋的设计 (1)/B077.pdf,CEC3C5E0DA82C5228E8A4E967BCAF7D437596EA07E33FCCAB2239036F519F5AC,15,TEXT_PAGE,TEXT_PAGE,1499,PASS,OCR derivative has non-empty page-scoped text
CUMCM-2012-B-B077,2012年数学建模国赛真题+优秀论文/2012年优秀论文/2012B：太阳能小屋的设计 (1)/B077.pdf,CEC3C5E0DA82C5228E8A4E967BCAF7D437596EA07E33FCCAB2239036F519F5AC,16,TEXT_PAGE,TEXT_PAGE,1627,PASS,OCR derivative has non-empty page-scoped text
CUMCM-2012-B-B077,2012年数学建模国赛真题+优秀论文/2012年优秀论文/2012B：太阳能小屋的设计 (1)/B077.pdf,CEC3C5E0DA82C5228E8A4E967BCAF7D437596EA07E33FCCAB2239036F519F5AC,17,TEXT_PAGE,TEXT_PAGE,361,PASS,OCR derivative has non-empty page-scoped text
CUMCM-2012-B-B077,2012年数学建模国赛真题+优秀论文/2012年优秀论文/2012B：太阳能小屋的设计 (1)/B077.pdf,CEC3C5E0DA82C5228E8A4E967BCAF7D437596EA07E33FCCAB2239036F519F5AC,18,TEXT_PAGE,TEXT_PAGE,1050,PASS,OCR derivative has non-empty page-scoped text
CUMCM-2012-B-B077,2012年数学建模国赛真题+优秀论文/2012年优秀论文/2012B：太阳能小屋的设计 (1)/B077.pdf,CEC3C5E0DA82C5228E8A4E967BCAF7D437596EA07E33FCCAB2239036F519F5AC,19,TEXT_PAGE,TEXT_PAGE,1933,PASS,OCR derivative has non-empty page-scoped text
CUMCM-2012-B-B077,2012年数学建模国赛真题+优秀论文/2012年优秀论文/2012B：太阳能小屋的设计 (1)/B077.pdf,CEC3C5E0DA82C5228E8A4E967BCAF7D437596EA07E33FCCAB2239036F519F5AC,20,TEXT_PAGE,TEXT_PAGE,1166,PASS,OCR derivative has non-empty page-scoped text
CUMCM-2012-B-B077,2012年数学建模国赛真题+优秀论文/2012年优秀论文/2012B：太阳能小屋的设计 (1)/B077.pdf,CEC3C5E0DA82C5228E8A4E967BCAF7D437596EA07E33FCCAB2239036F519F5AC,21,TEXT_PAGE,TEXT_PAGE,1065,PASS,OCR derivative has non-empty page-scoped text
CUMCM-2012-B-B077,2012年数学建模国赛真题+优秀论文/2012年优秀论文/2012B：太阳能小屋的设计 (1)/B077.pdf,CEC3C5E0DA82C5228E8A4E967BCAF7D437596EA07E33FCCAB2239036F519F5AC,22,TEXT_PAGE,TEXT_PAGE,695,PASS,OCR derivative has non-empty page-scoped text
CUMCM-2012-B-B077,2012年数学建模国赛真题+优秀论文/2012年优秀论文/2012B：太阳能小屋的设计 (1)/B077.pdf,CEC3C5E0DA82C5228E8A4E967BCAF7D437596EA07E33FCCAB2239036F519F5AC,23,TEXT_PAGE,TEXT_PAGE,1083,PASS,OCR derivative has non-empty page-scoped text
CUMCM-2012-B-B077,2012年数学建模国赛真题+优秀论文/2012年优秀论文/2012B：太阳能小屋的设计 (1)/B077.pdf,CEC3C5E0DA82C5228E8A4E967BCAF7D437596EA07E33FCCAB2239036F519F5AC,24,TEXT_PAGE,TEXT_PAGE,460,PASS,OCR derivative has non-empty page-scoped text
CUMCM-2012-B-B077,2012年数学建模国赛真题+优秀论文/2012年优秀论文/2012B：太阳能小屋的设计 (1)/B077.pdf,CEC3C5E0DA82C5228E8A4E967BCAF7D437596EA07E33FCCAB2239036F519F5AC,25,TEXT_PAGE,TEXT_PAGE,940,PASS,OCR derivative has non-empty page-scoped text
CUMCM-2012-B-B077,2012年数学建模国赛真题+优秀论文/2012年优秀论文/2012B：太阳能小屋的设计 (1)/B077.pdf,CEC3C5E0DA82C5228E8A4E967BCAF7D437596EA07E33FCCAB2239036F519F5AC,26,TEXT_PAGE,TEXT_PAGE,1265,PASS,OCR derivative has non-empty page-scoped text
CUMCM-2012-B-B077,2012年数学建模国赛真题+优秀论文/2012年优秀论文/2012B：太阳能小屋的设计 (1)/B077.pdf,CEC3C5E0DA82C5228E8A4E967BCAF7D437596EA07E33FCCAB2239036F519F5AC,27,TEXT_PAGE,TEXT_PAGE,1427,PASS,OCR derivative has non-empty page-scoped text
CUMCM-2012-B-B077,2012年数学建模国赛真题+优秀论文/2012年优秀论文/2012B：太阳能小屋的设计 (1)/B077.pdf,CEC3C5E0DA82C5228E8A4E967BCAF7D437596EA07E33FCCAB2239036F519F5AC,28,TEXT_PAGE,TEXT_PAGE,1050,PASS,OCR derivative has non-empty page-scoped text
CUMCM-2012-B-B077,2012年数学建模国赛真题+优秀论文/2012年优秀论文/2012B：太阳能小屋的设计 (1)/B077.pdf,CEC3C5E0DA82C5228E8A4E967BCAF7D437596EA07E33FCCAB2239036F519F5AC,29,TEXT_PAGE,TEXT_PAGE,1479,PASS,OCR derivative has non-empty page-scoped text
CUMCM-2012-B-B077,2012年数学建模国赛真题+优秀论文/2012年优秀论文/2012B：太阳能小屋的设计 (1)/B077.pdf,CEC3C5E0DA82C5228E8A4E967BCAF7D437596EA07E33FCCAB2239036F519F5AC,30,TEXT_PAGE,TEXT_PAGE,1024,PASS,OCR derivative has non-empty page-scoped text
CUMCM-2012-B-B077,2012年数学建模国赛真题+优秀论文/2012年优秀论文/2012B：太阳能小屋的设计 (1)/B077.pdf,CEC3C5E0DA82C5228E8A4E967BCAF7D437596EA07E33FCCAB2239036F519F5AC,31,TEXT_PAGE,TEXT_PAGE,1313,PASS,OCR derivative has non-empty page-scoped text
CUMCM-2012-B-B077,2012年数学建模国赛真题+优秀论文/2012年优秀论文/2012B：太阳能小屋的设计 (1)/B077.pdf,CEC3C5E0DA82C5228E8A4E967BCAF7D437596EA07E33FCCAB2239036F519F5AC,32,TEXT_PAGE,TEXT_PAGE,625,PASS,OCR derivative has non-empty page-scoped text
CUMCM-2012-B-B077,2012年数学建模国赛真题+优秀论文/2012年优秀论文/2012B：太阳能小屋的设计 (1)/B077.pdf,CEC3C5E0DA82C5228E8A4E967BCAF7D437596EA07E33FCCAB2239036F519F5AC,33,TEXT_PAGE,TEXT_PAGE,1508,PASS,OCR derivative has non-empty page-scoped text
CUMCM-2012-B-B077,2012年数学建模国赛真题+优秀论文/2012年优秀论文/2012B：太阳能小屋的设计 (1)/B077.pdf,CEC3C5E0DA82C5228E8A4E967BCAF7D437596EA07E33FCCAB2239036F519F5AC,34,TEXT_PAGE,TEXT_PAGE,707,PASS,OCR derivative has non-empty page-scoped text
CUMCM-2013-C-010,2013年数学建模国赛真题+优秀论文/2013C：古塔的变形/成都工业学院 专5 C 肖瑜琳 刘新燕 黄龙.pdf,6AB6592042F87A3F1863F72A0B2E3FE2745A72C9F229D559B2F2EE89CDF545C3,1,TEXT_PAGE,TEXT_PAGE,1094,PASS,OCR derivative has non-empty page-scoped text
CUMCM-2013-C-010,2013年数学建模国赛真题+优秀论文/2013C：古塔的变形/成都工业学院 专5 C 肖瑜琳 刘新燕 黄龙.pdf,6AB6592042F87A3F1863F72A0B2E3FE2745A72C9F229D559B2F2EE89CDF545C3,2,TEXT_PAGE,TEXT_PAGE,205,PASS,OCR derivative has non-empty page-scoped text
CUMCM-2013-C-010,2013年数学建模国赛真题+优秀论文/2013C：古塔的变形/成都工业学院 专5 C 肖瑜琳 刘新燕 黄龙.pdf,6AB6592042F87A3F1863F72A0B2E3FE2745A72C9F229D559B2F2EE89CDF545C3,3,TEXT_PAGE,TEXT_PAGE,1202,PASS,OCR derivative has non-empty page-scoped text
CUMCM-2013-C-010,2013年数学建模国赛真题+优秀论文/2013C：古塔的变形/成都工业学院 专5 C 肖瑜琳 刘新燕 黄龙.pdf,6AB6592042F87A3F1863F72A0B2E3FE2745A72C9F229D559B2F2EE89CDF545C3,4,TEXT_PAGE,TEXT_PAGE,1038,PASS,OCR derivative has non-empty page-scoped text
CUMCM-2013-C-010,2013年数学建模国赛真题+优秀论文/2013C：古塔的变形/成都工业学院 专5 C 肖瑜琳 刘新燕 黄龙.pdf,6AB6592042F87A3F1863F72A0B2E3FE2745A72C9F229D559B2F2EE89CDF545C3,5,TEXT_PAGE,TEXT_PAGE,859,PASS,OCR derivative has non-empty page-scoped text
CUMCM-2013-C-010,2013年数学建模国赛真题+优秀论文/2013C：古塔的变形/成都工业学院 专5 C 肖瑜琳 刘新燕 黄龙.pdf,6AB6592042F87A3F1863F72A0B2E3FE2745A72C9F229D559B2F2EE89CDF545C3,6,TEXT_PAGE,TEXT_PAGE,1385,PASS,OCR derivative has non-empty page-scoped text
CUMCM-2013-C-010,2013年数学建模国赛真题+优秀论文/2013C：古塔的变形/成都工业学院 专5 C 肖瑜琳 刘新燕 黄龙.pdf,6AB6592042F87A3F1863F72A0B2E3FE2745A72C9F229D559B2F2EE89CDF545C3,7,TEXT_PAGE,TEXT_PAGE,591,PASS,OCR derivative has non-empty page-scoped text
CUMCM-2013-C-010,2013年数学建模国赛真题+优秀论文/2013C：古塔的变形/成都工业学院 专5 C 肖瑜琳 刘新燕 黄龙.pdf,6AB6592042F87A3F1863F72A0B2E3FE2745A72C9F229D559B2F2EE89CDF545C3,8,TEXT_PAGE,TEXT_PAGE,750,PASS,OCR derivative has non-empty page-scoped text
CUMCM-2013-C-010,2013年数学建模国赛真题+优秀论文/2013C：古塔的变形/成都工业学院 专5 C 肖瑜琳 刘新燕 黄龙.pdf,6AB6592042F87A3F1863F72A0B2E3FE2745A72C9F229D559B2F2EE89CDF545C3,9,TEXT_PAGE,TEXT_PAGE,1358,PASS,OCR derivative has non-empty page-scoped text
CUMCM-2013-C-010,2013年数学建模国赛真题+优秀论文/2013C：古塔的变形/成都工业学院 专5 C 肖瑜琳 刘新燕 黄龙.pdf,6AB6592042F87A3F1863F72A0B2E3FE2745A72C9F229D559B2F2EE89CDF545C3,10,TEXT_PAGE,TEXT_PAGE,667,PASS,OCR derivative has non-empty page-scoped text
CUMCM-2013-C-010,2013年数学建模国赛真题+优秀论文/2013C：古塔的变形/成都工业学院 专5 C 肖瑜琳 刘新燕 黄龙.pdf,6AB6592042F87A3F1863F72A0B2E3FE2745A72C9F229D559B2F2EE89CDF545C3,11,TEXT_PAGE,TEXT_PAGE,490,PASS,OCR derivative has non-empty page-scoped text
CUMCM-2013-C-010,2013年数学建模国赛真题+优秀论文/2013C：古塔的变形/成都工业学院 专5 C 肖瑜琳 刘新燕 黄龙.pdf,6AB6592042F87A3F1863F72A0B2E3FE2745A72C9F229D559B2F2EE89CDF545C3,12,TEXT_PAGE,TEXT_PAGE,412,PASS,OCR derivative has non-empty page-scoped text
CUMCM-2013-C-010,2013年数学建模国赛真题+优秀论文/2013C：古塔的变形/成都工业学院 专5 C 肖瑜琳 刘新燕 黄龙.pdf,6AB6592042F87A3F1863F72A0B2E3FE2745A72C9F229D559B2F2EE89CDF545C3,13,TEXT_PAGE,TEXT_PAGE,1106,PASS,OCR derivative has non-empty page-scoped text
CUMCM-2013-C-010,2013年数学建模国赛真题+优秀论文/2013C：古塔的变形/成都工业学院 专5 C 肖瑜琳 刘新燕 黄龙.pdf,6AB6592042F87A3F1863F72A0B2E3FE2745A72C9F229D559B2F2EE89CDF545C3,14,TEXT_PAGE,TEXT_PAGE,643,PASS,OCR derivative has non-empty page-scoped text
CUMCM-2013-C-010,2013年数学建模国赛真题+优秀论文/2013C：古塔的变形/成都工业学院 专5 C 肖瑜琳 刘新燕 黄龙.pdf,6AB6592042F87A3F1863F72A0B2E3FE2745A72C9F229D559B2F2EE89CDF545C3,15,TEXT_PAGE,TEXT_PAGE,832,PASS,OCR derivative has non-empty page-scoped text
CUMCM-2013-C-010,2013年数学建模国赛真题+优秀论文/2013C：古塔的变形/成都工业学院 专5 C 肖瑜琳 刘新燕 黄龙.pdf,6AB6592042F87A3F1863F72A0B2E3FE2745A72C9F229D559B2F2EE89CDF545C3,16,TEXT_PAGE,TEXT_PAGE,422,PASS,OCR derivative has non-empty page-scoped text
CUMCM-2013-C-010,2013年数学建模国赛真题+优秀论文/2013C：古塔的变形/成都工业学院 专5 C 肖瑜琳 刘新燕 黄龙.pdf,6AB6592042F87A3F1863F72A0B2E3FE2745A72C9F229D559B2F2EE89CDF545C3,17,TEXT_PAGE,TEXT_PAGE,490,PASS,OCR derivative has non-empty page-scoped text
CUMCM-2013-C-010,2013年数学建模国赛真题+优秀论文/2013C：古塔的变形/成都工业学院 专5 C 肖瑜琳 刘新燕 黄龙.pdf,6AB6592042F87A3F1863F72A0B2E3FE2745A72C9F229D559B2F2EE89CDF545C3,18,TEXT_PAGE,TEXT_PAGE,1039,PASS,OCR derivative has non-empty page-scoped text
CUMCM-2013-C-010,2013年数学建模国赛真题+优秀论文/2013C：古塔的变形/成都工业学院 专5 C 肖瑜琳 刘新燕 黄龙.pdf,6AB6592042F87A3F1863F72A0B2E3FE2745A72C9F229D559B2F2EE89CDF545C3,19,TEXT_PAGE,TEXT_PAGE,593,PASS,OCR derivative has non-empty page-scoped text
CUMCM-2013-C-010,2013年数学建模国赛真题+优秀论文/2013C：古塔的变形/成都工业学院 专5 C 肖瑜琳 刘新燕 黄龙.pdf,6AB6592042F87A3F1863F72A0B2E3FE2745A72C9F229D559B2F2EE89CDF545C3,20,TEXT_PAGE,TEXT_PAGE,837,PASS,OCR derivative has non-empty page-scoped text
CUMCM-2013-C-010,2013年数学建模国赛真题+优秀论文/2013C：古塔的变形/成都工业学院 专5 C 肖瑜琳 刘新燕 黄龙.pdf,6AB6592042F87A3F1863F72A0B2E3FE2745A72C9F229D559B2F2EE89CDF545C3,21,TEXT_PAGE,TEXT_PAGE,1119,PASS,OCR derivative has non-empty page-scoped text
CUMCM-2013-C-010,2013年数学建模国赛真题+优秀论文/2013C：古塔的变形/成都工业学院 专5 C 肖瑜琳 刘新燕 黄龙.pdf,6AB6592042F87A3F1863F72A0B2E3FE2745A72C9F229D559B2F2EE89CDF545C3,22,TEXT_PAGE,TEXT_PAGE,603,PASS,OCR derivative has non-empty page-scoped text
CUMCM-2013-C-010,2013年数学建模国赛真题+优秀论文/2013C：古塔的变形/成都工业学院 专5 C 肖瑜琳 刘新燕 黄龙.pdf,6AB6592042F87A3F1863F72A0B2E3FE2745A72C9F229D559B2F2EE89CDF545C3,23,TEXT_PAGE,TEXT_PAGE,549,PASS,OCR derivative has non-empty page-scoped text
CUMCM-2013-C-010,2013年数学建模国赛真题+优秀论文/2013C：古塔的变形/成都工业学院 专5 C 肖瑜琳 刘新燕 黄龙.pdf,6AB6592042F87A3F1863F72A0B2E3FE2745A72C9F229D559B2F2EE89CDF545C3,24,TEXT_PAGE,TEXT_PAGE,1403,PASS,OCR derivative has non-empty page-scoped text
CUMCM-2013-C-010,2013年数学建模国赛真题+优秀论文/2013C：古塔的变形/成都工业学院 专5 C 肖瑜琳 刘新燕 黄龙.pdf,6AB6592042F87A3F1863F72A0B2E3FE2745A72C9F229D559B2F2EE89CDF545C3,25,TEXT_PAGE,TEXT_PAGE,196,PASS,OCR derivative has non-empty page-scoped text
CUMCM-2013-C-010,2013年数学建模国赛真题+优秀论文/2013C：古塔的变形/成都工业学院 专5 C 肖瑜琳 刘新燕 黄龙.pdf,6AB6592042F87A3F1863F72A0B2E3FE2745A72C9F229D559B2F2EE89CDF545C3,26,TEXT_PAGE,TEXT_PAGE,1013,PASS,OCR derivative has non-empty page-scoped text
CUMCM-2013-C-010,2013年数学建模国赛真题+优秀论文/2013C：古塔的变形/成都工业学院 专5 C 肖瑜琳 刘新燕 黄龙.pdf,6AB6592042F87A3F1863F72A0B2E3FE2745A72C9F229D559B2F2EE89CDF545C3,27,TEXT_PAGE,TEXT_PAGE,1089,PASS,OCR derivative has non-empty page-scoped text
CUMCM-2013-C-010,2013年数学建模国赛真题+优秀论文/2013C：古塔的变形/成都工业学院 专5 C 肖瑜琳 刘新燕 黄龙.pdf,6AB6592042F87A3F1863F72A0B2E3FE2745A72C9F229D559B2F2EE89CDF545C3,28,TEXT_PAGE,TEXT_PAGE,1205,PASS,OCR derivative has non-empty page-scoped text
CUMCM-2013-C-010,2013年数学建模国赛真题+优秀论文/2013C：古塔的变形/成都工业学院 专5 C 肖瑜琳 刘新燕 黄龙.pdf,6AB6592042F87A3F1863F72A0B2E3FE2745A72C9F229D559B2F2EE89CDF545C3,29,TEXT_PAGE,TEXT_PAGE,1279,PASS,OCR derivative has non-empty page-scoped text
CUMCM-2013-C-010,2013年数学建模国赛真题+优秀论文/2013C：古塔的变形/成都工业学院 专5 C 肖瑜琳 刘新燕 黄龙.pdf,6AB6592042F87A3F1863F72A0B2E3FE2745A72C9F229D559B2F2EE89CDF545C3,30,TEXT_PAGE,TEXT_PAGE,1651,PASS,OCR derivative has non-empty page-scoped text
CUMCM-2013-C-010,2013年数学建模国赛真题+优秀论文/2013C：古塔的变形/成都工业学院 专5 C 肖瑜琳 刘新燕 黄龙.pdf,6AB6592042F87A3F1863F72A0B2E3FE2745A72C9F229D559B2F2EE89CDF545C3,31,TEXT_PAGE,TEXT_PAGE,1127,PASS,OCR derivative has non-empty page-scoped text
CUMCM-2013-C-010,2013年数学建模国赛真题+优秀论文/2013C：古塔的变形/成都工业学院 专5 C 肖瑜琳 刘新燕 黄龙.pdf,6AB6592042F87A3F1863F72A0B2E3FE2745A72C9F229D559B2F2EE89CDF545C3,32,TEXT_PAGE,TEXT_PAGE,1515,PASS,OCR derivative has non-empty page-scoped text
CUMCM-2013-C-010,2013年数学建模国赛真题+优秀论文/2013C：古塔的变形/成都工业学院 专5 C 肖瑜琳 刘新燕 黄龙.pdf,6AB6592042F87A3F1863F72A0B2E3FE2745A72C9F229D559B2F2EE89CDF545C3,33,TEXT_PAGE,TEXT_PAGE,1683,PASS,OCR derivative has non-empty page-scoped text
CUMCM-2013-C-010,2013年数学建模国赛真题+优秀论文/2013C：古塔的变形/成都工业学院 专5 C 肖瑜琳 刘新燕 黄龙.pdf,6AB6592042F87A3F1863F72A0B2E3FE2745A72C9F229D559B2F2EE89CDF545C3,34,TEXT_PAGE,TEXT_PAGE,1797,PASS,OCR derivative has non-empty page-scoped text
CUMCM-2013-C-010,2013年数学建模国赛真题+优秀论文/2013C：古塔的变形/成都工业学院 专5 C 肖瑜琳 刘新燕 黄龙.pdf,6AB6592042F87A3F1863F72A0B2E3FE2745A72C9F229D559B2F2EE89CDF545C3,35,TEXT_PAGE,TEXT_PAGE,1657,PASS,OCR derivative has non-empty page-scoped text
CUMCM-2013-C-010,2013年数学建模国赛真题+优秀论文/2013C：古塔的变形/成都工业学院 专5 C 肖瑜琳 刘新燕 黄龙.pdf,6AB6592042F87A3F1863F72A0B2E3FE2745A72C9F229D559B2F2EE89CDF545C3,36,TEXT_PAGE,TEXT_PAGE,1226,PASS,OCR derivative has non-empty page-scoped text
CUMCM-2013-C-010,2013年数学建模国赛真题+优秀论文/2013C：古塔的变形/成都工业学院 专5 C 肖瑜琳 刘新燕 黄龙.pdf,6AB6592042F87A3F1863F72A0B2E3FE2745A72C9F229D559B2F2EE89CDF545C3,37,TEXT_PAGE,TEXT_PAGE,1313,PASS,OCR derivative has non-empty page-scoped text
CUMCM-2013-C-010,2013年数学建模国赛真题+优秀论文/2013C：古塔的变形/成都工业学院 专5 C 肖瑜琳 刘新燕 黄龙.pdf,6AB6592042F87A3F1863F72A0B2E3FE2745A72C9F229D559B2F2EE89CDF545C3,38,TEXT_PAGE,TEXT_PAGE,1222,PASS,OCR derivative has non-empty page-scoped text
CUMCM-2013-C-010,2013年数学建模国赛真题+优秀论文/2013C：古塔的变形/成都工业学院 专5 C 肖瑜琳 刘新燕 黄龙.pdf,6AB6592042F87A3F1863F72A0B2E3FE2745A72C9F229D559B2F2EE89CDF545C3,39,TEXT_PAGE,TEXT_PAGE,74,PASS,OCR derivative has non-empty page-scoped text
CUMCM-2014-B-B1801,2014年数学建模国赛真题+优秀论文/2014优秀论文/2014B：创意平板折叠桌 (4)/B18013004_邓敏娜_宁凯_董婷婷.pdf,60C5C17610AB269DADFB43510F940289499DD1217D33CAB156F16A24A108D6FF,1,TEXT_PAGE,TEXT_PAGE,1130,PASS,OCR derivative has non-empty page-scoped text
CUMCM-2014-B-B1801,2014年数学建模国赛真题+优秀论文/2014优秀论文/2014B：创意平板折叠桌 (4)/B18013004_邓敏娜_宁凯_董婷婷.pdf,60C5C17610AB269DADFB43510F940289499DD1217D33CAB156F16A24A108D6FF,2,TEXT_PAGE,TEXT_PAGE,201,PASS,OCR derivative has non-empty page-scoped text
CUMCM-2014-B-B1801,2014年数学建模国赛真题+优秀论文/2014优秀论文/2014B：创意平板折叠桌 (4)/B18013004_邓敏娜_宁凯_董婷婷.pdf,60C5C17610AB269DADFB43510F940289499DD1217D33CAB156F16A24A108D6FF,3,TEXT_PAGE,TEXT_PAGE,817,PASS,OCR derivative has non-empty page-scoped text
CUMCM-2014-B-B1801,2014年数学建模国赛真题+优秀论文/2014优秀论文/2014B：创意平板折叠桌 (4)/B18013004_邓敏娜_宁凯_董婷婷.pdf,60C5C17610AB269DADFB43510F940289499DD1217D33CAB156F16A24A108D6FF,4,TEXT_PAGE,TEXT_PAGE,607,PASS,OCR derivative has non-empty page-scoped text
CUMCM-2014-B-B1801,2014年数学建模国赛真题+优秀论文/2014优秀论文/2014B：创意平板折叠桌 (4)/B18013004_邓敏娜_宁凯_董婷婷.pdf,60C5C17610AB269DADFB43510F940289499DD1217D33CAB156F16A24A108D6FF,5,TEXT_PAGE,TEXT_PAGE,1484,PASS,OCR derivative has non-empty page-scoped text
CUMCM-2014-B-B1801,2014年数学建模国赛真题+优秀论文/2014优秀论文/2014B：创意平板折叠桌 (4)/B18013004_邓敏娜_宁凯_董婷婷.pdf,60C5C17610AB269DADFB43510F940289499DD1217D33CAB156F16A24A108D6FF,6,TEXT_PAGE,TEXT_PAGE,663,PASS,OCR derivative has non-empty page-scoped text
CUMCM-2014-B-B1801,2014年数学建模国赛真题+优秀论文/2014优秀论文/2014B：创意平板折叠桌 (4)/B18013004_邓敏娜_宁凯_董婷婷.pdf,60C5C17610AB269DADFB43510F940289499DD1217D33CAB156F16A24A108D6FF,7,TEXT_PAGE,TEXT_PAGE,445,PASS,OCR derivative has non-empty page-scoped text
CUMCM-2014-B-B1801,2014年数学建模国赛真题+优秀论文/2014优秀论文/2014B：创意平板折叠桌 (4)/B18013004_邓敏娜_宁凯_董婷婷.pdf,60C5C17610AB269DADFB43510F940289499DD1217D33CAB156F16A24A108D6FF,8,TEXT_PAGE,TEXT_PAGE,646,PASS,OCR derivative has non-empty page-scoped text
CUMCM-2014-B-B1801,2014年数学建模国赛真题+优秀论文/2014优秀论文/2014B：创意平板折叠桌 (4)/B18013004_邓敏娜_宁凯_董婷婷.pdf,60C5C17610AB269DADFB43510F940289499DD1217D33CAB156F16A24A108D6FF,9,TEXT_PAGE,TEXT_PAGE,415,PASS,OCR derivative has non-empty page-scoped text
CUMCM-2014-B-B1801,2014年数学建模国赛真题+优秀论文/2014优秀论文/2014B：创意平板折叠桌 (4)/B18013004_邓敏娜_宁凯_董婷婷.pdf,60C5C17610AB269DADFB43510F940289499DD1217D33CAB156F16A24A108D6FF,10,TEXT_PAGE,TEXT_PAGE,700,PASS,OCR derivative has non-empty page-scoped text
CUMCM-2014-B-B1801,2014年数学建模国赛真题+优秀论文/2014优秀论文/2014B：创意平板折叠桌 (4)/B18013004_邓敏娜_宁凯_董婷婷.pdf,60C5C17610AB269DADFB43510F940289499DD1217D33CAB156F16A24A108D6FF,11,TEXT_PAGE,TEXT_PAGE,131,PASS,OCR derivative has non-empty page-scoped text
CUMCM-2014-B-B1801,2014年数学建模国赛真题+优秀论文/2014优秀论文/2014B：创意平板折叠桌 (4)/B18013004_邓敏娜_宁凯_董婷婷.pdf,60C5C17610AB269DADFB43510F940289499DD1217D33CAB156F16A24A108D6FF,12,TEXT_PAGE,TEXT_PAGE,449,PASS,OCR derivative has non-empty page-scoped text
CUMCM-2014-B-B1801,2014年数学建模国赛真题+优秀论文/2014优秀论文/2014B：创意平板折叠桌 (4)/B18013004_邓敏娜_宁凯_董婷婷.pdf,60C5C17610AB269DADFB43510F940289499DD1217D33CAB156F16A24A108D6FF,13,TEXT_PAGE,TEXT_PAGE,303,PASS,OCR derivative has non-empty page-scoped text
CUMCM-2014-B-B1801,2014年数学建模国赛真题+优秀论文/2014优秀论文/2014B：创意平板折叠桌 (4)/B18013004_邓敏娜_宁凯_董婷婷.pdf,60C5C17610AB269DADFB43510F940289499DD1217D33CAB156F16A24A108D6FF,14,TEXT_PAGE,TEXT_PAGE,789,PASS,OCR derivative has non-empty page-scoped text
CUMCM-2014-B-B1801,2014年数学建模国赛真题+优秀论文/2014优秀论文/2014B：创意平板折叠桌 (4)/B18013004_邓敏娜_宁凯_董婷婷.pdf,60C5C17610AB269DADFB43510F940289499DD1217D33CAB156F16A24A108D6FF,15,TEXT_PAGE,TEXT_PAGE,810,PASS,OCR derivative has non-empty page-scoped text
CUMCM-2014-B-B1801,2014年数学建模国赛真题+优秀论文/2014优秀论文/2014B：创意平板折叠桌 (4)/B18013004_邓敏娜_宁凯_董婷婷.pdf,60C5C17610AB269DADFB43510F940289499DD1217D33CAB156F16A24A108D6FF,16,TEXT_PAGE,TEXT_PAGE,529,PASS,OCR derivative has non-empty page-scoped text
CUMCM-2014-B-B1801,2014年数学建模国赛真题+优秀论文/2014优秀论文/2014B：创意平板折叠桌 (4)/B18013004_邓敏娜_宁凯_董婷婷.pdf,60C5C17610AB269DADFB43510F940289499DD1217D33CAB156F16A24A108D6FF,17,TEXT_PAGE,TEXT_PAGE,892,PASS,OCR derivative has non-empty page-scoped text
CUMCM-2014-B-B1801,2014年数学建模国赛真题+优秀论文/2014优秀论文/2014B：创意平板折叠桌 (4)/B18013004_邓敏娜_宁凯_董婷婷.pdf,60C5C17610AB269DADFB43510F940289499DD1217D33CAB156F16A24A108D6FF,18,TEXT_PAGE,TEXT_PAGE,585,PASS,OCR derivative has non-empty page-scoped text
CUMCM-2014-B-B1801,2014年数学建模国赛真题+优秀论文/2014优秀论文/2014B：创意平板折叠桌 (4)/B18013004_邓敏娜_宁凯_董婷婷.pdf,60C5C17610AB269DADFB43510F940289499DD1217D33CAB156F16A24A108D6FF,19,TEXT_PAGE,TEXT_PAGE,702,PASS,OCR derivative has non-empty page-scoped text
CUMCM-2014-B-B1801,2014年数学建模国赛真题+优秀论文/2014优秀论文/2014B：创意平板折叠桌 (4)/B18013004_邓敏娜_宁凯_董婷婷.pdf,60C5C17610AB269DADFB43510F940289499DD1217D33CAB156F16A24A108D6FF,20,TEXT_PAGE,TEXT_PAGE,464,PASS,OCR derivative has non-empty page-scoped text
CUMCM-2014-B-B1801,2014年数学建模国赛真题+优秀论文/2014优秀论文/2014B：创意平板折叠桌 (4)/B18013004_邓敏娜_宁凯_董婷婷.pdf,60C5C17610AB269DADFB43510F940289499DD1217D33CAB156F16A24A108D6FF,21,TEXT_PAGE,TEXT_PAGE,319,PASS,OCR derivative has non-empty page-scoped text
CUMCM-2014-B-B1801,2014年数学建模国赛真题+优秀论文/2014优秀论文/2014B：创意平板折叠桌 (4)/B18013004_邓敏娜_宁凯_董婷婷.pdf,60C5C17610AB269DADFB43510F940289499DD1217D33CAB156F16A24A108D6FF,22,TEXT_PAGE,TEXT_PAGE,502,PASS,OCR derivative has non-empty page-scoped text
CUMCM-2014-B-B1801,2014年数学建模国赛真题+优秀论文/2014优秀论文/2014B：创意平板折叠桌 (4)/B18013004_邓敏娜_宁凯_董婷婷.pdf,60C5C17610AB269DADFB43510F940289499DD1217D33CAB156F16A24A108D6FF,23,TEXT_PAGE,TEXT_PAGE,542,PASS,OCR derivative has non-empty page-scoped text
CUMCM-2014-B-B1801,2014年数学建模国赛真题+优秀论文/2014优秀论文/2014B：创意平板折叠桌 (4)/B18013004_邓敏娜_宁凯_董婷婷.pdf,60C5C17610AB269DADFB43510F940289499DD1217D33CAB156F16A24A108D6FF,24,TEXT_PAGE,TEXT_PAGE,31,PASS,OCR derivative has non-empty page-scoped text
CUMCM-2014-B-B1801,2014年数学建模国赛真题+优秀论文/2014优秀论文/2014B：创意平板折叠桌 (4)/B18013004_邓敏娜_宁凯_董婷婷.pdf,60C5C17610AB269DADFB43510F940289499DD1217D33CAB156F16A24A108D6FF,25,TEXT_PAGE,TEXT_PAGE,570,PASS,OCR derivative has non-empty page-scoped text
CUMCM-2014-B-B1801,2014年数学建模国赛真题+优秀论文/2014优秀论文/2014B：创意平板折叠桌 (4)/B18013004_邓敏娜_宁凯_董婷婷.pdf,60C5C17610AB269DADFB43510F940289499DD1217D33CAB156F16A24A108D6FF,26,TEXT_PAGE,TEXT_PAGE,9,PASS,OCR derivative has non-empty page-scoped text
CUMCM-2017-A-004,2017年数学建模国赛真题+优秀论文/2017年优秀论文/2017A：CT系统参数标定及成像  (1).pdf,6A72506FA1F46C21B5F9A35B5B40D85C2B3B8742B16C7724624DF65049538CBF,1,TEXT_PAGE,TEXT_PAGE,1122,PASS,OCR derivative has non-empty page-scoped text
CUMCM-2017-A-004,2017年数学建模国赛真题+优秀论文/2017年优秀论文/2017A：CT系统参数标定及成像  (1).pdf,6A72506FA1F46C21B5F9A35B5B40D85C2B3B8742B16C7724624DF65049538CBF,2,TEXT_PAGE,TEXT_PAGE,1052,PASS,OCR derivative has non-empty page-scoped text
CUMCM-2017-A-004,2017年数学建模国赛真题+优秀论文/2017年优秀论文/2017A：CT系统参数标定及成像  (1).pdf,6A72506FA1F46C21B5F9A35B5B40D85C2B3B8742B16C7724624DF65049538CBF,3,TEXT_PAGE,TEXT_PAGE,1112,PASS,OCR derivative has non-empty page-scoped text
CUMCM-2017-A-004,2017年数学建模国赛真题+优秀论文/2017年优秀论文/2017A：CT系统参数标定及成像  (1).pdf,6A72506FA1F46C21B5F9A35B5B40D85C2B3B8742B16C7724624DF65049538CBF,4,TEXT_PAGE,TEXT_PAGE,889,PASS,OCR derivative has non-empty page-scoped text
CUMCM-2017-A-004,2017年数学建模国赛真题+优秀论文/2017年优秀论文/2017A：CT系统参数标定及成像  (1).pdf,6A72506FA1F46C21B5F9A35B5B40D85C2B3B8742B16C7724624DF65049538CBF,5,TEXT_PAGE,TEXT_PAGE,1018,PASS,OCR derivative has non-empty page-scoped text
CUMCM-2017-A-004,2017年数学建模国赛真题+优秀论文/2017年优秀论文/2017A：CT系统参数标定及成像  (1).pdf,6A72506FA1F46C21B5F9A35B5B40D85C2B3B8742B16C7724624DF65049538CBF,6,TEXT_PAGE,TEXT_PAGE,910,PASS,OCR derivative has non-empty page-scoped text
CUMCM-2017-A-004,2017年数学建模国赛真题+优秀论文/2017年优秀论文/2017A：CT系统参数标定及成像  (1).pdf,6A72506FA1F46C21B5F9A35B5B40D85C2B3B8742B16C7724624DF65049538CBF,7,TEXT_PAGE,TEXT_PAGE,727,PASS,OCR derivative has non-empty page-scoped text
CUMCM-2017-A-004,2017年数学建模国赛真题+优秀论文/2017年优秀论文/2017A：CT系统参数标定及成像  (1).pdf,6A72506FA1F46C21B5F9A35B5B40D85C2B3B8742B16C7724624DF65049538CBF,8,TEXT_PAGE,TEXT_PAGE,525,PASS,OCR derivative has non-empty page-scoped text
CUMCM-2017-A-004,2017年数学建模国赛真题+优秀论文/2017年优秀论文/2017A：CT系统参数标定及成像  (1).pdf,6A72506FA1F46C21B5F9A35B5B40D85C2B3B8742B16C7724624DF65049538CBF,9,TEXT_PAGE,TEXT_PAGE,827,PASS,OCR derivative has non-empty page-scoped text
CUMCM-2017-A-004,2017年数学建模国赛真题+优秀论文/2017年优秀论文/2017A：CT系统参数标定及成像  (1).pdf,6A72506FA1F46C21B5F9A35B5B40D85C2B3B8742B16C7724624DF65049538CBF,10,TEXT_PAGE,TEXT_PAGE,638,PASS,OCR derivative has non-empty page-scoped text
CUMCM-2017-A-004,2017年数学建模国赛真题+优秀论文/2017年优秀论文/2017A：CT系统参数标定及成像  (1).pdf,6A72506FA1F46C21B5F9A35B5B40D85C2B3B8742B16C7724624DF65049538CBF,11,TEXT_PAGE,TEXT_PAGE,338,PASS,OCR derivative has non-empty page-scoped text
CUMCM-2017-A-004,2017年数学建模国赛真题+优秀论文/2017年优秀论文/2017A：CT系统参数标定及成像  (1).pdf,6A72506FA1F46C21B5F9A35B5B40D85C2B3B8742B16C7724624DF65049538CBF,12,TEXT_PAGE,TEXT_PAGE,411,PASS,OCR derivative has non-empty page-scoped text
CUMCM-2017-A-004,2017年数学建模国赛真题+优秀论文/2017年优秀论文/2017A：CT系统参数标定及成像  (1).pdf,6A72506FA1F46C21B5F9A35B5B40D85C2B3B8742B16C7724624DF65049538CBF,13,TEXT_PAGE,TEXT_PAGE,635,PASS,OCR derivative has non-empty page-scoped text
CUMCM-2017-A-004,2017年数学建模国赛真题+优秀论文/2017年优秀论文/2017A：CT系统参数标定及成像  (1).pdf,6A72506FA1F46C21B5F9A35B5B40D85C2B3B8742B16C7724624DF65049538CBF,14,TEXT_PAGE,TEXT_PAGE,638,PASS,OCR derivative has non-empty page-scoped text
CUMCM-2017-A-004,2017年数学建模国赛真题+优秀论文/2017年优秀论文/2017A：CT系统参数标定及成像  (1).pdf,6A72506FA1F46C21B5F9A35B5B40D85C2B3B8742B16C7724624DF65049538CBF,15,TEXT_PAGE,TEXT_PAGE,718,PASS,OCR derivative has non-empty page-scoped text
CUMCM-2017-A-004,2017年数学建模国赛真题+优秀论文/2017年优秀论文/2017A：CT系统参数标定及成像  (1).pdf,6A72506FA1F46C21B5F9A35B5B40D85C2B3B8742B16C7724624DF65049538CBF,16,TEXT_PAGE,TEXT_PAGE,521,PASS,OCR derivative has non-empty page-scoped text
CUMCM-2017-A-004,2017年数学建模国赛真题+优秀论文/2017年优秀论文/2017A：CT系统参数标定及成像  (1).pdf,6A72506FA1F46C21B5F9A35B5B40D85C2B3B8742B16C7724624DF65049538CBF,17,TEXT_PAGE,TEXT_PAGE,715,PASS,OCR derivative has non-empty page-scoped text
CUMCM-2017-A-004,2017年数学建模国赛真题+优秀论文/2017年优秀论文/2017A：CT系统参数标定及成像  (1).pdf,6A72506FA1F46C21B5F9A35B5B40D85C2B3B8742B16C7724624DF65049538CBF,18,TEXT_PAGE,TEXT_PAGE,1119,PASS,OCR derivative has non-empty page-scoped text
CUMCM-2017-A-004,2017年数学建模国赛真题+优秀论文/2017年优秀论文/2017A：CT系统参数标定及成像  (1).pdf,6A72506FA1F46C21B5F9A35B5B40D85C2B3B8742B16C7724624DF65049538CBF,19,TEXT_PAGE,TEXT_PAGE,869,PASS,OCR derivative has non-empty page-scoped text
CUMCM-2017-A-004,2017年数学建模国赛真题+优秀论文/2017年优秀论文/2017A：CT系统参数标定及成像  (1).pdf,6A72506FA1F46C21B5F9A35B5B40D85C2B3B8742B16C7724624DF65049538CBF,20,TEXT_PAGE,TEXT_PAGE,658,PASS,OCR derivative has non-empty page-scoped text
CUMCM-2017-A-004,2017年数学建模国赛真题+优秀论文/2017年优秀论文/2017A：CT系统参数标定及成像  (1).pdf,6A72506FA1F46C21B5F9A35B5B40D85C2B3B8742B16C7724624DF65049538CBF,21,TEXT_PAGE,TEXT_PAGE,628,PASS,OCR derivative has non-empty page-scoped text
CUMCM-2017-A-004,2017年数学建模国赛真题+优秀论文/2017年优秀论文/2017A：CT系统参数标定及成像  (1).pdf,6A72506FA1F46C21B5F9A35B5B40D85C2B3B8742B16C7724624DF65049538CBF,22,TEXT_PAGE,TEXT_PAGE,927,PASS,OCR derivative has non-empty page-scoped text
CUMCM-2017-A-004,2017年数学建模国赛真题+优秀论文/2017年优秀论文/2017A：CT系统参数标定及成像  (1).pdf,6A72506FA1F46C21B5F9A35B5B40D85C2B3B8742B16C7724624DF65049538CBF,23,TEXT_PAGE,TEXT_PAGE,1098,PASS,OCR derivative has non-empty page-scoped text
CUMCM-2017-A-004,2017年数学建模国赛真题+优秀论文/2017年优秀论文/2017A：CT系统参数标定及成像  (1).pdf,6A72506FA1F46C21B5F9A35B5B40D85C2B3B8742B16C7724624DF65049538CBF,24,TEXT_PAGE,TEXT_PAGE,582,PASS,OCR derivative has non-empty page-scoped text
CUMCM-2017-A-004,2017年数学建模国赛真题+优秀论文/2017年优秀论文/2017A：CT系统参数标定及成像  (1).pdf,6A72506FA1F46C21B5F9A35B5B40D85C2B3B8742B16C7724624DF65049538CBF,25,TEXT_PAGE,TEXT_PAGE,813,PASS,OCR derivative has non-empty page-scoped text
CUMCM-2017-A-004,2017年数学建模国赛真题+优秀论文/2017年优秀论文/2017A：CT系统参数标定及成像  (1).pdf,6A72506FA1F46C21B5F9A35B5B40D85C2B3B8742B16C7724624DF65049538CBF,26,TEXT_PAGE,TEXT_PAGE,1725,PASS,OCR derivative has non-empty page-scoped text
CUMCM-2017-A-004,2017年数学建模国赛真题+优秀论文/2017年优秀论文/2017A：CT系统参数标定及成像  (1).pdf,6A72506FA1F46C21B5F9A35B5B40D85C2B3B8742B16C7724624DF65049538CBF,27,TEXT_PAGE,TEXT_PAGE,405,PASS,OCR derivative has non-empty page-scoped text
CUMCM-2017-A-004,2017年数学建模国赛真题+优秀论文/2017年优秀论文/2017A：CT系统参数标定及成像  (1).pdf,6A72506FA1F46C21B5F9A35B5B40D85C2B3B8742B16C7724624DF65049538CBF,28,TEXT_PAGE,TEXT_PAGE,411,PASS,OCR derivative has non-empty page-scoped text
CUMCM-2017-A-004,2017年数学建模国赛真题+优秀论文/2017年优秀论文/2017A：CT系统参数标定及成像  (1).pdf,6A72506FA1F46C21B5F9A35B5B40D85C2B3B8742B16C7724624DF65049538CBF,29,TEXT_PAGE,TEXT_PAGE,1053,PASS,OCR derivative has non-empty page-scoped text
CUMCM-2017-A-004,2017年数学建模国赛真题+优秀论文/2017年优秀论文/2017A：CT系统参数标定及成像  (1).pdf,6A72506FA1F46C21B5F9A35B5B40D85C2B3B8742B16C7724624DF65049538CBF,30,TEXT_PAGE,TEXT_PAGE,1255,PASS,OCR derivative has non-empty page-scoped text
CUMCM-2017-A-004,2017年数学建模国赛真题+优秀论文/2017年优秀论文/2017A：CT系统参数标定及成像  (1).pdf,6A72506FA1F46C21B5F9A35B5B40D85C2B3B8742B16C7724624DF65049538CBF,31,TEXT_PAGE,TEXT_PAGE,317,PASS,OCR derivative has non-empty page-scoped text
CUMCM-2017-A-004,2017年数学建模国赛真题+优秀论文/2017年优秀论文/2017A：CT系统参数标定及成像  (1).pdf,6A72506FA1F46C21B5F9A35B5B40D85C2B3B8742B16C7724624DF65049538CBF,32,TEXT_PAGE,TEXT_PAGE,1032,PASS,OCR derivative has non-empty page-scoped text
CUMCM-2017-A-004,2017年数学建模国赛真题+优秀论文/2017年优秀论文/2017A：CT系统参数标定及成像  (1).pdf,6A72506FA1F46C21B5F9A35B5B40D85C2B3B8742B16C7724624DF65049538CBF,33,TEXT_PAGE,TEXT_PAGE,1321,PASS,OCR derivative has non-empty page-scoped text
CUMCM-2017-A-004,2017年数学建模国赛真题+优秀论文/2017年优秀论文/2017A：CT系统参数标定及成像  (1).pdf,6A72506FA1F46C21B5F9A35B5B40D85C2B3B8742B16C7724624DF65049538CBF,34,TEXT_PAGE,TEXT_PAGE,1321,PASS,OCR derivative has non-empty page-scoped text
CUMCM-2017-A-004,2017年数学建模国赛真题+优秀论文/2017年优秀论文/2017A：CT系统参数标定及成像  (1).pdf,6A72506FA1F46C21B5F9A35B5B40D85C2B3B8742B16C7724624DF65049538CBF,35,TEXT_PAGE,TEXT_PAGE,1621,PASS,OCR derivative has non-empty page-scoped text
CUMCM-2017-A-004,2017年数学建模国赛真题+优秀论文/2017年优秀论文/2017A：CT系统参数标定及成像  (1).pdf,6A72506FA1F46C21B5F9A35B5B40D85C2B3B8742B16C7724624DF65049538CBF,36,TEXT_PAGE,TEXT_PAGE,1454,PASS,OCR derivative has non-empty page-scoped text
CUMCM-2017-A-004,2017年数学建模国赛真题+优秀论文/2017年优秀论文/2017A：CT系统参数标定及成像  (1).pdf,6A72506FA1F46C21B5F9A35B5B40D85C2B3B8742B16C7724624DF65049538CBF,37,TEXT_PAGE,TEXT_PAGE,1182,PASS,OCR derivative has non-empty page-scoped text
CUMCM-2017-A-004,2017年数学建模国赛真题+优秀论文/2017年优秀论文/2017A：CT系统参数标定及成像  (1).pdf,6A72506FA1F46C21B5F9A35B5B40D85C2B3B8742B16C7724624DF65049538CBF,38,TEXT_PAGE,TEXT_PAGE,947,PASS,OCR derivative has non-empty page-scoped text
CUMCM-2017-A-004,2017年数学建模国赛真题+优秀论文/2017年优秀论文/2017A：CT系统参数标定及成像  (1).pdf,6A72506FA1F46C21B5F9A35B5B40D85C2B3B8742B16C7724624DF65049538CBF,39,TEXT_PAGE,TEXT_PAGE,1207,PASS,OCR derivative has non-empty page-scoped text
CUMCM-2017-A-004,2017年数学建模国赛真题+优秀论文/2017年优秀论文/2017A：CT系统参数标定及成像  (1).pdf,6A72506FA1F46C21B5F9A35B5B40D85C2B3B8742B16C7724624DF65049538CBF,40,TEXT_PAGE,TEXT_PAGE,965,PASS,OCR derivative has non-empty page-scoped text
CUMCM-2017-A-004,2017年数学建模国赛真题+优秀论文/2017年优秀论文/2017A：CT系统参数标定及成像  (1).pdf,6A72506FA1F46C21B5F9A35B5B40D85C2B3B8742B16C7724624DF65049538CBF,41,TEXT_PAGE,TEXT_PAGE,1199,PASS,OCR derivative has non-empty page-scoped text
CUMCM-2017-A-004,2017年数学建模国赛真题+优秀论文/2017年优秀论文/2017A：CT系统参数标定及成像  (1).pdf,6A72506FA1F46C21B5F9A35B5B40D85C2B3B8742B16C7724624DF65049538CBF,42,TEXT_PAGE,TEXT_PAGE,901,PASS,OCR derivative has non-empty page-scoped text
CUMCM-2017-A-004,2017年数学建模国赛真题+优秀论文/2017年优秀论文/2017A：CT系统参数标定及成像  (1).pdf,6A72506FA1F46C21B5F9A35B5B40D85C2B3B8742B16C7724624DF65049538CBF,43,TEXT_PAGE,TEXT_PAGE,1278,PASS,OCR derivative has non-empty page-scoped text
CUMCM-2017-A-004,2017年数学建模国赛真题+优秀论文/2017年优秀论文/2017A：CT系统参数标定及成像  (1).pdf,6A72506FA1F46C21B5F9A35B5B40D85C2B3B8742B16C7724624DF65049538CBF,44,TEXT_PAGE,TEXT_PAGE,1231,PASS,OCR derivative has non-empty page-scoped text
CUMCM-2017-A-004,2017年数学建模国赛真题+优秀论文/2017年优秀论文/2017A：CT系统参数标定及成像  (1).pdf,6A72506FA1F46C21B5F9A35B5B40D85C2B3B8742B16C7724624DF65049538CBF,45,TEXT_PAGE,TEXT_PAGE,1461,PASS,OCR derivative has non-empty page-scoped text
CUMCM-2017-A-004,2017年数学建模国赛真题+优秀论文/2017年优秀论文/2017A：CT系统参数标定及成像  (1).pdf,6A72506FA1F46C21B5F9A35B5B40D85C2B3B8742B16C7724624DF65049538CBF,46,TEXT_PAGE,TEXT_PAGE,1053,PASS,OCR derivative has non-empty page-scoped text
CUMCM-2017-A-004,2017年数学建模国赛真题+优秀论文/2017年优秀论文/2017A：CT系统参数标定及成像  (1).pdf,6A72506FA1F46C21B5F9A35B5B40D85C2B3B8742B16C7724624DF65049538CBF,47,TEXT_PAGE,TEXT_PAGE,723,PASS,OCR derivative has non-empty page-scoped text
CUMCM-2017-B-001,2017年数学建模国赛真题+优秀论文/2017年优秀论文/2017B：“拍照赚钱”的任务定价 (3).pdf,868338C91C96EF687737C15C64C042945F2ED7BCB7D534F7FCF9F84E85426550,1,TEXT_PAGE,TEXT_PAGE,2104,PASS,OCR derivative has non-empty page-scoped text
CUMCM-2017-B-001,2017年数学建模国赛真题+优秀论文/2017年优秀论文/2017B：“拍照赚钱”的任务定价 (3).pdf,868338C91C96EF687737C15C64C042945F2ED7BCB7D534F7FCF9F84E85426550,2,TEXT_PAGE,TEXT_PAGE,1856,PASS,OCR derivative has non-empty page-scoped text
CUMCM-2017-B-001,2017年数学建模国赛真题+优秀论文/2017年优秀论文/2017B：“拍照赚钱”的任务定价 (3).pdf,868338C91C96EF687737C15C64C042945F2ED7BCB7D534F7FCF9F84E85426550,3,TEXT_PAGE,TEXT_PAGE,1875,PASS,OCR derivative has non-empty page-scoped text
CUMCM-2017-B-001,2017年数学建模国赛真题+优秀论文/2017年优秀论文/2017B：“拍照赚钱”的任务定价 (3).pdf,868338C91C96EF687737C15C64C042945F2ED7BCB7D534F7FCF9F84E85426550,4,TEXT_PAGE,TEXT_PAGE,798,PASS,OCR derivative has non-empty page-scoped text
CUMCM-2017-B-001,2017年数学建模国赛真题+优秀论文/2017年优秀论文/2017B：“拍照赚钱”的任务定价 (3).pdf,868338C91C96EF687737C15C64C042945F2ED7BCB7D534F7FCF9F84E85426550,5,TEXT_PAGE,TEXT_PAGE,1010,PASS,OCR derivative has non-empty page-scoped text
CUMCM-2017-B-001,2017年数学建模国赛真题+优秀论文/2017年优秀论文/2017B：“拍照赚钱”的任务定价 (3).pdf,868338C91C96EF687737C15C64C042945F2ED7BCB7D534F7FCF9F84E85426550,6,TEXT_PAGE,TEXT_PAGE,506,PASS,OCR derivative has non-empty page-scoped text
CUMCM-2017-B-001,2017年数学建模国赛真题+优秀论文/2017年优秀论文/2017B：“拍照赚钱”的任务定价 (3).pdf,868338C91C96EF687737C15C64C042945F2ED7BCB7D534F7FCF9F84E85426550,7,TEXT_PAGE,TEXT_PAGE,1317,PASS,OCR derivative has non-empty page-scoped text
CUMCM-2017-B-001,2017年数学建模国赛真题+优秀论文/2017年优秀论文/2017B：“拍照赚钱”的任务定价 (3).pdf,868338C91C96EF687737C15C64C042945F2ED7BCB7D534F7FCF9F84E85426550,8,TEXT_PAGE,TEXT_PAGE,1538,PASS,OCR derivative has non-empty page-scoped text
CUMCM-2017-B-001,2017年数学建模国赛真题+优秀论文/2017年优秀论文/2017B：“拍照赚钱”的任务定价 (3).pdf,868338C91C96EF687737C15C64C042945F2ED7BCB7D534F7FCF9F84E85426550,9,TEXT_PAGE,TEXT_PAGE,1179,PASS,OCR derivative has non-empty page-scoped text
CUMCM-2017-B-001,2017年数学建模国赛真题+优秀论文/2017年优秀论文/2017B：“拍照赚钱”的任务定价 (3).pdf,868338C91C96EF687737C15C64C042945F2ED7BCB7D534F7FCF9F84E85426550,10,TEXT_PAGE,TEXT_PAGE,1075,PASS,OCR derivative has non-empty page-scoped text
CUMCM-2017-B-001,2017年数学建模国赛真题+优秀论文/2017年优秀论文/2017B：“拍照赚钱”的任务定价 (3).pdf,868338C91C96EF687737C15C64C042945F2ED7BCB7D534F7FCF9F84E85426550,11,TEXT_PAGE,TEXT_PAGE,942,PASS,OCR derivative has non-empty page-scoped text
CUMCM-2017-B-001,2017年数学建模国赛真题+优秀论文/2017年优秀论文/2017B：“拍照赚钱”的任务定价 (3).pdf,868338C91C96EF687737C15C64C042945F2ED7BCB7D534F7FCF9F84E85426550,12,TEXT_PAGE,TEXT_PAGE,1656,PASS,OCR derivative has non-empty page-scoped text
CUMCM-2017-B-001,2017年数学建模国赛真题+优秀论文/2017年优秀论文/2017B：“拍照赚钱”的任务定价 (3).pdf,868338C91C96EF687737C15C64C042945F2ED7BCB7D534F7FCF9F84E85426550,13,TEXT_PAGE,TEXT_PAGE,1137,PASS,OCR derivative has non-empty page-scoped text
CUMCM-2017-B-001,2017年数学建模国赛真题+优秀论文/2017年优秀论文/2017B：“拍照赚钱”的任务定价 (3).pdf,868338C91C96EF687737C15C64C042945F2ED7BCB7D534F7FCF9F84E85426550,14,TEXT_PAGE,TEXT_PAGE,471,PASS,OCR derivative has non-empty page-scoped text
CUMCM-2017-B-001,2017年数学建模国赛真题+优秀论文/2017年优秀论文/2017B：“拍照赚钱”的任务定价 (3).pdf,868338C91C96EF687737C15C64C042945F2ED7BCB7D534F7FCF9F84E85426550,15,TEXT_PAGE,TEXT_PAGE,1330,PASS,OCR derivative has non-empty page-scoped text
CUMCM-2017-B-001,2017年数学建模国赛真题+优秀论文/2017年优秀论文/2017B：“拍照赚钱”的任务定价 (3).pdf,868338C91C96EF687737C15C64C042945F2ED7BCB7D534F7FCF9F84E85426550,16,TEXT_PAGE,TEXT_PAGE,777,PASS,OCR derivative has non-empty page-scoped text
CUMCM-2017-B-001,2017年数学建模国赛真题+优秀论文/2017年优秀论文/2017B：“拍照赚钱”的任务定价 (3).pdf,868338C91C96EF687737C15C64C042945F2ED7BCB7D534F7FCF9F84E85426550,17,TEXT_PAGE,TEXT_PAGE,694,PASS,OCR derivative has non-empty page-scoped text
CUMCM-2017-B-001,2017年数学建模国赛真题+优秀论文/2017年优秀论文/2017B：“拍照赚钱”的任务定价 (3).pdf,868338C91C96EF687737C15C64C042945F2ED7BCB7D534F7FCF9F84E85426550,18,TEXT_PAGE,TEXT_PAGE,1254,PASS,OCR derivative has non-empty page-scoped text
CUMCM-2017-B-001,2017年数学建模国赛真题+优秀论文/2017年优秀论文/2017B：“拍照赚钱”的任务定价 (3).pdf,868338C91C96EF687737C15C64C042945F2ED7BCB7D534F7FCF9F84E85426550,19,TEXT_PAGE,TEXT_PAGE,1265,PASS,OCR derivative has non-empty page-scoped text
CUMCM-2017-B-001,2017年数学建模国赛真题+优秀论文/2017年优秀论文/2017B：“拍照赚钱”的任务定价 (3).pdf,868338C91C96EF687737C15C64C042945F2ED7BCB7D534F7FCF9F84E85426550,20,TEXT_PAGE,TEXT_PAGE,1075,PASS,OCR derivative has non-empty page-scoped text
CUMCM-2017-B-001,2017年数学建模国赛真题+优秀论文/2017年优秀论文/2017B：“拍照赚钱”的任务定价 (3).pdf,868338C91C96EF687737C15C64C042945F2ED7BCB7D534F7FCF9F84E85426550,21,TEXT_PAGE,TEXT_PAGE,586,PASS,OCR derivative has non-empty page-scoped text
CUMCM-2017-B-001,2017年数学建模国赛真题+优秀论文/2017年优秀论文/2017B：“拍照赚钱”的任务定价 (3).pdf,868338C91C96EF687737C15C64C042945F2ED7BCB7D534F7FCF9F84E85426550,22,TEXT_PAGE,TEXT_PAGE,851,PASS,OCR derivative has non-empty page-scoped text
CUMCM-2017-B-001,2017年数学建模国赛真题+优秀论文/2017年优秀论文/2017B：“拍照赚钱”的任务定价 (3).pdf,868338C91C96EF687737C15C64C042945F2ED7BCB7D534F7FCF9F84E85426550,23,TEXT_PAGE,TEXT_PAGE,1305,PASS,OCR derivative has non-empty page-scoped text
CUMCM-2017-B-001,2017年数学建模国赛真题+优秀论文/2017年优秀论文/2017B：“拍照赚钱”的任务定价 (3).pdf,868338C91C96EF687737C15C64C042945F2ED7BCB7D534F7FCF9F84E85426550,24,TEXT_PAGE,TEXT_PAGE,840,PASS,OCR derivative has non-empty page-scoped text
CUMCM-2017-B-001,2017年数学建模国赛真题+优秀论文/2017年优秀论文/2017B：“拍照赚钱”的任务定价 (3).pdf,868338C91C96EF687737C15C64C042945F2ED7BCB7D534F7FCF9F84E85426550,25,TEXT_PAGE,TEXT_PAGE,401,PASS,OCR derivative has non-empty page-scoped text
CUMCM-2017-B-001,2017年数学建模国赛真题+优秀论文/2017年优秀论文/2017B：“拍照赚钱”的任务定价 (3).pdf,868338C91C96EF687737C15C64C042945F2ED7BCB7D534F7FCF9F84E85426550,26,TEXT_PAGE,TEXT_PAGE,1081,PASS,OCR derivative has non-empty page-scoped text
CUMCM-2017-B-001,2017年数学建模国赛真题+优秀论文/2017年优秀论文/2017B：“拍照赚钱”的任务定价 (3).pdf,868338C91C96EF687737C15C64C042945F2ED7BCB7D534F7FCF9F84E85426550,27,TEXT_PAGE,TEXT_PAGE,794,PASS,OCR derivative has non-empty page-scoped text
CUMCM-2017-B-001,2017年数学建模国赛真题+优秀论文/2017年优秀论文/2017B：“拍照赚钱”的任务定价 (3).pdf,868338C91C96EF687737C15C64C042945F2ED7BCB7D534F7FCF9F84E85426550,28,TEXT_PAGE,TEXT_PAGE,1201,PASS,OCR derivative has non-empty page-scoped text
CUMCM-2017-B-001,2017年数学建模国赛真题+优秀论文/2017年优秀论文/2017B：“拍照赚钱”的任务定价 (3).pdf,868338C91C96EF687737C15C64C042945F2ED7BCB7D534F7FCF9F84E85426550,29,TEXT_PAGE,TEXT_PAGE,1329,PASS,OCR derivative has non-empty page-scoped text
CUMCM-2017-B-001,2017年数学建模国赛真题+优秀论文/2017年优秀论文/2017B：“拍照赚钱”的任务定价 (3).pdf,868338C91C96EF687737C15C64C042945F2ED7BCB7D534F7FCF9F84E85426550,30,TEXT_PAGE,TEXT_PAGE,1029,PASS,OCR derivative has non-empty page-scoped text
CUMCM-2017-B-001,2017年数学建模国赛真题+优秀论文/2017年优秀论文/2017B：“拍照赚钱”的任务定价 (3).pdf,868338C91C96EF687737C15C64C042945F2ED7BCB7D534F7FCF9F84E85426550,31,TEXT_PAGE,TEXT_PAGE,555,PASS,OCR derivative has non-empty page-scoped text
CUMCM-2017-B-001,2017年数学建模国赛真题+优秀论文/2017年优秀论文/2017B：“拍照赚钱”的任务定价 (3).pdf,868338C91C96EF687737C15C64C042945F2ED7BCB7D534F7FCF9F84E85426550,32,TEXT_PAGE,TEXT_PAGE,1613,PASS,OCR derivative has non-empty page-scoped text
CUMCM-2017-B-001,2017年数学建模国赛真题+优秀论文/2017年优秀论文/2017B：“拍照赚钱”的任务定价 (3).pdf,868338C91C96EF687737C15C64C042945F2ED7BCB7D534F7FCF9F84E85426550,33,TEXT_PAGE,TEXT_PAGE,799,PASS,OCR derivative has non-empty page-scoped text
CUMCM-2017-B-001,2017年数学建模国赛真题+优秀论文/2017年优秀论文/2017B：“拍照赚钱”的任务定价 (3).pdf,868338C91C96EF687737C15C64C042945F2ED7BCB7D534F7FCF9F84E85426550,34,TEXT_PAGE,TEXT_PAGE,950,PASS,OCR derivative has non-empty page-scoped text
CUMCM-2017-B-001,2017年数学建模国赛真题+优秀论文/2017年优秀论文/2017B：“拍照赚钱”的任务定价 (3).pdf,868338C91C96EF687737C15C64C042945F2ED7BCB7D534F7FCF9F84E85426550,35,TEXT_PAGE,TEXT_PAGE,1250,PASS,OCR derivative has non-empty page-scoped text
CUMCM-2017-B-001,2017年数学建模国赛真题+优秀论文/2017年优秀论文/2017B：“拍照赚钱”的任务定价 (3).pdf,868338C91C96EF687737C15C64C042945F2ED7BCB7D534F7FCF9F84E85426550,36,TEXT_PAGE,TEXT_PAGE,700,PASS,OCR derivative has non-empty page-scoped text
CUMCM-2017-B-001,2017年数学建模国赛真题+优秀论文/2017年优秀论文/2017B：“拍照赚钱”的任务定价 (3).pdf,868338C91C96EF687737C15C64C042945F2ED7BCB7D534F7FCF9F84E85426550,37,TEXT_PAGE,TEXT_PAGE,772,PASS,OCR derivative has non-empty page-scoped text
CUMCM-2017-B-001,2017年数学建模国赛真题+优秀论文/2017年优秀论文/2017B：“拍照赚钱”的任务定价 (3).pdf,868338C91C96EF687737C15C64C042945F2ED7BCB7D534F7FCF9F84E85426550,38,TEXT_PAGE,TEXT_PAGE,1035,PASS,OCR derivative has non-empty page-scoped text
CUMCM-2017-B-001,2017年数学建模国赛真题+优秀论文/2017年优秀论文/2017B：“拍照赚钱”的任务定价 (3).pdf,868338C91C96EF687737C15C64C042945F2ED7BCB7D534F7FCF9F84E85426550,39,TEXT_PAGE,TEXT_PAGE,640,PASS,OCR derivative has non-empty page-scoped text
CUMCM-2017-B-001,2017年数学建模国赛真题+优秀论文/2017年优秀论文/2017B：“拍照赚钱”的任务定价 (3).pdf,868338C91C96EF687737C15C64C042945F2ED7BCB7D534F7FCF9F84E85426550,40,TEXT_PAGE,TEXT_PAGE,1567,PASS,OCR derivative has non-empty page-scoped text
CUMCM-2017-B-001,2017年数学建模国赛真题+优秀论文/2017年优秀论文/2017B：“拍照赚钱”的任务定价 (3).pdf,868338C91C96EF687737C15C64C042945F2ED7BCB7D534F7FCF9F84E85426550,41,TEXT_PAGE,TEXT_PAGE,1542,PASS,OCR derivative has non-empty page-scoped text
CUMCM-2017-B-001,2017年数学建模国赛真题+优秀论文/2017年优秀论文/2017B：“拍照赚钱”的任务定价 (3).pdf,868338C91C96EF687737C15C64C042945F2ED7BCB7D534F7FCF9F84E85426550,42,TEXT_PAGE,TEXT_PAGE,1480,PASS,OCR derivative has non-empty page-scoped text
CUMCM-2017-B-001,2017年数学建模国赛真题+优秀论文/2017年优秀论文/2017B：“拍照赚钱”的任务定价 (3).pdf,868338C91C96EF687737C15C64C042945F2ED7BCB7D534F7FCF9F84E85426550,43,TEXT_PAGE,TEXT_PAGE,1563,PASS,OCR derivative has non-empty page-scoped text
CUMCM-2017-B-001,2017年数学建模国赛真题+优秀论文/2017年优秀论文/2017B：“拍照赚钱”的任务定价 (3).pdf,868338C91C96EF687737C15C64C042945F2ED7BCB7D534F7FCF9F84E85426550,44,TEXT_PAGE,TEXT_PAGE,1542,PASS,OCR derivative has non-empty page-scoped text
CUMCM-2017-B-001,2017年数学建模国赛真题+优秀论文/2017年优秀论文/2017B：“拍照赚钱”的任务定价 (3).pdf,868338C91C96EF687737C15C64C042945F2ED7BCB7D534F7FCF9F84E85426550,45,TEXT_PAGE,TEXT_PAGE,2817,PASS,OCR derivative has non-empty page-scoped text
CUMCM-2017-B-001,2017年数学建模国赛真题+优秀论文/2017年优秀论文/2017B：“拍照赚钱”的任务定价 (3).pdf,868338C91C96EF687737C15C64C042945F2ED7BCB7D534F7FCF9F84E85426550,46,TEXT_PAGE,TEXT_PAGE,3223,PASS,OCR derivative has non-empty page-scoped text
CUMCM-2017-B-001,2017年数学建模国赛真题+优秀论文/2017年优秀论文/2017B：“拍照赚钱”的任务定价 (3).pdf,868338C91C96EF687737C15C64C042945F2ED7BCB7D534F7FCF9F84E85426550,47,TEXT_PAGE,TEXT_PAGE,671,PASS,OCR derivative has non-empty page-scoped text
CUMCM-2017-B-001,2017年数学建模国赛真题+优秀论文/2017年优秀论文/2017B：“拍照赚钱”的任务定价 (3).pdf,868338C91C96EF687737C15C64C042945F2ED7BCB7D534F7FCF9F84E85426550,48,TEXT_PAGE,TEXT_PAGE,742,PASS,OCR derivative has non-empty page-scoped text
CUMCM-2017-B-001,2017年数学建模国赛真题+优秀论文/2017年优秀论文/2017B：“拍照赚钱”的任务定价 (3).pdf,868338C91C96EF687737C15C64C042945F2ED7BCB7D534F7FCF9F84E85426550,49,TEXT_PAGE,TEXT_PAGE,568,PASS,OCR derivative has non-empty page-scoped text
CUMCM-2017-B-001,2017年数学建模国赛真题+优秀论文/2017年优秀论文/2017B：“拍照赚钱”的任务定价 (3).pdf,868338C91C96EF687737C15C64C042945F2ED7BCB7D534F7FCF9F84E85426550,50,TEXT_PAGE,TEXT_PAGE,707,PASS,OCR derivative has non-empty page-scoped text
CUMCM-2017-B-001,2017年数学建模国赛真题+优秀论文/2017年优秀论文/2017B：“拍照赚钱”的任务定价 (3).pdf,868338C91C96EF687737C15C64C042945F2ED7BCB7D534F7FCF9F84E85426550,51,TEXT_PAGE,TEXT_PAGE,12,PASS,OCR derivative has non-empty page-scoped text
CUMCM-2018-B-001,2018年数学建模国赛真题+优秀论文/2018年优秀论文/2018B：RGV 的动态调度优化问题.pdf,DD2FAA6CFD84373FF40963D1AD1C7DECED7A97878AAFA146FF287F6246E00D17,1,TEXT_PAGE,TEXT_PAGE,1437,PASS,OCR derivative has non-empty page-scoped text
CUMCM-2018-B-001,2018年数学建模国赛真题+优秀论文/2018年优秀论文/2018B：RGV 的动态调度优化问题.pdf,DD2FAA6CFD84373FF40963D1AD1C7DECED7A97878AAFA146FF287F6246E00D17,2,TEXT_PAGE,TEXT_PAGE,364,PASS,OCR derivative has non-empty page-scoped text
CUMCM-2018-B-001,2018年数学建模国赛真题+优秀论文/2018年优秀论文/2018B：RGV 的动态调度优化问题.pdf,DD2FAA6CFD84373FF40963D1AD1C7DECED7A97878AAFA146FF287F6246E00D17,3,TEXT_PAGE,TEXT_PAGE,1509,PASS,OCR derivative has non-empty page-scoped text
CUMCM-2018-B-001,2018年数学建模国赛真题+优秀论文/2018年优秀论文/2018B：RGV 的动态调度优化问题.pdf,DD2FAA6CFD84373FF40963D1AD1C7DECED7A97878AAFA146FF287F6246E00D17,4,TEXT_PAGE,TEXT_PAGE,754,PASS,OCR derivative has non-empty page-scoped text
CUMCM-2018-B-001,2018年数学建模国赛真题+优秀论文/2018年优秀论文/2018B：RGV 的动态调度优化问题.pdf,DD2FAA6CFD84373FF40963D1AD1C7DECED7A97878AAFA146FF287F6246E00D17,5,TEXT_PAGE,TEXT_PAGE,1621,PASS,OCR derivative has non-empty page-scoped text
CUMCM-2018-B-001,2018年数学建模国赛真题+优秀论文/2018年优秀论文/2018B：RGV 的动态调度优化问题.pdf,DD2FAA6CFD84373FF40963D1AD1C7DECED7A97878AAFA146FF287F6246E00D17,6,TEXT_PAGE,TEXT_PAGE,1504,PASS,OCR derivative has non-empty page-scoped text
CUMCM-2018-B-001,2018年数学建模国赛真题+优秀论文/2018年优秀论文/2018B：RGV 的动态调度优化问题.pdf,DD2FAA6CFD84373FF40963D1AD1C7DECED7A97878AAFA146FF287F6246E00D17,7,TEXT_PAGE,TEXT_PAGE,1260,PASS,OCR derivative has non-empty page-scoped text
CUMCM-2018-B-001,2018年数学建模国赛真题+优秀论文/2018年优秀论文/2018B：RGV 的动态调度优化问题.pdf,DD2FAA6CFD84373FF40963D1AD1C7DECED7A97878AAFA146FF287F6246E00D17,8,TEXT_PAGE,TEXT_PAGE,907,PASS,OCR derivative has non-empty page-scoped text
CUMCM-2018-B-001,2018年数学建模国赛真题+优秀论文/2018年优秀论文/2018B：RGV 的动态调度优化问题.pdf,DD2FAA6CFD84373FF40963D1AD1C7DECED7A97878AAFA146FF287F6246E00D17,9,TEXT_PAGE,TEXT_PAGE,773,PASS,OCR derivative has non-empty page-scoped text
CUMCM-2018-B-001,2018年数学建模国赛真题+优秀论文/2018年优秀论文/2018B：RGV 的动态调度优化问题.pdf,DD2FAA6CFD84373FF40963D1AD1C7DECED7A97878AAFA146FF287F6246E00D17,10,TEXT_PAGE,TEXT_PAGE,1170,PASS,OCR derivative has non-empty page-scoped text
CUMCM-2018-B-001,2018年数学建模国赛真题+优秀论文/2018年优秀论文/2018B：RGV 的动态调度优化问题.pdf,DD2FAA6CFD84373FF40963D1AD1C7DECED7A97878AAFA146FF287F6246E00D17,11,TEXT_PAGE,TEXT_PAGE,833,PASS,OCR derivative has non-empty page-scoped text
CUMCM-2018-B-001,2018年数学建模国赛真题+优秀论文/2018年优秀论文/2018B：RGV 的动态调度优化问题.pdf,DD2FAA6CFD84373FF40963D1AD1C7DECED7A97878AAFA146FF287F6246E00D17,12,TEXT_PAGE,TEXT_PAGE,1487,PASS,OCR derivative has non-empty page-scoped text
CUMCM-2018-B-001,2018年数学建模国赛真题+优秀论文/2018年优秀论文/2018B：RGV 的动态调度优化问题.pdf,DD2FAA6CFD84373FF40963D1AD1C7DECED7A97878AAFA146FF287F6246E00D17,13,TEXT_PAGE,TEXT_PAGE,1293,PASS,OCR derivative has non-empty page-scoped text
CUMCM-2018-B-001,2018年数学建模国赛真题+优秀论文/2018年优秀论文/2018B：RGV 的动态调度优化问题.pdf,DD2FAA6CFD84373FF40963D1AD1C7DECED7A97878AAFA146FF287F6246E00D17,14,TEXT_PAGE,TEXT_PAGE,1216,PASS,OCR derivative has non-empty page-scoped text
CUMCM-2018-B-001,2018年数学建模国赛真题+优秀论文/2018年优秀论文/2018B：RGV 的动态调度优化问题.pdf,DD2FAA6CFD84373FF40963D1AD1C7DECED7A97878AAFA146FF287F6246E00D17,15,TEXT_PAGE,TEXT_PAGE,1673,PASS,OCR derivative has non-empty page-scoped text
CUMCM-2018-B-001,2018年数学建模国赛真题+优秀论文/2018年优秀论文/2018B：RGV 的动态调度优化问题.pdf,DD2FAA6CFD84373FF40963D1AD1C7DECED7A97878AAFA146FF287F6246E00D17,16,TEXT_PAGE,TEXT_PAGE,915,PASS,OCR derivative has non-empty page-scoped text
CUMCM-2018-B-001,2018年数学建模国赛真题+优秀论文/2018年优秀论文/2018B：RGV 的动态调度优化问题.pdf,DD2FAA6CFD84373FF40963D1AD1C7DECED7A97878AAFA146FF287F6246E00D17,17,TEXT_PAGE,TEXT_PAGE,1166,PASS,OCR derivative has non-empty page-scoped text
CUMCM-2018-B-001,2018年数学建模国赛真题+优秀论文/2018年优秀论文/2018B：RGV 的动态调度优化问题.pdf,DD2FAA6CFD84373FF40963D1AD1C7DECED7A97878AAFA146FF287F6246E00D17,18,TEXT_PAGE,TEXT_PAGE,1206,PASS,OCR derivative has non-empty page-scoped text
CUMCM-2018-B-001,2018年数学建模国赛真题+优秀论文/2018年优秀论文/2018B：RGV 的动态调度优化问题.pdf,DD2FAA6CFD84373FF40963D1AD1C7DECED7A97878AAFA146FF287F6246E00D17,19,TEXT_PAGE,TEXT_PAGE,766,PASS,OCR derivative has non-empty page-scoped text
CUMCM-2018-B-001,2018年数学建模国赛真题+优秀论文/2018年优秀论文/2018B：RGV 的动态调度优化问题.pdf,DD2FAA6CFD84373FF40963D1AD1C7DECED7A97878AAFA146FF287F6246E00D17,20,TEXT_PAGE,TEXT_PAGE,404,PASS,OCR derivative has non-empty page-scoped text
CUMCM-2018-B-001,2018年数学建模国赛真题+优秀论文/2018年优秀论文/2018B：RGV 的动态调度优化问题.pdf,DD2FAA6CFD84373FF40963D1AD1C7DECED7A97878AAFA146FF287F6246E00D17,21,TEXT_PAGE,TEXT_PAGE,1179,PASS,OCR derivative has non-empty page-scoped text
CUMCM-2018-B-001,2018年数学建模国赛真题+优秀论文/2018年优秀论文/2018B：RGV 的动态调度优化问题.pdf,DD2FAA6CFD84373FF40963D1AD1C7DECED7A97878AAFA146FF287F6246E00D17,22,TEXT_PAGE,TEXT_PAGE,1500,PASS,OCR derivative has non-empty page-scoped text
CUMCM-2018-B-001,2018年数学建模国赛真题+优秀论文/2018年优秀论文/2018B：RGV 的动态调度优化问题.pdf,DD2FAA6CFD84373FF40963D1AD1C7DECED7A97878AAFA146FF287F6246E00D17,23,TEXT_PAGE,TEXT_PAGE,1116,PASS,OCR derivative has non-empty page-scoped text
CUMCM-2018-B-001,2018年数学建模国赛真题+优秀论文/2018年优秀论文/2018B：RGV 的动态调度优化问题.pdf,DD2FAA6CFD84373FF40963D1AD1C7DECED7A97878AAFA146FF287F6246E00D17,24,TEXT_PAGE,TEXT_PAGE,1454,PASS,OCR derivative has non-empty page-scoped text
CUMCM-2018-B-001,2018年数学建模国赛真题+优秀论文/2018年优秀论文/2018B：RGV 的动态调度优化问题.pdf,DD2FAA6CFD84373FF40963D1AD1C7DECED7A97878AAFA146FF287F6246E00D17,25,TEXT_PAGE,TEXT_PAGE,1280,PASS,OCR derivative has non-empty page-scoped text
CUMCM-2018-B-001,2018年数学建模国赛真题+优秀论文/2018年优秀论文/2018B：RGV 的动态调度优化问题.pdf,DD2FAA6CFD84373FF40963D1AD1C7DECED7A97878AAFA146FF287F6246E00D17,26,TEXT_PAGE,TEXT_PAGE,1437,PASS,OCR derivative has non-empty page-scoped text
CUMCM-2018-B-001,2018年数学建模国赛真题+优秀论文/2018年优秀论文/2018B：RGV 的动态调度优化问题.pdf,DD2FAA6CFD84373FF40963D1AD1C7DECED7A97878AAFA146FF287F6246E00D17,27,TEXT_PAGE,TEXT_PAGE,1263,PASS,OCR derivative has non-empty page-scoped text
CUMCM-2018-B-001,2018年数学建模国赛真题+优秀论文/2018年优秀论文/2018B：RGV 的动态调度优化问题.pdf,DD2FAA6CFD84373FF40963D1AD1C7DECED7A97878AAFA146FF287F6246E00D17,28,TEXT_PAGE,TEXT_PAGE,1457,PASS,OCR derivative has non-empty page-scoped text
CUMCM-2018-B-001,2018年数学建模国赛真题+优秀论文/2018年优秀论文/2018B：RGV 的动态调度优化问题.pdf,DD2FAA6CFD84373FF40963D1AD1C7DECED7A97878AAFA146FF287F6246E00D17,29,TEXT_PAGE,TEXT_PAGE,13,PASS,OCR derivative has non-empty page-scoped text
CUMCM-2018-D-004,2018年数学建模国赛真题+优秀论文/2018年优秀论文/2018D：汽车总装线配置的优化模型研究.pdf,6B9B3A408D9D55D049255A13BA2C14A078325897D7264DE3A719958346673D7C,1,TEXT_PAGE,TEXT_PAGE,1149,PASS,OCR derivative has non-empty page-scoped text
CUMCM-2018-D-004,2018年数学建模国赛真题+优秀论文/2018年优秀论文/2018D：汽车总装线配置的优化模型研究.pdf,6B9B3A408D9D55D049255A13BA2C14A078325897D7264DE3A719958346673D7C,2,TEXT_PAGE,TEXT_PAGE,1107,PASS,OCR derivative has non-empty page-scoped text
CUMCM-2018-D-004,2018年数学建模国赛真题+优秀论文/2018年优秀论文/2018D：汽车总装线配置的优化模型研究.pdf,6B9B3A408D9D55D049255A13BA2C14A078325897D7264DE3A719958346673D7C,3,TEXT_PAGE,TEXT_PAGE,917,PASS,OCR derivative has non-empty page-scoped text
CUMCM-2018-D-004,2018年数学建模国赛真题+优秀论文/2018年优秀论文/2018D：汽车总装线配置的优化模型研究.pdf,6B9B3A408D9D55D049255A13BA2C14A078325897D7264DE3A719958346673D7C,4,TEXT_PAGE,TEXT_PAGE,1239,PASS,OCR derivative has non-empty page-scoped text
CUMCM-2018-D-004,2018年数学建模国赛真题+优秀论文/2018年优秀论文/2018D：汽车总装线配置的优化模型研究.pdf,6B9B3A408D9D55D049255A13BA2C14A078325897D7264DE3A719958346673D7C,5,TEXT_PAGE,TEXT_PAGE,1749,PASS,OCR derivative has non-empty page-scoped text
CUMCM-2018-D-004,2018年数学建模国赛真题+优秀论文/2018年优秀论文/2018D：汽车总装线配置的优化模型研究.pdf,6B9B3A408D9D55D049255A13BA2C14A078325897D7264DE3A719958346673D7C,6,TEXT_PAGE,TEXT_PAGE,2291,PASS,OCR derivative has non-empty page-scoped text
CUMCM-2018-D-004,2018年数学建模国赛真题+优秀论文/2018年优秀论文/2018D：汽车总装线配置的优化模型研究.pdf,6B9B3A408D9D55D049255A13BA2C14A078325897D7264DE3A719958346673D7C,7,TEXT_PAGE,TEXT_PAGE,811,PASS,OCR derivative has non-empty page-scoped text
CUMCM-2018-D-004,2018年数学建模国赛真题+优秀论文/2018年优秀论文/2018D：汽车总装线配置的优化模型研究.pdf,6B9B3A408D9D55D049255A13BA2C14A078325897D7264DE3A719958346673D7C,8,TEXT_PAGE,TEXT_PAGE,904,PASS,OCR derivative has non-empty page-scoped text
CUMCM-2018-D-004,2018年数学建模国赛真题+优秀论文/2018年优秀论文/2018D：汽车总装线配置的优化模型研究.pdf,6B9B3A408D9D55D049255A13BA2C14A078325897D7264DE3A719958346673D7C,9,TEXT_PAGE,TEXT_PAGE,1320,PASS,OCR derivative has non-empty page-scoped text
CUMCM-2018-D-004,2018年数学建模国赛真题+优秀论文/2018年优秀论文/2018D：汽车总装线配置的优化模型研究.pdf,6B9B3A408D9D55D049255A13BA2C14A078325897D7264DE3A719958346673D7C,10,TEXT_PAGE,TEXT_PAGE,1379,PASS,OCR derivative has non-empty page-scoped text
CUMCM-2018-D-004,2018年数学建模国赛真题+优秀论文/2018年优秀论文/2018D：汽车总装线配置的优化模型研究.pdf,6B9B3A408D9D55D049255A13BA2C14A078325897D7264DE3A719958346673D7C,11,TEXT_PAGE,TEXT_PAGE,1247,PASS,OCR derivative has non-empty page-scoped text
CUMCM-2018-D-004,2018年数学建模国赛真题+优秀论文/2018年优秀论文/2018D：汽车总装线配置的优化模型研究.pdf,6B9B3A408D9D55D049255A13BA2C14A078325897D7264DE3A719958346673D7C,12,TEXT_PAGE,TEXT_PAGE,1064,PASS,OCR derivative has non-empty page-scoped text
CUMCM-2018-D-004,2018年数学建模国赛真题+优秀论文/2018年优秀论文/2018D：汽车总装线配置的优化模型研究.pdf,6B9B3A408D9D55D049255A13BA2C14A078325897D7264DE3A719958346673D7C,13,TEXT_PAGE,TEXT_PAGE,725,PASS,OCR derivative has non-empty page-scoped text
CUMCM-2018-D-004,2018年数学建模国赛真题+优秀论文/2018年优秀论文/2018D：汽车总装线配置的优化模型研究.pdf,6B9B3A408D9D55D049255A13BA2C14A078325897D7264DE3A719958346673D7C,14,TEXT_PAGE,TEXT_PAGE,1494,PASS,OCR derivative has non-empty page-scoped text
CUMCM-2018-D-004,2018年数学建模国赛真题+优秀论文/2018年优秀论文/2018D：汽车总装线配置的优化模型研究.pdf,6B9B3A408D9D55D049255A13BA2C14A078325897D7264DE3A719958346673D7C,15,TEXT_PAGE,TEXT_PAGE,397,PASS,OCR derivative has non-empty page-scoped text
CUMCM-2018-D-004,2018年数学建模国赛真题+优秀论文/2018年优秀论文/2018D：汽车总装线配置的优化模型研究.pdf,6B9B3A408D9D55D049255A13BA2C14A078325897D7264DE3A719958346673D7C,16,TEXT_PAGE,TEXT_PAGE,1790,PASS,OCR derivative has non-empty page-scoped text
CUMCM-2018-D-004,2018年数学建模国赛真题+优秀论文/2018年优秀论文/2018D：汽车总装线配置的优化模型研究.pdf,6B9B3A408D9D55D049255A13BA2C14A078325897D7264DE3A719958346673D7C,17,TEXT_PAGE,TEXT_PAGE,1369,PASS,OCR derivative has non-empty page-scoped text
CUMCM-2018-D-004,2018年数学建模国赛真题+优秀论文/2018年优秀论文/2018D：汽车总装线配置的优化模型研究.pdf,6B9B3A408D9D55D049255A13BA2C14A078325897D7264DE3A719958346673D7C,18,TEXT_PAGE,TEXT_PAGE,1518,PASS,OCR derivative has non-empty page-scoped text
CUMCM-2018-D-004,2018年数学建模国赛真题+优秀论文/2018年优秀论文/2018D：汽车总装线配置的优化模型研究.pdf,6B9B3A408D9D55D049255A13BA2C14A078325897D7264DE3A719958346673D7C,19,TEXT_PAGE,TEXT_PAGE,1012,PASS,OCR derivative has non-empty page-scoped text
CUMCM-2018-D-004,2018年数学建模国赛真题+优秀论文/2018年优秀论文/2018D：汽车总装线配置的优化模型研究.pdf,6B9B3A408D9D55D049255A13BA2C14A078325897D7264DE3A719958346673D7C,20,TEXT_PAGE,TEXT_PAGE,1679,PASS,OCR derivative has non-empty page-scoped text
CUMCM-2018-D-004,2018年数学建模国赛真题+优秀论文/2018年优秀论文/2018D：汽车总装线配置的优化模型研究.pdf,6B9B3A408D9D55D049255A13BA2C14A078325897D7264DE3A719958346673D7C,21,TEXT_PAGE,TEXT_PAGE,1456,PASS,OCR derivative has non-empty page-scoped text
CUMCM-2018-D-004,2018年数学建模国赛真题+优秀论文/2018年优秀论文/2018D：汽车总装线配置的优化模型研究.pdf,6B9B3A408D9D55D049255A13BA2C14A078325897D7264DE3A719958346673D7C,22,TEXT_PAGE,TEXT_PAGE,1164,PASS,OCR derivative has non-empty page-scoped text
CUMCM-2018-D-004,2018年数学建模国赛真题+优秀论文/2018年优秀论文/2018D：汽车总装线配置的优化模型研究.pdf,6B9B3A408D9D55D049255A13BA2C14A078325897D7264DE3A719958346673D7C,23,TEXT_PAGE,TEXT_PAGE,1753,PASS,OCR derivative has non-empty page-scoped text
CUMCM-2018-D-004,2018年数学建模国赛真题+优秀论文/2018年优秀论文/2018D：汽车总装线配置的优化模型研究.pdf,6B9B3A408D9D55D049255A13BA2C14A078325897D7264DE3A719958346673D7C,24,TEXT_PAGE,TEXT_PAGE,1481,PASS,OCR derivative has non-empty page-scoped text
CUMCM-2018-D-004,2018年数学建模国赛真题+优秀论文/2018年优秀论文/2018D：汽车总装线配置的优化模型研究.pdf,6B9B3A408D9D55D049255A13BA2C14A078325897D7264DE3A719958346673D7C,25,TEXT_PAGE,TEXT_PAGE,511,PASS,OCR derivative has non-empty page-scoped text
CUMCM-2018-D-004,2018年数学建模国赛真题+优秀论文/2018年优秀论文/2018D：汽车总装线配置的优化模型研究.pdf,6B9B3A408D9D55D049255A13BA2C14A078325897D7264DE3A719958346673D7C,26,TEXT_PAGE,TEXT_PAGE,2435,PASS,OCR derivative has non-empty page-scoped text
CUMCM-2018-D-004,2018年数学建模国赛真题+优秀论文/2018年优秀论文/2018D：汽车总装线配置的优化模型研究.pdf,6B9B3A408D9D55D049255A13BA2C14A078325897D7264DE3A719958346673D7C,27,TEXT_PAGE,TEXT_PAGE,1324,PASS,OCR derivative has non-empty page-scoped text
CUMCM-2018-D-004,2018年数学建模国赛真题+优秀论文/2018年优秀论文/2018D：汽车总装线配置的优化模型研究.pdf,6B9B3A408D9D55D049255A13BA2C14A078325897D7264DE3A719958346673D7C,28,TEXT_PAGE,TEXT_PAGE,1267,PASS,OCR derivative has non-empty page-scoped text
CUMCM-2018-D-004,2018年数学建模国赛真题+优秀论文/2018年优秀论文/2018D：汽车总装线配置的优化模型研究.pdf,6B9B3A408D9D55D049255A13BA2C14A078325897D7264DE3A719958346673D7C,29,TEXT_PAGE,TEXT_PAGE,624,PASS,OCR derivative has non-empty page-scoped text
CUMCM-2018-D-004,2018年数学建模国赛真题+优秀论文/2018年优秀论文/2018D：汽车总装线配置的优化模型研究.pdf,6B9B3A408D9D55D049255A13BA2C14A078325897D7264DE3A719958346673D7C,30,TEXT_PAGE,TEXT_PAGE,492,PASS,OCR derivative has non-empty page-scoped text
CUMCM-2018-D-004,2018年数学建模国赛真题+优秀论文/2018年优秀论文/2018D：汽车总装线配置的优化模型研究.pdf,6B9B3A408D9D55D049255A13BA2C14A078325897D7264DE3A719958346673D7C,31,TEXT_PAGE,TEXT_PAGE,475,PASS,OCR derivative has non-empty page-scoped text
CUMCM-2018-D-004,2018年数学建模国赛真题+优秀论文/2018年优秀论文/2018D：汽车总装线配置的优化模型研究.pdf,6B9B3A408D9D55D049255A13BA2C14A078325897D7264DE3A719958346673D7C,32,TEXT_PAGE,TEXT_PAGE,469,PASS,OCR derivative has non-empty page-scoped text
CUMCM-2018-D-004,2018年数学建模国赛真题+优秀论文/2018年优秀论文/2018D：汽车总装线配置的优化模型研究.pdf,6B9B3A408D9D55D049255A13BA2C14A078325897D7264DE3A719958346673D7C,33,TEXT_PAGE,TEXT_PAGE,577,PASS,OCR derivative has non-empty page-scoped text
CUMCM-2018-D-004,2018年数学建模国赛真题+优秀论文/2018年优秀论文/2018D：汽车总装线配置的优化模型研究.pdf,6B9B3A408D9D55D049255A13BA2C14A078325897D7264DE3A719958346673D7C,34,TEXT_PAGE,TEXT_PAGE,392,PASS,OCR derivative has non-empty page-scoped text
CUMCM-2018-D-004,2018年数学建模国赛真题+优秀论文/2018年优秀论文/2018D：汽车总装线配置的优化模型研究.pdf,6B9B3A408D9D55D049255A13BA2C14A078325897D7264DE3A719958346673D7C,35,TEXT_PAGE,TEXT_PAGE,426,PASS,OCR derivative has non-empty page-scoped text
CUMCM-2018-D-004,2018年数学建模国赛真题+优秀论文/2018年优秀论文/2018D：汽车总装线配置的优化模型研究.pdf,6B9B3A408D9D55D049255A13BA2C14A078325897D7264DE3A719958346673D7C,36,TEXT_PAGE,TEXT_PAGE,470,PASS,OCR derivative has non-empty page-scoped text
CUMCM-2018-D-004,2018年数学建模国赛真题+优秀论文/2018年优秀论文/2018D：汽车总装线配置的优化模型研究.pdf,6B9B3A408D9D55D049255A13BA2C14A078325897D7264DE3A719958346673D7C,37,TEXT_PAGE,TEXT_PAGE,434,PASS,OCR derivative has non-empty page-scoped text
CUMCM-2018-D-004,2018年数学建模国赛真题+优秀论文/2018年优秀论文/2018D：汽车总装线配置的优化模型研究.pdf,6B9B3A408D9D55D049255A13BA2C14A078325897D7264DE3A719958346673D7C,38,TEXT_PAGE,TEXT_PAGE,415,PASS,OCR derivative has non-empty page-scoped text
CUMCM-2018-D-004,2018年数学建模国赛真题+优秀论文/2018年优秀论文/2018D：汽车总装线配置的优化模型研究.pdf,6B9B3A408D9D55D049255A13BA2C14A078325897D7264DE3A719958346673D7C,39,TEXT_PAGE,TEXT_PAGE,561,PASS,OCR derivative has non-empty page-scoped text
CUMCM-2018-D-004,2018年数学建模国赛真题+优秀论文/2018年优秀论文/2018D：汽车总装线配置的优化模型研究.pdf,6B9B3A408D9D55D049255A13BA2C14A078325897D7264DE3A719958346673D7C,40,TEXT_PAGE,TEXT_PAGE,12,PASS,OCR derivative has non-empty page-scoped text
