diagnostic_attempt_id,sequence_number,paper_id,page_number,tool_kind,phase,timeout_seconds,duration_ms,status,timed_out,exit_code,cleanup_success,render_width,render_height,render_pixel_count,render_file_size,render_sha256,ocr_text_chars,ocr_text_sha256,ocr_quality_status
20260902T130335889202_page_scoped_c6d2bda3,1,,,PDFINFO,PHASE_0_RUNTIME_PREFLIGHT,180,64,SUCCESS,0,0,0,,,,,,,,
20260902T130335889202_page_scoped_c6d2bda3,2,,,PDFTOTEXT,PHASE_0_RUNTIME_PREFLIGHT,180,70,SUCCESS,0,0,0,,,,,,,,
20260902T130335889202_page_scoped_c6d2bda3,3,,,PDFTOPPM,PHASE_0_RUNTIME_PREFLIGHT,180,65,SUCCESS,0,0,0,,,,,,,,
20260902T130335889202_page_scoped_c6d2bda3,4,,,CHILD,PHASE_0_RUNTIME_PREFLIGHT,180,83,SUCCESS,0,0,0,,,,,,,,
20260902T130335889202_page_scoped_c6d2bda3,5,,,PDFINFO,PHASE_0_RUNTIME_PREFLIGHT,180,61,SUCCESS,0,0,0,,,,,,,,
20260902T130335889202_page_scoped_c6d2bda3,6,,,PDFTOTEXT,PHASE_0_RUNTIME_PREFLIGHT,180,60,SUCCESS,0,0,0,,,,,,,,
20260902T130335889202_page_scoped_c6d2bda3,7,,,PDFTOPPM,PHASE_0_RUNTIME_PREFLIGHT,180,62,SUCCESS,0,0,0,,,,,,,,
20260902T130335889202_page_scoped_c6d2bda3,8,,,CHILD,PHASE_0_RUNTIME_PREFLIGHT,180,88,SUCCESS,0,0,0,,,,,,,,
20260902T130335889202_page_scoped_c6d2bda3,9,CUMCM-2020-B-002,,PDFINFO,PHASE_3_PILOT_SOURCE_VALIDATION,180,76,SUCCESS,0,0,0,,,,,,,,
20260902T130335889202_page_scoped_c6d2bda3,10,CUMCM-2020-B-002,,PDF_INSPECTOR,PHASE_3_PILOT_SOURCE_VALIDATION,180,202,SUCCESS,0,0,0,,,,,,,,
20260902T130335889202_page_scoped_c6d2bda3,11,CUMCM-2020-B-002,1,PDFTOTEXT,PHASE_4_PAGE_AUDIT,180,81,SUCCESS,0,0,0,,,,,,,,
20260902T130335889202_page_scoped_c6d2bda3,12,CUMCM-2020-B-002,1,PDFTOPPM,PHASE_4_PAGE_AUDIT,180,705,SUCCESS,0,0,0,,,,,,,,
20260902T130335889202_page_scoped_c6d2bda3,13,CUMCM-2020-B-002,2,PDFTOTEXT,PHASE_4_PAGE_AUDIT,180,63,SUCCESS,0,0,0,,,,,,,,
20260902T130335889202_page_scoped_c6d2bda3,14,CUMCM-2020-B-002,2,PDFTOPPM,PHASE_4_PAGE_AUDIT,180,697,SUCCESS,0,0,0,,,,,,,,
20260902T130335889202_page_scoped_c6d2bda3,15,CUMCM-2020-B-002,3,PDFTOTEXT,PHASE_4_PAGE_AUDIT,180,63,SUCCESS,0,0,0,,,,,,,,
20260902T130335889202_page_scoped_c6d2bda3,16,CUMCM-2020-B-002,3,PDFTOPPM,PHASE_4_PAGE_AUDIT,180,633,SUCCESS,0,0,0,,,,,,,,
20260902T130335889202_page_scoped_c6d2bda3,17,CUMCM-2020-B-002,4,PDFTOTEXT,PHASE_4_PAGE_AUDIT,180,62,SUCCESS,0,0,0,,,,,,,,
20260902T130335889202_page_scoped_c6d2bda3,18,CUMCM-2020-B-002,4,PDFTOPPM,PHASE_4_PAGE_AUDIT,180,523,SUCCESS,0,0,0,,,,,,,,
20260902T130335889202_page_scoped_c6d2bda3,19,CUMCM-2020-B-002,5,PDFTOTEXT,PHASE_4_PAGE_AUDIT,180,60,SUCCESS,0,0,0,,,,,,,,
20260902T130335889202_page_scoped_c6d2bda3,20,CUMCM-2020-B-002,5,PDFTOPPM,PHASE_4_PAGE_AUDIT,180,740,SUCCESS,0,0,0,,,,,,,,
20260902T130335889202_page_scoped_c6d2bda3,21,CUMCM-2020-B-002,6,PDFTOTEXT,PHASE_4_PAGE_AUDIT,180,70,SUCCESS,0,0,0,,,,,,,,
20260902T130335889202_page_scoped_c6d2bda3,22,CUMCM-2020-B-002,6,PDFTOPPM,PHASE_4_PAGE_AUDIT,180,639,SUCCESS,0,0,0,,,,,,,,
20260902T130335889202_page_scoped_c6d2bda3,23,CUMCM-2020-B-002,7,PDFTOTEXT,PHASE_4_PAGE_AUDIT,180,66,SUCCESS,0,0,0,,,,,,,,
20260902T130335889202_page_scoped_c6d2bda3,24,CUMCM-2020-B-002,7,PDFTOPPM,PHASE_4_PAGE_AUDIT,180,666,SUCCESS,0,0,0,,,,,,,,
20260902T130335889202_page_scoped_c6d2bda3,25,CUMCM-2020-B-002,8,PDFTOTEXT,PHASE_4_PAGE_AUDIT,180,68,SUCCESS,0,0,0,,,,,,,,
20260902T130335889202_page_scoped_c6d2bda3,26,CUMCM-2020-B-002,8,PDFTOPPM,PHASE_4_PAGE_AUDIT,180,648,SUCCESS,0,0,0,,,,,,,,
20260902T130335889202_page_scoped_c6d2bda3,27,CUMCM-2020-B-002,9,PDFTOTEXT,PHASE_4_PAGE_AUDIT,180,76,SUCCESS,0,0,0,,,,,,,,
20260902T130335889202_page_scoped_c6d2bda3,28,CUMCM-2020-B-002,9,PDFTOPPM,PHASE_4_PAGE_AUDIT,180,703,SUCCESS,0,0,0,,,,,,,,
20260902T130335889202_page_scoped_c6d2bda3,29,CUMCM-2020-B-002,10,PDFTOTEXT,PHASE_4_PAGE_AUDIT,180,76,SUCCESS,0,0,0,,,,,,,,
20260902T130335889202_page_scoped_c6d2bda3,30,CUMCM-2020-B-002,10,PDFTOPPM,PHASE_4_PAGE_AUDIT,180,623,SUCCESS,0,0,0,,,,,,,,
20260902T130335889202_page_scoped_c6d2bda3,31,CUMCM-2020-B-002,11,PDFTOTEXT,PHASE_4_PAGE_AUDIT,180,59,SUCCESS,0,0,0,,,,,,,,
20260902T130335889202_page_scoped_c6d2bda3,32,CUMCM-2020-B-002,11,PDFTOPPM,PHASE_4_PAGE_AUDIT,180,588,SUCCESS,0,0,0,,,,,,,,
20260902T130335889202_page_scoped_c6d2bda3,33,CUMCM-2020-B-002,12,PDFTOTEXT,PHASE_4_PAGE_AUDIT,180,68,SUCCESS,0,0,0,,,,,,,,
20260902T130335889202_page_scoped_c6d2bda3,34,CUMCM-2020-B-002,12,PDFTOPPM,PHASE_4_PAGE_AUDIT,180,673,SUCCESS,0,0,0,,,,,,,,
20260902T130335889202_page_scoped_c6d2bda3,35,CUMCM-2020-B-002,13,PDFTOTEXT,PHASE_4_PAGE_AUDIT,180,61,SUCCESS,0,0,0,,,,,,,,
20260902T130335889202_page_scoped_c6d2bda3,36,CUMCM-2020-B-002,13,PDFTOPPM,PHASE_4_PAGE_AUDIT,180,662,SUCCESS,0,0,0,,,,,,,,
20260902T130335889202_page_scoped_c6d2bda3,37,CUMCM-2020-B-002,14,PDFTOTEXT,PHASE_4_PAGE_AUDIT,180,58,SUCCESS,0,0,0,,,,,,,,
20260902T130335889202_page_scoped_c6d2bda3,38,CUMCM-2020-B-002,14,PDFTOPPM,PHASE_4_PAGE_AUDIT,180,614,SUCCESS,0,0,0,,,,,,,,
20260902T130335889202_page_scoped_c6d2bda3,39,CUMCM-2020-B-002,15,PDFTOTEXT,PHASE_4_PAGE_AUDIT,180,64,SUCCESS,0,0,0,,,,,,,,
20260902T130335889202_page_scoped_c6d2bda3,40,CUMCM-2020-B-002,15,PDFTOPPM,PHASE_4_PAGE_AUDIT,180,585,SUCCESS,0,0,0,,,,,,,,
20260902T130335889202_page_scoped_c6d2bda3,41,CUMCM-2020-B-002,16,PDFTOTEXT,PHASE_4_PAGE_AUDIT,180,61,SUCCESS,0,0,0,,,,,,,,
20260902T130335889202_page_scoped_c6d2bda3,42,CUMCM-2020-B-002,16,PDFTOPPM,PHASE_4_PAGE_AUDIT,180,539,SUCCESS,0,0,0,,,,,,,,
20260902T130335889202_page_scoped_c6d2bda3,43,CUMCM-2020-B-002,17,PDFTOTEXT,PHASE_4_PAGE_AUDIT,180,58,SUCCESS,0,0,0,,,,,,,,
20260902T130335889202_page_scoped_c6d2bda3,44,CUMCM-2020-B-002,17,PDFTOPPM,PHASE_4_PAGE_AUDIT,180,519,SUCCESS,0,0,0,,,,,,,,
20260902T130335889202_page_scoped_c6d2bda3,45,CUMCM-2020-B-002,18,PDFTOTEXT,PHASE_4_PAGE_AUDIT,180,61,SUCCESS,0,0,0,,,,,,,,
20260902T130335889202_page_scoped_c6d2bda3,46,CUMCM-2020-B-002,18,PDFTOPPM,PHASE_4_PAGE_AUDIT,180,664,SUCCESS,0,0,0,,,,,,,,
20260902T130335889202_page_scoped_c6d2bda3,47,CUMCM-2020-B-002,19,PDFTOTEXT,PHASE_4_PAGE_AUDIT,180,66,SUCCESS,0,0,0,,,,,,,,
20260902T130335889202_page_scoped_c6d2bda3,48,CUMCM-2020-B-002,19,PDFTOPPM,PHASE_4_PAGE_AUDIT,180,627,SUCCESS,0,0,0,,,,,,,,
20260902T130335889202_page_scoped_c6d2bda3,49,CUMCM-2020-B-002,20,PDFTOTEXT,PHASE_4_PAGE_AUDIT,180,63,SUCCESS,0,0,0,,,,,,,,
20260902T130335889202_page_scoped_c6d2bda3,50,CUMCM-2020-B-002,20,PDFTOPPM,PHASE_4_PAGE_AUDIT,180,691,SUCCESS,0,0,0,,,,,,,,
20260902T130335889202_page_scoped_c6d2bda3,51,CUMCM-2020-B-002,21,PDFTOTEXT,PHASE_4_PAGE_AUDIT,180,55,SUCCESS,0,0,0,,,,,,,,
20260902T130335889202_page_scoped_c6d2bda3,52,CUMCM-2020-B-002,21,PDFTOPPM,PHASE_4_PAGE_AUDIT,180,707,SUCCESS,0,0,0,,,,,,,,
20260902T130335889202_page_scoped_c6d2bda3,53,CUMCM-2020-B-002,22,PDFTOTEXT,PHASE_4_PAGE_AUDIT,180,60,SUCCESS,0,0,0,,,,,,,,
20260902T130335889202_page_scoped_c6d2bda3,54,CUMCM-2020-B-002,22,PDFTOPPM,PHASE_4_PAGE_AUDIT,180,724,SUCCESS,0,0,0,,,,,,,,
20260902T130335889202_page_scoped_c6d2bda3,55,CUMCM-2020-B-002,23,PDFTOTEXT,PHASE_4_PAGE_AUDIT,180,68,SUCCESS,0,0,0,,,,,,,,
20260902T130335889202_page_scoped_c6d2bda3,56,CUMCM-2020-B-002,23,PDFTOPPM,PHASE_4_PAGE_AUDIT,180,560,SUCCESS,0,0,0,,,,,,,,
20260902T130335889202_page_scoped_c6d2bda3,57,CUMCM-2020-B-002,24,PDFTOTEXT,PHASE_4_PAGE_AUDIT,180,74,SUCCESS,0,0,0,,,,,,,,
20260902T130335889202_page_scoped_c6d2bda3,58,CUMCM-2020-B-002,24,PDFTOPPM,PHASE_4_PAGE_AUDIT,180,574,SUCCESS,0,0,0,,,,,,,,
20260902T130335889202_page_scoped_c6d2bda3,59,CUMCM-2020-B-002,25,PDFTOTEXT,PHASE_4_PAGE_AUDIT,180,57,SUCCESS,0,0,0,,,,,,,,
20260902T130335889202_page_scoped_c6d2bda3,60,CUMCM-2020-B-002,25,PDFTOPPM,PHASE_4_PAGE_AUDIT,180,714,SUCCESS,0,0,0,,,,,,,,
20260902T130335889202_page_scoped_c6d2bda3,61,CUMCM-2020-B-002,26,PDFTOTEXT,PHASE_4_PAGE_AUDIT,180,76,SUCCESS,0,0,0,,,,,,,,
20260902T130335889202_page_scoped_c6d2bda3,62,CUMCM-2020-B-002,26,PDFTOPPM,PHASE_4_PAGE_AUDIT,180,602,SUCCESS,0,0,0,,,,,,,,
20260902T130335889202_page_scoped_c6d2bda3,63,CUMCM-2020-B-002,27,PDFTOTEXT,PHASE_4_PAGE_AUDIT,180,70,SUCCESS,0,0,0,,,,,,,,
20260902T130335889202_page_scoped_c6d2bda3,64,CUMCM-2020-B-002,27,PDFTOPPM,PHASE_4_PAGE_AUDIT,180,746,SUCCESS,0,0,0,,,,,,,,
20260902T130335889202_page_scoped_c6d2bda3,65,CUMCM-2020-B-002,28,PDFTOTEXT,PHASE_4_PAGE_AUDIT,180,67,SUCCESS,0,0,0,,,,,,,,
20260902T130335889202_page_scoped_c6d2bda3,66,CUMCM-2020-B-002,28,PDFTOPPM,PHASE_4_PAGE_AUDIT,180,631,SUCCESS,0,0,0,,,,,,,,
20260902T130335889202_page_scoped_c6d2bda3,67,CUMCM-2020-B-002,29,PDFTOTEXT,PHASE_4_PAGE_AUDIT,180,71,SUCCESS,0,0,0,,,,,,,,
20260902T130335889202_page_scoped_c6d2bda3,68,CUMCM-2020-B-002,29,PDFTOPPM,PHASE_4_PAGE_AUDIT,180,649,SUCCESS,0,0,0,,,,,,,,
20260902T130335889202_page_scoped_c6d2bda3,69,CUMCM-2020-B-002,30,PDFTOTEXT,PHASE_4_PAGE_AUDIT,180,56,SUCCESS,0,0,0,,,,,,,,
20260902T130335889202_page_scoped_c6d2bda3,70,CUMCM-2020-B-002,30,PDFTOPPM,PHASE_4_PAGE_AUDIT,180,606,SUCCESS,0,0,0,,,,,,,,
20260902T130335889202_page_scoped_c6d2bda3,71,CUMCM-2020-B-002,31,PDFTOTEXT,PHASE_4_PAGE_AUDIT,180,58,SUCCESS,0,0,0,,,,,,,,
20260902T130335889202_page_scoped_c6d2bda3,72,CUMCM-2020-B-002,31,PDFTOPPM,PHASE_4_PAGE_AUDIT,180,558,SUCCESS,0,0,0,,,,,,,,
20260902T130335889202_page_scoped_c6d2bda3,73,CUMCM-2020-B-002,32,PDFTOTEXT,PHASE_4_PAGE_AUDIT,180,64,SUCCESS,0,0,0,,,,,,,,
20260902T130335889202_page_scoped_c6d2bda3,74,CUMCM-2020-B-002,32,PDFTOPPM,PHASE_4_PAGE_AUDIT,180,513,SUCCESS,0,0,0,,,,,,,,
20260902T130335889202_page_scoped_c6d2bda3,75,CUMCM-2020-B-002,33,PDFTOTEXT,PHASE_4_PAGE_AUDIT,180,74,SUCCESS,0,0,0,,,,,,,,
20260902T130335889202_page_scoped_c6d2bda3,76,CUMCM-2020-B-002,33,PDFTOPPM,PHASE_4_PAGE_AUDIT,180,580,SUCCESS,0,0,0,,,,,,,,
20260902T130335889202_page_scoped_c6d2bda3,77,CUMCM-2020-B-002,34,PDFTOTEXT,PHASE_4_PAGE_AUDIT,180,71,SUCCESS,0,0,0,,,,,,,,
20260902T130335889202_page_scoped_c6d2bda3,78,CUMCM-2020-B-002,34,PDFTOPPM,PHASE_4_PAGE_AUDIT,180,466,SUCCESS,0,0,0,,,,,,,,
20260902T130335889202_page_scoped_c6d2bda3,79,CUMCM-2020-B-002,35,PDFTOTEXT,PHASE_4_PAGE_AUDIT,180,68,SUCCESS,0,0,0,,,,,,,,
20260902T130335889202_page_scoped_c6d2bda3,80,CUMCM-2020-B-002,35,PDFTOPPM,PHASE_4_PAGE_AUDIT,180,622,SUCCESS,0,0,0,,,,,,,,
20260902T130335889202_page_scoped_c6d2bda3,81,CUMCM-2020-B-002,36,PDFTOTEXT,PHASE_4_PAGE_AUDIT,180,70,SUCCESS,0,0,0,,,,,,,,
20260902T130335889202_page_scoped_c6d2bda3,82,CUMCM-2020-B-002,36,PDFTOPPM,PHASE_4_PAGE_AUDIT,180,587,SUCCESS,0,0,0,,,,,,,,
20260902T130335889202_page_scoped_c6d2bda3,83,CUMCM-2020-B-002,37,PDFTOTEXT,PHASE_4_PAGE_AUDIT,180,61,SUCCESS,0,0,0,,,,,,,,
20260902T130335889202_page_scoped_c6d2bda3,84,CUMCM-2020-B-002,37,PDFTOPPM,PHASE_4_PAGE_AUDIT,180,566,SUCCESS,0,0,0,,,,,,,,
20260902T130335889202_page_scoped_c6d2bda3,85,CUMCM-2020-B-002,38,PDFTOTEXT,PHASE_4_PAGE_AUDIT,180,71,SUCCESS,0,0,0,,,,,,,,
20260902T130335889202_page_scoped_c6d2bda3,86,CUMCM-2020-B-002,38,PDFTOPPM,PHASE_4_PAGE_AUDIT,180,582,SUCCESS,0,0,0,,,,,,,,
20260902T130335889202_page_scoped_c6d2bda3,87,CUMCM-2020-B-002,39,PDFTOTEXT,PHASE_4_PAGE_AUDIT,180,57,SUCCESS,0,0,0,,,,,,,,
20260902T130335889202_page_scoped_c6d2bda3,88,CUMCM-2020-B-002,39,PDFTOPPM,PHASE_4_PAGE_AUDIT,180,544,SUCCESS,0,0,0,,,,,,,,
20260902T130335889202_page_scoped_c6d2bda3,89,CUMCM-2020-B-002,40,PDFTOTEXT,PHASE_4_PAGE_AUDIT,180,65,SUCCESS,0,0,0,,,,,,,,
20260902T130335889202_page_scoped_c6d2bda3,90,CUMCM-2020-B-002,40,PDFTOPPM,PHASE_4_PAGE_AUDIT,180,520,SUCCESS,0,0,0,,,,,,,,
20260902T130335889202_page_scoped_c6d2bda3,91,CUMCM-2020-B-002,41,PDFTOTEXT,PHASE_4_PAGE_AUDIT,180,64,SUCCESS,0,0,0,,,,,,,,
20260902T130335889202_page_scoped_c6d2bda3,92,CUMCM-2020-B-002,41,PDFTOPPM,PHASE_4_PAGE_AUDIT,180,533,SUCCESS,0,0,0,,,,,,,,
20260902T130335889202_page_scoped_c6d2bda3,93,CUMCM-2020-B-002,42,PDFTOTEXT,PHASE_4_PAGE_AUDIT,180,59,SUCCESS,0,0,0,,,,,,,,
20260902T130335889202_page_scoped_c6d2bda3,94,CUMCM-2020-B-002,42,PDFTOPPM,PHASE_4_PAGE_AUDIT,180,553,SUCCESS,0,0,0,,,,,,,,
20260902T130335889202_page_scoped_c6d2bda3,95,CUMCM-2020-B-002,43,PDFTOTEXT,PHASE_4_PAGE_AUDIT,180,69,SUCCESS,0,0,0,,,,,,,,
20260902T130335889202_page_scoped_c6d2bda3,96,CUMCM-2020-B-002,43,PDFTOPPM,PHASE_4_PAGE_AUDIT,180,650,SUCCESS,0,0,0,,,,,,,,
20260902T130335889202_page_scoped_c6d2bda3,97,CUMCM-2020-B-002,44,PDFTOTEXT,PHASE_4_PAGE_AUDIT,180,66,SUCCESS,0,0,0,,,,,,,,
20260902T130335889202_page_scoped_c6d2bda3,98,CUMCM-2020-B-002,44,PDFTOPPM,PHASE_4_PAGE_AUDIT,180,531,SUCCESS,0,0,0,,,,,,,,
20260902T130335889202_page_scoped_c6d2bda3,99,CUMCM-2020-B-002,45,PDFTOTEXT,PHASE_4_PAGE_AUDIT,180,62,SUCCESS,0,0,0,,,,,,,,
20260902T130335889202_page_scoped_c6d2bda3,100,CUMCM-2020-B-002,45,PDFTOPPM,PHASE_4_PAGE_AUDIT,180,501,SUCCESS,0,0,0,,,,,,,,
20260902T130335889202_page_scoped_c6d2bda3,101,CUMCM-2020-B-002,46,PDFTOTEXT,PHASE_4_PAGE_AUDIT,180,63,SUCCESS,0,0,0,,,,,,,,
20260902T130335889202_page_scoped_c6d2bda3,102,CUMCM-2020-B-002,46,PDFTOPPM,PHASE_4_PAGE_AUDIT,180,581,SUCCESS,0,0,0,,,,,,,,
20260902T130335889202_page_scoped_c6d2bda3,103,CUMCM-2020-B-002,47,PDFTOTEXT,PHASE_4_PAGE_AUDIT,180,73,SUCCESS,0,0,0,,,,,,,,
20260902T130335889202_page_scoped_c6d2bda3,104,CUMCM-2020-B-002,47,PDFTOPPM,PHASE_4_PAGE_AUDIT,180,582,SUCCESS,0,0,0,,,,,,,,
20260902T130335889202_page_scoped_c6d2bda3,105,CUMCM-2020-B-002,48,PDFTOTEXT,PHASE_4_PAGE_AUDIT,180,65,SUCCESS,0,0,0,,,,,,,,
20260902T130335889202_page_scoped_c6d2bda3,106,CUMCM-2020-B-002,48,PDFTOPPM,PHASE_4_PAGE_AUDIT,180,643,SUCCESS,0,0,0,,,,,,,,
20260902T130335889202_page_scoped_c6d2bda3,107,CUMCM-2020-B-002,49,PDFTOTEXT,PHASE_4_PAGE_AUDIT,180,64,SUCCESS,0,0,0,,,,,,,,
20260902T130335889202_page_scoped_c6d2bda3,108,CUMCM-2020-B-002,49,PDFTOPPM,PHASE_4_PAGE_AUDIT,180,600,SUCCESS,0,0,0,,,,,,,,
20260902T130335889202_page_scoped_c6d2bda3,109,CUMCM-2020-B-002,50,PDFTOTEXT,PHASE_4_PAGE_AUDIT,180,76,SUCCESS,0,0,0,,,,,,,,
20260902T130335889202_page_scoped_c6d2bda3,110,CUMCM-2020-B-002,50,PDFTOPPM,PHASE_4_PAGE_AUDIT,180,631,SUCCESS,0,0,0,,,,,,,,
20260902T130335889202_page_scoped_c6d2bda3,111,CUMCM-2020-B-002,51,PDFTOTEXT,PHASE_4_PAGE_AUDIT,180,65,SUCCESS,0,0,0,,,,,,,,
20260902T130335889202_page_scoped_c6d2bda3,112,CUMCM-2020-B-002,51,PDFTOPPM,PHASE_4_PAGE_AUDIT,180,594,SUCCESS,0,0,0,,,,,,,,
20260902T130335889202_page_scoped_c6d2bda3,113,CUMCM-2020-B-002,52,PDFTOTEXT,PHASE_4_PAGE_AUDIT,180,61,SUCCESS,0,0,0,,,,,,,,
20260902T130335889202_page_scoped_c6d2bda3,114,CUMCM-2020-B-002,52,PDFTOPPM,PHASE_4_PAGE_AUDIT,180,479,SUCCESS,0,0,0,,,,,,,,
20260902T130335889202_page_scoped_c6d2bda3,115,CUMCM-2020-B-002,53,PDFTOTEXT,PHASE_4_PAGE_AUDIT,180,61,SUCCESS,0,0,0,,,,,,,,
20260902T130335889202_page_scoped_c6d2bda3,116,CUMCM-2020-B-002,53,PDFTOPPM,PHASE_4_PAGE_AUDIT,180,478,SUCCESS,0,0,0,,,,,,,,
20260902T130335889202_page_scoped_c6d2bda3,117,CUMCM-2020-B-002,54,PDFTOTEXT,PHASE_4_PAGE_AUDIT,180,60,SUCCESS,0,0,0,,,,,,,,
20260902T130335889202_page_scoped_c6d2bda3,118,CUMCM-2020-B-002,54,PDFTOPPM,PHASE_4_PAGE_AUDIT,180,522,SUCCESS,0,0,0,,,,,,,,
20260902T130335889202_page_scoped_c6d2bda3,119,CUMCM-2020-B-002,55,PDFTOTEXT,PHASE_4_PAGE_AUDIT,180,62,SUCCESS,0,0,0,,,,,,,,
20260902T130335889202_page_scoped_c6d2bda3,120,CUMCM-2020-B-002,55,PDFTOPPM,PHASE_4_PAGE_AUDIT,180,468,SUCCESS,0,0,0,,,,,,,,
20260902T130335889202_page_scoped_c6d2bda3,121,CUMCM-2020-B-002,56,PDFTOTEXT,PHASE_4_PAGE_AUDIT,180,58,SUCCESS,0,0,0,,,,,,,,
20260902T130335889202_page_scoped_c6d2bda3,122,CUMCM-2020-B-002,56,PDFTOPPM,PHASE_4_PAGE_AUDIT,180,513,SUCCESS,0,0,0,,,,,,,,
20260902T130335889202_page_scoped_c6d2bda3,123,CUMCM-2020-B-002,57,PDFTOTEXT,PHASE_4_PAGE_AUDIT,180,64,SUCCESS,0,0,0,,,,,,,,
20260902T130335889202_page_scoped_c6d2bda3,124,CUMCM-2020-B-002,57,PDFTOPPM,PHASE_4_PAGE_AUDIT,180,536,SUCCESS,0,0,0,,,,,,,,
20260902T130335889202_page_scoped_c6d2bda3,125,CUMCM-2020-B-002,58,PDFTOTEXT,PHASE_4_PAGE_AUDIT,180,61,SUCCESS,0,0,0,,,,,,,,
20260902T130335889202_page_scoped_c6d2bda3,126,CUMCM-2020-B-002,58,PDFTOPPM,PHASE_4_PAGE_AUDIT,180,475,SUCCESS,0,0,0,,,,,,,,
20260902T130335889202_page_scoped_c6d2bda3,127,CUMCM-2020-B-002,59,PDFTOTEXT,PHASE_4_PAGE_AUDIT,180,58,SUCCESS,0,0,0,,,,,,,,
20260902T130335889202_page_scoped_c6d2bda3,128,CUMCM-2020-B-002,59,PDFTOPPM,PHASE_4_PAGE_AUDIT,180,498,SUCCESS,0,0,0,,,,,,,,
20260902T130335889202_page_scoped_c6d2bda3,129,CUMCM-2020-B-002,60,PDFTOTEXT,PHASE_4_PAGE_AUDIT,180,60,SUCCESS,0,0,0,,,,,,,,
20260902T130335889202_page_scoped_c6d2bda3,130,CUMCM-2020-B-002,60,PDFTOPPM,PHASE_4_PAGE_AUDIT,180,522,SUCCESS,0,0,0,,,,,,,,
20260902T130335889202_page_scoped_c6d2bda3,131,CUMCM-2020-B-002,61,PDFTOTEXT,PHASE_4_PAGE_AUDIT,180,59,SUCCESS,0,0,0,,,,,,,,
20260902T130335889202_page_scoped_c6d2bda3,132,CUMCM-2020-B-002,61,PDFTOPPM,PHASE_4_PAGE_AUDIT,180,458,SUCCESS,0,0,0,,,,,,,,
20260902T130335889202_page_scoped_c6d2bda3,133,CUMCM-2020-B-002,62,PDFTOTEXT,PHASE_4_PAGE_AUDIT,180,60,SUCCESS,0,0,0,,,,,,,,
20260902T130335889202_page_scoped_c6d2bda3,134,CUMCM-2020-B-002,62,PDFTOPPM,PHASE_4_PAGE_AUDIT,180,493,SUCCESS,0,0,0,,,,,,,,
20260902T130335889202_page_scoped_c6d2bda3,135,CUMCM-2020-B-002,63,PDFTOTEXT,PHASE_4_PAGE_AUDIT,180,64,SUCCESS,0,0,0,,,,,,,,
20260902T130335889202_page_scoped_c6d2bda3,136,CUMCM-2020-B-002,63,PDFTOPPM,PHASE_4_PAGE_AUDIT,180,538,SUCCESS,0,0,0,,,,,,,,
20260902T130335889202_page_scoped_c6d2bda3,137,CUMCM-2020-B-002,64,PDFTOTEXT,PHASE_4_PAGE_AUDIT,180,67,SUCCESS,0,0,0,,,,,,,,
20260902T130335889202_page_scoped_c6d2bda3,138,CUMCM-2020-B-002,64,PDFTOPPM,PHASE_4_PAGE_AUDIT,180,499,SUCCESS,0,0,0,,,,,,,,
20260902T130335889202_page_scoped_c6d2bda3,139,CUMCM-2020-B-002,65,PDFTOTEXT,PHASE_4_PAGE_AUDIT,180,57,SUCCESS,0,0,0,,,,,,,,
20260902T130335889202_page_scoped_c6d2bda3,140,CUMCM-2020-B-002,65,PDFTOPPM,PHASE_4_PAGE_AUDIT,180,520,SUCCESS,0,0,0,,,,,,,,
20260902T130335889202_page_scoped_c6d2bda3,141,CUMCM-2020-B-002,66,PDFTOTEXT,PHASE_4_PAGE_AUDIT,180,76,SUCCESS,0,0,0,,,,,,,,
20260902T130335889202_page_scoped_c6d2bda3,142,CUMCM-2020-B-002,66,PDFTOPPM,PHASE_4_PAGE_AUDIT,180,519,SUCCESS,0,0,0,,,,,,,,
20260902T130335889202_page_scoped_c6d2bda3,143,CUMCM-2020-B-002,67,PDFTOTEXT,PHASE_4_PAGE_AUDIT,180,64,SUCCESS,0,0,0,,,,,,,,
20260902T130335889202_page_scoped_c6d2bda3,144,CUMCM-2020-B-002,67,PDFTOPPM,PHASE_4_PAGE_AUDIT,180,526,SUCCESS,0,0,0,,,,,,,,
20260902T130335889202_page_scoped_c6d2bda3,145,CUMCM-2020-B-002,68,PDFTOTEXT,PHASE_4_PAGE_AUDIT,180,56,SUCCESS,0,0,0,,,,,,,,
20260902T130335889202_page_scoped_c6d2bda3,146,CUMCM-2020-B-002,68,PDFTOPPM,PHASE_4_PAGE_AUDIT,180,543,SUCCESS,0,0,0,,,,,,,,
20260902T130335889202_page_scoped_c6d2bda3,147,CUMCM-2020-B-002,69,PDFTOTEXT,PHASE_4_PAGE_AUDIT,180,59,SUCCESS,0,0,0,,,,,,,,
20260902T130335889202_page_scoped_c6d2bda3,148,CUMCM-2020-B-002,69,PDFTOPPM,PHASE_4_PAGE_AUDIT,180,468,SUCCESS,0,0,0,,,,,,,,
20260902T130335889202_page_scoped_c6d2bda3,149,CUMCM-2020-B-002,70,PDFTOTEXT,PHASE_4_PAGE_AUDIT,180,63,SUCCESS,0,0,0,,,,,,,,
20260902T130335889202_page_scoped_c6d2bda3,150,CUMCM-2020-B-002,70,PDFTOPPM,PHASE_4_PAGE_AUDIT,180,513,SUCCESS,0,0,0,,,,,,,,
20260902T130335889202_page_scoped_c6d2bda3,151,CUMCM-2020-B-002,71,PDFTOTEXT,PHASE_4_PAGE_AUDIT,180,61,SUCCESS,0,0,0,,,,,,,,
20260902T130335889202_page_scoped_c6d2bda3,152,CUMCM-2020-B-002,71,PDFTOPPM,PHASE_4_PAGE_AUDIT,180,513,SUCCESS,0,0,0,,,,,,,,
20260902T130335889202_page_scoped_c6d2bda3,153,CUMCM-2020-B-002,72,PDFTOTEXT,PHASE_4_PAGE_AUDIT,180,63,SUCCESS,0,0,0,,,,,,,,
20260902T130335889202_page_scoped_c6d2bda3,154,CUMCM-2020-B-002,72,PDFTOPPM,PHASE_4_PAGE_AUDIT,180,457,SUCCESS,0,0,0,,,,,,,,
20260902T130335889202_page_scoped_c6d2bda3,155,CUMCM-2020-B-002,73,PDFTOTEXT,PHASE_4_PAGE_AUDIT,180,64,SUCCESS,0,0,0,,,,,,,,
20260902T130335889202_page_scoped_c6d2bda3,156,CUMCM-2020-B-002,73,PDFTOPPM,PHASE_4_PAGE_AUDIT,180,507,SUCCESS,0,0,0,,,,,,,,
20260902T130335889202_page_scoped_c6d2bda3,157,CUMCM-2020-B-002,74,PDFTOTEXT,PHASE_4_PAGE_AUDIT,180,60,SUCCESS,0,0,0,,,,,,,,
20260902T130335889202_page_scoped_c6d2bda3,158,CUMCM-2020-B-002,74,PDFTOPPM,PHASE_4_PAGE_AUDIT,180,564,SUCCESS,0,0,0,,,,,,,,
20260902T130335889202_page_scoped_c6d2bda3,159,CUMCM-2020-B-002,75,PDFTOTEXT,PHASE_4_PAGE_AUDIT,180,63,SUCCESS,0,0,0,,,,,,,,
20260902T130335889202_page_scoped_c6d2bda3,160,CUMCM-2020-B-002,75,PDFTOPPM,PHASE_4_PAGE_AUDIT,180,502,SUCCESS,0,0,0,,,,,,,,
20260902T130335889202_page_scoped_c6d2bda3,161,CUMCM-2020-B-002,76,PDFTOTEXT,PHASE_4_PAGE_AUDIT,180,63,SUCCESS,0,0,0,,,,,,,,
20260902T130335889202_page_scoped_c6d2bda3,162,CUMCM-2020-B-002,76,PDFTOPPM,PHASE_4_PAGE_AUDIT,180,488,SUCCESS,0,0,0,,,,,,,,
20260902T130335889202_page_scoped_c6d2bda3,163,CUMCM-2020-B-002,77,PDFTOTEXT,PHASE_4_PAGE_AUDIT,180,51,SUCCESS,0,0,0,,,,,,,,
20260902T130335889202_page_scoped_c6d2bda3,164,CUMCM-2020-B-002,77,PDFTOPPM,PHASE_4_PAGE_AUDIT,180,489,SUCCESS,0,0,0,,,,,,,,
20260902T130335889202_page_scoped_c6d2bda3,165,CUMCM-2020-B-002,78,PDFTOTEXT,PHASE_4_PAGE_AUDIT,180,58,SUCCESS,0,0,0,,,,,,,,
20260902T130335889202_page_scoped_c6d2bda3,166,CUMCM-2020-B-002,78,PDFTOPPM,PHASE_4_PAGE_AUDIT,180,505,SUCCESS,0,0,0,,,,,,,,
20260902T130335889202_page_scoped_c6d2bda3,167,CUMCM-2020-B-002,79,PDFTOTEXT,PHASE_4_PAGE_AUDIT,180,64,SUCCESS,0,0,0,,,,,,,,
20260902T130335889202_page_scoped_c6d2bda3,168,CUMCM-2020-B-002,79,PDFTOPPM,PHASE_4_PAGE_AUDIT,180,488,SUCCESS,0,0,0,,,,,,,,
20260902T130335889202_page_scoped_c6d2bda3,169,CUMCM-2020-B-002,80,PDFTOTEXT,PHASE_4_PAGE_AUDIT,180,58,SUCCESS,0,0,0,,,,,,,,
20260902T130335889202_page_scoped_c6d2bda3,170,CUMCM-2020-B-002,80,PDFTOPPM,PHASE_4_PAGE_AUDIT,180,460,SUCCESS,0,0,0,,,,,,,,
20260902T130335889202_page_scoped_c6d2bda3,171,CUMCM-2020-B-002,81,PDFTOTEXT,PHASE_4_PAGE_AUDIT,180,70,SUCCESS,0,0,0,,,,,,,,
20260902T130335889202_page_scoped_c6d2bda3,172,CUMCM-2020-B-002,81,PDFTOPPM,PHASE_4_PAGE_AUDIT,180,480,SUCCESS,0,0,0,,,,,,,,
20260902T130335889202_page_scoped_c6d2bda3,173,CUMCM-2020-B-002,82,PDFTOTEXT,PHASE_4_PAGE_AUDIT,180,61,SUCCESS,0,0,0,,,,,,,,
20260902T130335889202_page_scoped_c6d2bda3,174,CUMCM-2020-B-002,82,PDFTOPPM,PHASE_4_PAGE_AUDIT,180,543,SUCCESS,0,0,0,,,,,,,,
20260902T130335889202_page_scoped_c6d2bda3,175,CUMCM-2020-B-002,83,PDFTOTEXT,PHASE_4_PAGE_AUDIT,180,57,SUCCESS,0,0,0,,,,,,,,
20260902T130335889202_page_scoped_c6d2bda3,176,CUMCM-2020-B-002,83,PDFTOPPM,PHASE_4_PAGE_AUDIT,180,519,SUCCESS,0,0,0,,,,,,,,
20260902T130335889202_page_scoped_c6d2bda3,177,CUMCM-2020-B-002,84,PDFTOTEXT,PHASE_4_PAGE_AUDIT,180,77,SUCCESS,0,0,0,,,,,,,,
20260902T130335889202_page_scoped_c6d2bda3,178,CUMCM-2020-B-002,84,PDFTOPPM,PHASE_4_PAGE_AUDIT,180,495,SUCCESS,0,0,0,,,,,,,,
20260902T130335889202_page_scoped_c6d2bda3,179,CUMCM-2020-B-002,85,PDFTOTEXT,PHASE_4_PAGE_AUDIT,180,60,SUCCESS,0,0,0,,,,,,,,
20260902T130335889202_page_scoped_c6d2bda3,180,CUMCM-2020-B-002,85,PDFTOPPM,PHASE_4_PAGE_AUDIT,180,456,SUCCESS,0,0,0,,,,,,,,
20260902T130335889202_page_scoped_c6d2bda3,181,CUMCM-2020-B-002,86,PDFTOTEXT,PHASE_4_PAGE_AUDIT,180,57,SUCCESS,0,0,0,,,,,,,,
20260902T130335889202_page_scoped_c6d2bda3,182,CUMCM-2020-B-002,86,PDFTOPPM,PHASE_4_PAGE_AUDIT,180,445,SUCCESS,0,0,0,,,,,,,,
20260902T130335889202_page_scoped_c6d2bda3,183,CUMCM-2020-B-002,87,PDFTOTEXT,PHASE_4_PAGE_AUDIT,180,62,SUCCESS,0,0,0,,,,,,,,
20260902T130335889202_page_scoped_c6d2bda3,184,CUMCM-2020-B-002,87,PDFTOPPM,PHASE_4_PAGE_AUDIT,180,524,SUCCESS,0,0,0,,,,,,,,
20260902T130335889202_page_scoped_c6d2bda3,185,CUMCM-2020-B-002,88,PDFTOTEXT,PHASE_4_PAGE_AUDIT,180,69,SUCCESS,0,0,0,,,,,,,,
20260902T130335889202_page_scoped_c6d2bda3,186,CUMCM-2020-B-002,88,PDFTOPPM,PHASE_4_PAGE_AUDIT,180,560,SUCCESS,0,0,0,,,,,,,,
20260902T130335889202_page_scoped_c6d2bda3,187,CUMCM-2020-B-002,89,PDFTOTEXT,PHASE_4_PAGE_AUDIT,180,57,SUCCESS,0,0,0,,,,,,,,
20260902T130335889202_page_scoped_c6d2bda3,188,CUMCM-2020-B-002,89,PDFTOPPM,PHASE_4_PAGE_AUDIT,180,544,SUCCESS,0,0,0,,,,,,,,
20260902T130335889202_page_scoped_c6d2bda3,189,CUMCM-2020-B-002,90,PDFTOTEXT,PHASE_4_PAGE_AUDIT,180,69,SUCCESS,0,0,0,,,,,,,,
20260902T130335889202_page_scoped_c6d2bda3,190,CUMCM-2020-B-002,90,PDFTOPPM,PHASE_4_PAGE_AUDIT,180,531,SUCCESS,0,0,0,,,,,,,,
20260902T130335889202_page_scoped_c6d2bda3,191,CUMCM-2020-B-002,91,PDFTOTEXT,PHASE_4_PAGE_AUDIT,180,58,SUCCESS,0,0,0,,,,,,,,
20260902T130335889202_page_scoped_c6d2bda3,192,CUMCM-2020-B-002,91,PDFTOPPM,PHASE_4_PAGE_AUDIT,180,432,SUCCESS,0,0,0,,,,,,,,
20260902T130335889202_page_scoped_c6d2bda3,193,CUMCM-2020-B-002,92,PDFTOTEXT,PHASE_4_PAGE_AUDIT,180,54,SUCCESS,0,0,0,,,,,,,,
20260902T130335889202_page_scoped_c6d2bda3,194,CUMCM-2020-B-002,92,PDFTOPPM,PHASE_4_PAGE_AUDIT,180,538,SUCCESS,0,0,0,,,,,,,,
20260902T130335889202_page_scoped_c6d2bda3,195,CUMCM-2020-B-002,93,PDFTOTEXT,PHASE_4_PAGE_AUDIT,180,77,SUCCESS,0,0,0,,,,,,,,
20260902T130335889202_page_scoped_c6d2bda3,196,CUMCM-2020-B-002,93,PDFTOPPM,PHASE_4_PAGE_AUDIT,180,585,SUCCESS,0,0,0,,,,,,,,
20260902T130335889202_page_scoped_c6d2bda3,197,CUMCM-2020-B-002,94,PDFTOTEXT,PHASE_4_PAGE_AUDIT,180,58,SUCCESS,0,0,0,,,,,,,,
20260902T130335889202_page_scoped_c6d2bda3,198,CUMCM-2020-B-002,94,PDFTOPPM,PHASE_4_PAGE_AUDIT,180,516,SUCCESS,0,0,0,,,,,,,,
20260902T130335889202_page_scoped_c6d2bda3,199,CUMCM-2020-B-002,95,PDFTOTEXT,PHASE_4_PAGE_AUDIT,180,70,SUCCESS,0,0,0,,,,,,,,
20260902T130335889202_page_scoped_c6d2bda3,200,CUMCM-2020-B-002,95,PDFTOPPM,PHASE_4_PAGE_AUDIT,180,566,SUCCESS,0,0,0,,,,,,,,
20260902T130335889202_page_scoped_c6d2bda3,201,CUMCM-2020-B-002,96,PDFTOTEXT,PHASE_4_PAGE_AUDIT,180,59,SUCCESS,0,0,0,,,,,,,,
20260902T130335889202_page_scoped_c6d2bda3,202,CUMCM-2020-B-002,96,PDFTOPPM,PHASE_4_PAGE_AUDIT,180,470,SUCCESS,0,0,0,,,,,,,,
20260902T130335889202_page_scoped_c6d2bda3,203,CUMCM-2020-B-002,97,PDFTOTEXT,PHASE_4_PAGE_AUDIT,180,66,SUCCESS,0,0,0,,,,,,,,
20260902T130335889202_page_scoped_c6d2bda3,204,CUMCM-2020-B-002,97,PDFTOPPM,PHASE_4_PAGE_AUDIT,180,591,SUCCESS,0,0,0,,,,,,,,
20260902T130335889202_page_scoped_c6d2bda3,205,CUMCM-2020-B-002,98,PDFTOTEXT,PHASE_4_PAGE_AUDIT,180,70,SUCCESS,0,0,0,,,,,,,,
20260902T130335889202_page_scoped_c6d2bda3,206,CUMCM-2020-B-002,98,PDFTOPPM,PHASE_4_PAGE_AUDIT,180,570,SUCCESS,0,0,0,,,,,,,,
20260902T130335889202_page_scoped_c6d2bda3,207,CUMCM-2020-B-002,99,PDFTOTEXT,PHASE_4_PAGE_AUDIT,180,64,SUCCESS,0,0,0,,,,,,,,
20260902T130335889202_page_scoped_c6d2bda3,208,CUMCM-2020-B-002,99,PDFTOPPM,PHASE_4_PAGE_AUDIT,180,631,SUCCESS,0,0,0,,,,,,,,
20260902T130335889202_page_scoped_c6d2bda3,209,CUMCM-2020-B-002,100,PDFTOTEXT,PHASE_4_PAGE_AUDIT,180,92,SUCCESS,0,0,0,,,,,,,,
20260902T130335889202_page_scoped_c6d2bda3,210,CUMCM-2020-B-002,100,PDFTOPPM,PHASE_4_PAGE_AUDIT,180,620,SUCCESS,0,0,0,,,,,,,,
20260902T130335889202_page_scoped_c6d2bda3,211,CUMCM-2020-B-002,101,PDFTOTEXT,PHASE_4_PAGE_AUDIT,180,75,SUCCESS,0,0,0,,,,,,,,
20260902T130335889202_page_scoped_c6d2bda3,212,CUMCM-2020-B-002,101,PDFTOPPM,PHASE_4_PAGE_AUDIT,180,525,SUCCESS,0,0,0,,,,,,,,
20260902T130335889202_page_scoped_c6d2bda3,213,CUMCM-2020-B-002,102,PDFTOTEXT,PHASE_4_PAGE_AUDIT,180,66,SUCCESS,0,0,0,,,,,,,,
20260902T130335889202_page_scoped_c6d2bda3,214,CUMCM-2020-B-002,102,PDFTOPPM,PHASE_4_PAGE_AUDIT,180,590,SUCCESS,0,0,0,,,,,,,,
20260902T130335889202_page_scoped_c6d2bda3,215,CUMCM-2020-B-002,103,PDFTOTEXT,PHASE_4_PAGE_AUDIT,180,70,SUCCESS,0,0,0,,,,,,,,
20260902T130335889202_page_scoped_c6d2bda3,216,CUMCM-2020-B-002,103,PDFTOPPM,PHASE_4_PAGE_AUDIT,180,606,SUCCESS,0,0,0,,,,,,,,
20260902T130335889202_page_scoped_c6d2bda3,217,CUMCM-2020-B-002,104,PDFTOTEXT,PHASE_4_PAGE_AUDIT,180,73,SUCCESS,0,0,0,,,,,,,,
20260902T130335889202_page_scoped_c6d2bda3,218,CUMCM-2020-B-002,104,PDFTOPPM,PHASE_4_PAGE_AUDIT,180,491,SUCCESS,0,0,0,,,,,,,,
20260902T130335889202_page_scoped_c6d2bda3,219,CUMCM-2020-B-002,1,PDFTOPPM,PHASE_6_SELECTIVE_PAGE_OCR,180,748,SUCCESS,0,0,0,,,,,,,,
20260902T130335889202_page_scoped_c6d2bda3,220,CUMCM-2020-B-002,1,TESSERACT_OCR,PHASE_6_SELECTIVE_PAGE_OCR,180,4752,SUCCESS,0,0,0,1191,1684,2005644,1796323,5CDE50205E4A72D7B48390D4A5F49F35D39A8B19CAD3B9ADB597B1A54125FFAD,1841,87C9A3316633B93D5BDE99B0DD9FBDFB70BFEC83CC2E78057B4C4483EE895A27,PASS
20260902T130335889202_page_scoped_c6d2bda3,221,CUMCM-2020-B-002,2,PDFTOPPM,PHASE_6_SELECTIVE_PAGE_OCR,180,1043,SUCCESS,0,0,0,,,,,,,,
20260902T130335889202_page_scoped_c6d2bda3,222,CUMCM-2020-B-002,2,TESSERACT_OCR,PHASE_6_SELECTIVE_PAGE_OCR,180,2553,SUCCESS,0,0,0,1191,1684,2005644,1303808,26989738EAF08AAAAAF97CA710264E856ED0DED91704CAE95052E99B409FF2E2,1384,5C73C0BFA016C68405F761CFCD8211695E38B39507128B6F816618F925169C7F,PASS
20260902T130335889202_page_scoped_c6d2bda3,223,CUMCM-2020-B-002,3,PDFTOPPM,PHASE_6_SELECTIVE_PAGE_OCR,180,709,SUCCESS,0,0,0,,,,,,,,
20260902T130335889202_page_scoped_c6d2bda3,224,CUMCM-2020-B-002,3,TESSERACT_OCR,PHASE_6_SELECTIVE_PAGE_OCR,180,2523,SUCCESS,0,0,0,1191,1684,2005644,986532,E6CC3DAE278B94FF87F94CD2CF0345E00B391F7921BFB489068F0C574A3399B9,864,FE4271B466DD372F83BB754CFDBCB579A998965CBFF663439AE6DD68F62F10C3,PASS
20260902T130335889202_page_scoped_c6d2bda3,225,CUMCM-2020-B-002,4,PDFTOPPM,PHASE_6_SELECTIVE_PAGE_OCR,180,838,SUCCESS,0,0,0,,,,,,,,
20260902T130335889202_page_scoped_c6d2bda3,226,CUMCM-2020-B-002,4,TESSERACT_OCR,PHASE_6_SELECTIVE_PAGE_OCR,180,1972,SUCCESS,0,0,0,1191,1684,2005644,817438,38D8065C1A00DA3A2E1D7DC48858A87B29AFB13A06B06F3943421CF30F99E5B3,710,F36074904EF78E6D31DEBA90F03AC24D5E7D66D2ABF880E25D62F9EB67244FBC,PASS
20260902T130335889202_page_scoped_c6d2bda3,227,CUMCM-2020-B-002,5,PDFTOPPM,PHASE_6_SELECTIVE_PAGE_OCR,180,958,SUCCESS,0,0,0,,,,,,,,
20260902T130335889202_page_scoped_c6d2bda3,228,CUMCM-2020-B-002,5,TESSERACT_OCR,PHASE_6_SELECTIVE_PAGE_OCR,180,2973,SUCCESS,0,0,0,1191,1684,2005644,1518671,18B4CAA866688A0BC51B5EE1F0CBD1EE3117E23FBD9B49BA7F86EA7269DD947A,1663,207FDA3C49232DCF61585DC7F305D2D497BB87C9A091FEAA285DA005A3CD802C,PASS
20260902T130335889202_page_scoped_c6d2bda3,229,CUMCM-2020-B-002,6,PDFTOPPM,PHASE_6_SELECTIVE_PAGE_OCR,180,843,SUCCESS,0,0,0,,,,,,,,
20260902T130335889202_page_scoped_c6d2bda3,230,CUMCM-2020-B-002,6,TESSERACT_OCR,PHASE_6_SELECTIVE_PAGE_OCR,180,1672,SUCCESS,0,0,0,1191,1684,2005644,911479,2B2EC081B2CC56D75E8C6773756AE993EFF3A909F790E2FE32A73D1BF1F64336,713,66FD4E0768AB8455AF7FABC017EA483B368405F5159727AEA4D7CEF38102F52A,PASS
20260902T130335889202_page_scoped_c6d2bda3,231,CUMCM-2020-B-002,7,PDFTOPPM,PHASE_6_SELECTIVE_PAGE_OCR,180,960,SUCCESS,0,0,0,,,,,,,,
20260902T130335889202_page_scoped_c6d2bda3,232,CUMCM-2020-B-002,7,TESSERACT_OCR,PHASE_6_SELECTIVE_PAGE_OCR,180,3153,SUCCESS,0,0,0,1191,1684,2005644,1152682,F9AC0267E67334671A0A9E6812B90A1656E052A43CFCB5D7E6ECE98C36F8C5A7,1293,08B94AF3D9CD68C28D548F7EDA9FDF0965D0737CE7BC28638DC093639902158D,PASS
20260902T130335889202_page_scoped_c6d2bda3,233,CUMCM-2020-B-002,8,PDFTOPPM,PHASE_6_SELECTIVE_PAGE_OCR,180,900,SUCCESS,0,0,0,,,,,,,,
20260902T130335889202_page_scoped_c6d2bda3,234,CUMCM-2020-B-002,8,TESSERACT_OCR,PHASE_6_SELECTIVE_PAGE_OCR,180,2021,SUCCESS,0,0,0,1191,1684,2005644,895054,AB576FB7BC92AE4A4320EF267E9A6A06640B624AD60694B7AF2D01E022D090CE,996,842C60EA70C61C5C0813A73BBAFCF1AC1273DD8520CC94427EA6340078AD5608,PASS
20260902T130335889202_page_scoped_c6d2bda3,235,CUMCM-2020-B-002,9,PDFTOPPM,PHASE_6_SELECTIVE_PAGE_OCR,180,569,SUCCESS,0,0,0,,,,,,,,
20260902T130335889202_page_scoped_c6d2bda3,236,CUMCM-2020-B-002,9,TESSERACT_OCR,PHASE_6_SELECTIVE_PAGE_OCR,180,2864,SUCCESS,0,0,0,1191,1684,2005644,1113418,66329958EDEEB38F53446F7514B7B60D5CE48BDB9F0E183675E11CCF8264FD5B,1363,BDA75D6DB0BCDFE84228ABA7F26F19032976379B2FDA56D3AC3A7F2F8A26004E,PASS
20260902T130335889202_page_scoped_c6d2bda3,237,CUMCM-2020-B-002,10,PDFTOPPM,PHASE_6_SELECTIVE_PAGE_OCR,180,962,SUCCESS,0,0,0,,,,,,,,
20260902T130335889202_page_scoped_c6d2bda3,238,CUMCM-2020-B-002,10,TESSERACT_OCR,PHASE_6_SELECTIVE_PAGE_OCR,180,2993,SUCCESS,0,0,0,1191,1684,2005644,1021603,C1D7DE3307C209AEBC2AADC0E23FC9A1E01822E868496AB6F05045EBB774A0C7,939,95788F7B76AE646FC1B5FDA8688B7645580BED469F8E6649DCC4975ACC4BACFB,PASS
20260902T130335889202_page_scoped_c6d2bda3,239,CUMCM-2020-B-002,11,PDFTOPPM,PHASE_6_SELECTIVE_PAGE_OCR,180,1005,SUCCESS,0,0,0,,,,,,,,
20260902T130335889202_page_scoped_c6d2bda3,240,CUMCM-2020-B-002,11,TESSERACT_OCR,PHASE_6_SELECTIVE_PAGE_OCR,180,2363,SUCCESS,0,0,0,1191,1684,2005644,1176912,D2E71109C55DD7AF8D441129D10CCEA59ABF2726A75F0E17A1E8F3512C6C37E5,1270,FA622860461BD5558CCB410F12AB0E9532A044284A071392BBF574A48EFECA8E,PASS
20260902T130335889202_page_scoped_c6d2bda3,241,CUMCM-2020-B-002,12,PDFTOPPM,PHASE_6_SELECTIVE_PAGE_OCR,180,636,SUCCESS,0,0,0,,,,,,,,
20260902T130335889202_page_scoped_c6d2bda3,242,CUMCM-2020-B-002,12,TESSERACT_OCR,PHASE_6_SELECTIVE_PAGE_OCR,180,3368,SUCCESS,0,0,0,1191,1684,2005644,1103144,3B179C74F75EEDC1B452F048DA9BC36BF3F35AB5828EF65B380410EB369F3D82,1004,3268AA90444E16B27845FDBAAC9CD370A27C9D1A8AA0561F81F12E1901F272C3,PASS
20260902T130335889202_page_scoped_c6d2bda3,243,CUMCM-2020-B-002,13,PDFTOPPM,PHASE_6_SELECTIVE_PAGE_OCR,180,1029,SUCCESS,0,0,0,,,,,,,,
20260902T130335889202_page_scoped_c6d2bda3,244,CUMCM-2020-B-002,13,TESSERACT_OCR,PHASE_6_SELECTIVE_PAGE_OCR,180,2560,SUCCESS,0,0,0,1191,1684,2005644,1324527,0B3170E6A22E7B62B523212A5F978E95DDCBB2E5570CDA47A85FE88D5E81C7B3,1326,847468A0BCE1586E15B3A48150B0FC0A44CE3143D51FBC3AEDE8360E4564BF19,PASS
20260902T130335889202_page_scoped_c6d2bda3,245,CUMCM-2020-B-002,14,PDFTOPPM,PHASE_6_SELECTIVE_PAGE_OCR,180,591,SUCCESS,0,0,0,,,,,,,,
20260902T130335889202_page_scoped_c6d2bda3,246,CUMCM-2020-B-002,14,TESSERACT_OCR,PHASE_6_SELECTIVE_PAGE_OCR,180,2138,SUCCESS,0,0,0,1191,1684,2005644,1191134,815377E36F8D29E69A14463FED984071C751CE47D3E137E6CCFA13161CE9D0CF,1133,064E6328782A815A6639186DEC16A441F0C60ED2BE44365EC893AAF5E9FD5752,PASS
20260902T130335889202_page_scoped_c6d2bda3,247,CUMCM-2020-B-002,15,PDFTOPPM,PHASE_6_SELECTIVE_PAGE_OCR,180,716,SUCCESS,0,0,0,,,,,,,,
20260902T130335889202_page_scoped_c6d2bda3,248,CUMCM-2020-B-002,15,TESSERACT_OCR,PHASE_6_SELECTIVE_PAGE_OCR,180,2329,SUCCESS,0,0,0,1191,1684,2005644,1226316,40C4A7011B83DB66BBB179A86C91ADD5DA44625BDE86C982E8CF5EE91FBE62BE,1275,3CB244E5D0DD60B05F1F3AA43C8B1166BF7AB2E8D51962B46F3DEA0EB3C0D4A1,PASS
20260902T130335889202_page_scoped_c6d2bda3,249,CUMCM-2020-B-002,16,PDFTOPPM,PHASE_6_SELECTIVE_PAGE_OCR,180,672,SUCCESS,0,0,0,,,,,,,,
20260902T130335889202_page_scoped_c6d2bda3,250,CUMCM-2020-B-002,16,TESSERACT_OCR,PHASE_6_SELECTIVE_PAGE_OCR,180,2160,SUCCESS,0,0,0,1191,1684,2005644,1152232,FBC0643ECD75EB8483E9EB09562B7B7C5BA2678F1BCC2ED7509859C6A4913A66,751,0FE148CE5E14CF8796FDA85C829721DAA7B17EE3E9AF9E3C18594979D393F8AC,PASS
20260902T130335889202_page_scoped_c6d2bda3,251,CUMCM-2020-B-002,17,PDFTOPPM,PHASE_6_SELECTIVE_PAGE_OCR,180,771,SUCCESS,0,0,0,,,,,,,,
20260902T130335889202_page_scoped_c6d2bda3,252,CUMCM-2020-B-002,17,TESSERACT_OCR,PHASE_6_SELECTIVE_PAGE_OCR,180,2006,SUCCESS,0,0,0,1191,1684,2005644,938138,BB483BDBBDFE56BB9B47F4180767C41BA22EA958E17D237AF141CC80260C6BB9,780,D00B23A6FEF9C272DE054FD8E04BCB92CA79A5BA984FFAEDE3B1EC08736ACE22,PASS
20260902T130335889202_page_scoped_c6d2bda3,253,CUMCM-2020-B-002,18,PDFTOPPM,PHASE_6_SELECTIVE_PAGE_OCR,180,568,SUCCESS,0,0,0,,,,,,,,
20260902T130335889202_page_scoped_c6d2bda3,254,CUMCM-2020-B-002,18,TESSERACT_OCR,PHASE_6_SELECTIVE_PAGE_OCR,180,2322,SUCCESS,0,0,0,1191,1684,2005644,1309606,7969E23C97B806E7DA7ACEB6655F15664B91BF39B4F0BFCCF7E42641DC0E0E4A,1214,C9CC41F00025A858B88B4905A60E0065D2B8B49FFF5C8D9337F7967F631EF94A,PASS
20260902T130335889202_page_scoped_c6d2bda3,255,CUMCM-2020-B-002,19,PDFTOPPM,PHASE_6_SELECTIVE_PAGE_OCR,180,656,SUCCESS,0,0,0,,,,,,,,
20260902T130335889202_page_scoped_c6d2bda3,256,CUMCM-2020-B-002,19,TESSERACT_OCR,PHASE_6_SELECTIVE_PAGE_OCR,180,2497,SUCCESS,0,0,0,1191,1684,2005644,1314062,88E43E83AC643F501D93DD18757AE334B36E487CB0126CE4856AE95BED22EA82,1440,BA22182C85F19395E8680D9C87385795AD130ED6913D73F5134CD9BA1739AF35,PASS
20260902T130335889202_page_scoped_c6d2bda3,257,CUMCM-2020-B-002,20,PDFTOPPM,PHASE_6_SELECTIVE_PAGE_OCR,180,691,SUCCESS,0,0,0,,,,,,,,
20260902T130335889202_page_scoped_c6d2bda3,258,CUMCM-2020-B-002,20,TESSERACT_OCR,PHASE_6_SELECTIVE_PAGE_OCR,180,2907,SUCCESS,0,0,0,1191,1684,2005644,1429623,8D62E09B9FFA1FEF575EE5F497BEA21CEEBAD1BA93B4932EB7BF204D0552297F,1430,9236D7AF205A70BAACA44A6977E02643231641445CAEA2AB08CD61E7E5966A68,PASS
20260902T130335889202_page_scoped_c6d2bda3,259,CUMCM-2020-B-002,21,PDFTOPPM,PHASE_6_SELECTIVE_PAGE_OCR,180,689,SUCCESS,0,0,0,,,,,,,,
20260902T130335889202_page_scoped_c6d2bda3,260,CUMCM-2020-B-002,21,TESSERACT_OCR,PHASE_6_SELECTIVE_PAGE_OCR,180,2573,SUCCESS,0,0,0,1191,1684,2005644,1478166,9A86E66B766EF63358CF1F3B24F3EB11F72DC895D6EBA8BC4ADA4FF3AFB1A7BB,1494,21E4284D2DA2DB3B27D11A86BF93AC50FAB04105DA755B09694D6D9DEBE712A8,PASS
20260902T130335889202_page_scoped_c6d2bda3,261,CUMCM-2020-B-002,22,PDFTOPPM,PHASE_6_SELECTIVE_PAGE_OCR,180,619,SUCCESS,0,0,0,,,,,,,,
20260902T130335889202_page_scoped_c6d2bda3,262,CUMCM-2020-B-002,22,TESSERACT_OCR,PHASE_6_SELECTIVE_PAGE_OCR,180,2556,SUCCESS,0,0,0,1191,1684,2005644,1290106,FCDB630D910EB0624573CA065BC740E89570BE000BD0B9A8CBC552B8F51A08C1,1254,C6A7FB6BEEB5318957710CB1B7F2982588EBA3F062A128475F43E2E6A4323E9A,PASS
20260902T130335889202_page_scoped_c6d2bda3,263,CUMCM-2020-B-002,23,PDFTOPPM,PHASE_6_SELECTIVE_PAGE_OCR,180,488,SUCCESS,0,0,0,,,,,,,,
20260902T130335889202_page_scoped_c6d2bda3,264,CUMCM-2020-B-002,23,TESSERACT_OCR,PHASE_6_SELECTIVE_PAGE_OCR,180,1731,SUCCESS,0,0,0,1191,1684,2005644,835542,41030C08AD188EBCE5B26AE2FD22C2BA70727DB16454E918AF9442BDA74B8B5C,707,FCFE207AFCC53C08DBBFCEF9BA32FEBD72CEAB0998070DD596ABADA497FB5579,PASS
20260902T130335889202_page_scoped_c6d2bda3,265,CUMCM-2020-B-002,24,PDFTOPPM,PHASE_6_SELECTIVE_PAGE_OCR,180,560,SUCCESS,0,0,0,,,,,,,,
20260902T130335889202_page_scoped_c6d2bda3,266,CUMCM-2020-B-002,24,TESSERACT_OCR,PHASE_6_SELECTIVE_PAGE_OCR,180,1778,SUCCESS,0,0,0,1191,1684,2005644,983258,82D5609128E42336D92120E895C02B92E1B628E7F1B5E208598E1A0AE5D26107,872,4E843AE26195476193E3C85449A40B1701CEAE04FBE2B93B653F7A33128BB0E8,PASS
20260902T130335889202_page_scoped_c6d2bda3,267,CUMCM-2020-B-002,25,PDFTOPPM,PHASE_6_SELECTIVE_PAGE_OCR,180,592,SUCCESS,0,0,0,,,,,,,,
20260902T130335889202_page_scoped_c6d2bda3,268,CUMCM-2020-B-002,25,TESSERACT_OCR,PHASE_6_SELECTIVE_PAGE_OCR,180,2351,SUCCESS,0,0,0,1191,1684,2005644,1267140,75FEA2743E8F207118524002F310E6AD9F2DB05406AEF6E9E66B3212FF80F601,1327,CCCB713FF8FF25A9D25441180A1080066D16B2E10640AE3DE8C8C8E29DF81587,PASS
20260902T130335889202_page_scoped_c6d2bda3,269,CUMCM-2020-B-002,26,PDFTOPPM,PHASE_6_SELECTIVE_PAGE_OCR,180,589,SUCCESS,0,0,0,,,,,,,,
20260902T130335889202_page_scoped_c6d2bda3,270,CUMCM-2020-B-002,26,TESSERACT_OCR,PHASE_6_SELECTIVE_PAGE_OCR,180,1959,SUCCESS,0,0,0,1191,1684,2005644,944683,951D6F2D1635DBDF4D85CFC35BD4B9C8F21B2D2B3A9A01C139E031962CD2334A,798,79EC9DA026B8E931AB3D1ECBC0596320A6DB8F1499BBB5E5265B84C9A4277436,PASS
20260902T130335889202_page_scoped_c6d2bda3,271,CUMCM-2020-B-002,27,PDFTOPPM,PHASE_6_SELECTIVE_PAGE_OCR,180,737,SUCCESS,0,0,0,,,,,,,,
20260902T130335889202_page_scoped_c6d2bda3,272,CUMCM-2020-B-002,27,TESSERACT_OCR,PHASE_6_SELECTIVE_PAGE_OCR,180,2854,SUCCESS,0,0,0,1191,1684,2005644,1415965,089BCA9F5F830D020627A8A3DC1B0B346E99D07AE9DA85B21B31DF6E9C2439EA,1479,D6C52C3A352B9D418913E9B895809F353FE85923067E21097D279C345B3C0D01,PASS
20260902T130335889202_page_scoped_c6d2bda3,273,CUMCM-2020-B-002,28,PDFTOPPM,PHASE_6_SELECTIVE_PAGE_OCR,180,866,SUCCESS,0,0,0,,,,,,,,
20260902T130335889202_page_scoped_c6d2bda3,274,CUMCM-2020-B-002,28,TESSERACT_OCR,PHASE_6_SELECTIVE_PAGE_OCR,180,2178,SUCCESS,0,0,0,1191,1684,2005644,1324450,94F0781927E2225B33794D37CC8AD9685F1BFDB5DB898E451E96C88EDBE46FB2,1274,DC23D54410D9835A52A459280060D9234503F5721444707C66B292EBB26B23A7,PASS
20260902T130335889202_page_scoped_c6d2bda3,275,CUMCM-2020-B-002,29,PDFTOPPM,PHASE_6_SELECTIVE_PAGE_OCR,180,538,SUCCESS,0,0,0,,,,,,,,
20260902T130335889202_page_scoped_c6d2bda3,276,CUMCM-2020-B-002,29,TESSERACT_OCR,PHASE_6_SELECTIVE_PAGE_OCR,180,2803,SUCCESS,0,0,0,1191,1684,2005644,1083727,14CE774141BDEE6691033F68B2FFE881153994D7396D964903292AA6D87856AA,1133,AF8601C66285B227C64A60F0BCDBB5B410811A8F78EFECB106B017310B97DD40,PASS
20260902T130335889202_page_scoped_c6d2bda3,277,CUMCM-2020-B-002,30,PDFTOPPM,PHASE_6_SELECTIVE_PAGE_OCR,180,783,SUCCESS,0,0,0,,,,,,,,
20260902T130335889202_page_scoped_c6d2bda3,278,CUMCM-2020-B-002,30,TESSERACT_OCR,PHASE_6_SELECTIVE_PAGE_OCR,180,2244,SUCCESS,0,0,0,1191,1684,2005644,896257,EAA0D2872CF29D5BA20675DAB1FE7CE46A44B6EA30EB7DD0B85EE5A56130CA63,1235,3E4E20531C20329BB1674B02EE50DE280F43EBBAF57CE786AEDF1A31938C23DB,PASS
20260902T130335889202_page_scoped_c6d2bda3,279,CUMCM-2020-B-002,31,PDFTOPPM,PHASE_6_SELECTIVE_PAGE_OCR,180,508,SUCCESS,0,0,0,,,,,,,,
20260902T130335889202_page_scoped_c6d2bda3,280,CUMCM-2020-B-002,31,TESSERACT_OCR,PHASE_6_SELECTIVE_PAGE_OCR,180,2646,SUCCESS,0,0,0,1191,1684,2005644,903307,6331654AE75B5809A0F513EB44058012D0165570113C37BC8B2E1CAD52736BED,1422,6266E75E76C75FFFF76CDEBA744797DAC1ED4D589E01C7BD99412BB7BD7D6AA9,PASS
20260902T130335889202_page_scoped_c6d2bda3,281,CUMCM-2020-B-002,32,PDFTOPPM,PHASE_6_SELECTIVE_PAGE_OCR,180,546,SUCCESS,0,0,0,,,,,,,,
20260902T130335889202_page_scoped_c6d2bda3,282,CUMCM-2020-B-002,32,TESSERACT_OCR,PHASE_6_SELECTIVE_PAGE_OCR,180,1809,SUCCESS,0,0,0,1191,1684,2005644,684818,769A7FDC8BDA5FE902CCDD10E0D3266061794EB7382A8C9B599DEA3C8DA225CD,1070,D94683DC9D2DE640888FA9A8A7380B5A2441830CD679B2B143829D4458710151,PASS
20260902T130335889202_page_scoped_c6d2bda3,283,CUMCM-2020-B-002,33,PDFTOPPM,PHASE_6_SELECTIVE_PAGE_OCR,180,492,SUCCESS,0,0,0,,,,,,,,
20260902T130335889202_page_scoped_c6d2bda3,284,CUMCM-2020-B-002,33,TESSERACT_OCR,PHASE_6_SELECTIVE_PAGE_OCR,180,3071,SUCCESS,0,0,0,1191,1684,2005644,782350,BF9199DCE10CAC6DEC3B7F2AECAE02A19FC5CBA3078FF8A03FE6654AAD795029,1338,D752307073677718BEC3559BE94CDD37B7AD13008C71686BD5A4D71ED0786EB4,PASS
20260902T130335889202_page_scoped_c6d2bda3,285,CUMCM-2020-B-002,34,PDFTOPPM,PHASE_6_SELECTIVE_PAGE_OCR,180,462,SUCCESS,0,0,0,,,,,,,,
20260902T130335889202_page_scoped_c6d2bda3,286,CUMCM-2020-B-002,34,TESSERACT_OCR,PHASE_6_SELECTIVE_PAGE_OCR,180,1596,SUCCESS,0,0,0,1191,1684,2005644,692127,93B32E66DB6E4ECB582CE7A14206C151DA9F5E3E9852FD5E603AB06DDAB27F45,1028,106AF44F1CD75F8D8A09F3C89A276DF5D4AA1059003AD346711F0C72DA1D9C64,PASS
20260902T130335889202_page_scoped_c6d2bda3,287,CUMCM-2020-B-002,35,PDFTOPPM,PHASE_6_SELECTIVE_PAGE_OCR,180,519,SUCCESS,0,0,0,,,,,,,,
20260902T130335889202_page_scoped_c6d2bda3,288,CUMCM-2020-B-002,35,TESSERACT_OCR,PHASE_6_SELECTIVE_PAGE_OCR,180,2476,SUCCESS,0,0,0,1191,1684,2005644,754592,2E140CE09E0E4ABB113DAF61B104E232ABB8B0C34E935DABD8154CE2C8610B2B,1215,AA4898DBEA0053E3B8FE112C4D55703207A0E5807B791A9A2BD3B14873EE7696,PASS
20260902T130335889202_page_scoped_c6d2bda3,289,CUMCM-2020-B-002,36,PDFTOPPM,PHASE_6_SELECTIVE_PAGE_OCR,180,711,SUCCESS,0,0,0,,,,,,,,
20260902T130335889202_page_scoped_c6d2bda3,290,CUMCM-2020-B-002,36,TESSERACT_OCR,PHASE_6_SELECTIVE_PAGE_OCR,180,2047,SUCCESS,0,0,0,1191,1684,2005644,920822,B9A718811756C23DD9A01FEFA9370CA6A16C71043A4E89C75B58D7EF07AB72FD,1462,E6E8EB157D2B58A5EDEDDF446841F499D2FA6E73F213AD63B94AACDC4E1F5338,PASS
20260902T130335889202_page_scoped_c6d2bda3,291,CUMCM-2020-B-002,37,PDFTOPPM,PHASE_6_SELECTIVE_PAGE_OCR,180,689,SUCCESS,0,0,0,,,,,,,,
20260902T130335889202_page_scoped_c6d2bda3,292,CUMCM-2020-B-002,37,TESSERACT_OCR,PHASE_6_SELECTIVE_PAGE_OCR,180,1802,SUCCESS,0,0,0,1191,1684,2005644,670481,ED0CBAFD1385FC30DBB70E7C666A612716657CC43D0F4CCD07A68B87AA424257,976,EEF5E291011A6A60904AAFD08F3877F560A0497B101613A6FD6C08DEFBF378A9,PASS
20260902T130335889202_page_scoped_c6d2bda3,293,CUMCM-2020-B-002,38,PDFTOPPM,PHASE_6_SELECTIVE_PAGE_OCR,180,847,SUCCESS,0,0,0,,,,,,,,
20260902T130335889202_page_scoped_c6d2bda3,294,CUMCM-2020-B-002,38,TESSERACT_OCR,PHASE_6_SELECTIVE_PAGE_OCR,180,2917,SUCCESS,0,0,0,1191,1684,2005644,837501,78D90D71CE8216A2F05A5C7890C5FB079ADCA466A0E7958BEF5696C2F7337389,1388,6103A1BAA7EEBD24167E8389444C1DAD05645A7B6047352C6777DBB46C8BD991,PASS
20260902T130335889202_page_scoped_c6d2bda3,295,CUMCM-2020-B-002,39,PDFTOPPM,PHASE_6_SELECTIVE_PAGE_OCR,180,634,SUCCESS,0,0,0,,,,,,,,
20260902T130335889202_page_scoped_c6d2bda3,296,CUMCM-2020-B-002,39,TESSERACT_OCR,PHASE_6_SELECTIVE_PAGE_OCR,180,1558,SUCCESS,0,0,0,1191,1684,2005644,669703,E786DF9B0447248D82907CE1975E1819C88D90779C1ECEB340D634C4C74FD75C,997,3E9A25322FE04E0F589DBDA3D3CB033428A6147275D054CAF242B332DD87A04C,PASS
20260902T130335889202_page_scoped_c6d2bda3,297,CUMCM-2020-B-002,40,PDFTOPPM,PHASE_6_SELECTIVE_PAGE_OCR,180,486,SUCCESS,0,0,0,,,,,,,,
20260902T130335889202_page_scoped_c6d2bda3,298,CUMCM-2020-B-002,40,TESSERACT_OCR,PHASE_6_SELECTIVE_PAGE_OCR,180,2018,SUCCESS,0,0,0,1191,1684,2005644,775287,A33BBF58BE2F44E433E70FB03BBCCB1E1261C6395E4EFDD510F8AA1B0367F5C1,1227,C0D0D2813ED7A8CB2FC6BF9B041D0B436ABB9E43C93D1389B4EB10989C262732,PASS
20260902T130335889202_page_scoped_c6d2bda3,299,CUMCM-2020-B-002,41,PDFTOPPM,PHASE_6_SELECTIVE_PAGE_OCR,180,727,SUCCESS,0,0,0,,,,,,,,
20260902T130335889202_page_scoped_c6d2bda3,300,CUMCM-2020-B-002,41,TESSERACT_OCR,PHASE_6_SELECTIVE_PAGE_OCR,180,2816,SUCCESS,0,0,0,1191,1684,2005644,863643,0334C4F1055E34479DF62C109BA12535CCD07985CC22F6A5F157E28812CC8CF7,1336,10B810EF3F2C750C7B5FDDD335F91B60FBF09DA4E4505DC7AE532F50922CCF54,PASS
20260902T130335889202_page_scoped_c6d2bda3,301,CUMCM-2020-B-002,42,PDFTOPPM,PHASE_6_SELECTIVE_PAGE_OCR,180,534,SUCCESS,0,0,0,,,,,,,,
20260902T130335889202_page_scoped_c6d2bda3,302,CUMCM-2020-B-002,42,TESSERACT_OCR,PHASE_6_SELECTIVE_PAGE_OCR,180,1736,SUCCESS,0,0,0,1191,1684,2005644,752821,8F44BCD6E5E339EF0EBD0866DB184F8907D5DF292BB8019A8DE03AB8B6B5E449,1197,3F094FB03965DCBFC730F7BF2927F9018FF18CAC3B62E38D677A4D1E3AD7907B,PASS
20260902T130335889202_page_scoped_c6d2bda3,303,CUMCM-2020-B-002,43,PDFTOPPM,PHASE_6_SELECTIVE_PAGE_OCR,180,743,SUCCESS,0,0,0,,,,,,,,
20260902T130335889202_page_scoped_c6d2bda3,304,CUMCM-2020-B-002,43,TESSERACT_OCR,PHASE_6_SELECTIVE_PAGE_OCR,180,2076,SUCCESS,0,0,0,1191,1684,2005644,720441,8B51A00651C6EE1B0896B30E55F1AFD89D1CE52E4F38255A23B6AC9C09A601BA,1087,D6A6D74B957D656D718E2333C9F30D922D2143E77537290DAE502CD197D8C30F,PASS
20260902T130335889202_page_scoped_c6d2bda3,305,CUMCM-2020-B-002,44,PDFTOPPM,PHASE_6_SELECTIVE_PAGE_OCR,180,679,SUCCESS,0,0,0,,,,,,,,
20260902T130335889202_page_scoped_c6d2bda3,306,CUMCM-2020-B-002,44,TESSERACT_OCR,PHASE_6_SELECTIVE_PAGE_OCR,180,1737,SUCCESS,0,0,0,1191,1684,2005644,772397,3215EB2E25A95FFC7B14DE0AAC212FA670B756AF4AB15A049EE35F8C36CA2E63,1285,8C894C5ABA95B8F7685D069CE5BFD131BA073F2C251E04F7F7D8AA9B338622B4,PASS
20260902T130335889202_page_scoped_c6d2bda3,307,CUMCM-2020-B-002,45,PDFTOPPM,PHASE_6_SELECTIVE_PAGE_OCR,180,444,SUCCESS,0,0,0,,,,,,,,
20260902T130335889202_page_scoped_c6d2bda3,308,CUMCM-2020-B-002,45,TESSERACT_OCR,PHASE_6_SELECTIVE_PAGE_OCR,180,1835,SUCCESS,0,0,0,1191,1684,2005644,625179,DCE40FFB6CF551F9E8DE23FD3D628BBF0D1B94FB85654160107C0C4049958236,906,FC646E7E8C7869A3576BC8CDFE621D19F8626C0CA5F4A5D3B53DFF048822F7CA,PASS
20260902T130335889202_page_scoped_c6d2bda3,309,CUMCM-2020-B-002,46,PDFTOPPM,PHASE_6_SELECTIVE_PAGE_OCR,180,749,SUCCESS,0,0,0,,,,,,,,
20260902T130335889202_page_scoped_c6d2bda3,310,CUMCM-2020-B-002,46,TESSERACT_OCR,PHASE_6_SELECTIVE_PAGE_OCR,180,2931,SUCCESS,0,0,0,1191,1684,2005644,957719,9CDE9CF48C70BE2907F4F41A1CDC8AC597286E36EEDE626AC41DFCD7B45712DF,1580,12A74A950C7C86C8D683752C6F2B811F458266169C7A4AB23548C3D71B4629CC,PASS
20260902T130335889202_page_scoped_c6d2bda3,311,CUMCM-2020-B-002,47,PDFTOPPM,PHASE_6_SELECTIVE_PAGE_OCR,180,485,SUCCESS,0,0,0,,,,,,,,
20260902T130335889202_page_scoped_c6d2bda3,312,CUMCM-2020-B-002,47,TESSERACT_OCR,PHASE_6_SELECTIVE_PAGE_OCR,180,1980,SUCCESS,0,0,0,1191,1684,2005644,793878,90B45EF3A554ECBDF59382D6FAB7A32DD3FCB319389E8C87B74A8F8F813CD6BF,1297,B2D0FA664B2D94DA7EB5AB24A34F597B45F4F9CE2011D1B29AEF6F0151E29042,PASS
20260902T130335889202_page_scoped_c6d2bda3,313,CUMCM-2020-B-002,48,PDFTOPPM,PHASE_6_SELECTIVE_PAGE_OCR,180,816,SUCCESS,0,0,0,,,,,,,,
20260902T130335889202_page_scoped_c6d2bda3,314,CUMCM-2020-B-002,48,TESSERACT_OCR,PHASE_6_SELECTIVE_PAGE_OCR,180,2023,SUCCESS,0,0,0,1191,1684,2005644,742542,FA0C5661C59A99F196FF12C5C889D9676356BB298669EDD59F25DAAB395FD215,1175,D374F242360E67756360A151DE13D3F7DE1BB83C483257F3E34FE254AE0B56F3,PASS
20260902T130335889202_page_scoped_c6d2bda3,315,CUMCM-2020-B-002,49,PDFTOPPM,PHASE_6_SELECTIVE_PAGE_OCR,180,763,SUCCESS,0,0,0,,,,,,,,
20260902T130335889202_page_scoped_c6d2bda3,316,CUMCM-2020-B-002,49,TESSERACT_OCR,PHASE_6_SELECTIVE_PAGE_OCR,180,2682,SUCCESS,0,0,0,1191,1684,2005644,766356,CAC3C8DD76BF02182BDA6F9955A1F7532432A0BFA400F43B6B6D914ED83FAEBF,1259,FCA25D361DB7B534C3FEBB2BCE391306F2BB19202B46AA082F7FFC6005672D1B,PASS
20260902T130335889202_page_scoped_c6d2bda3,317,CUMCM-2020-B-002,50,PDFTOPPM,PHASE_6_SELECTIVE_PAGE_OCR,180,778,SUCCESS,0,0,0,,,,,,,,
20260902T130335889202_page_scoped_c6d2bda3,318,CUMCM-2020-B-002,50,TESSERACT_OCR,PHASE_6_SELECTIVE_PAGE_OCR,180,1961,SUCCESS,0,0,0,1191,1684,2005644,649052,5A4AB8CD0D381D873918A2CCEEAF504F9D45999DF04516DAB862FDF1F0017D14,935,6455E158972975280270CCB355B3245BE127CCCFBB0D67A222D689F8D96821B0,PASS
20260902T130335889202_page_scoped_c6d2bda3,319,CUMCM-2020-B-002,51,PDFTOPPM,PHASE_6_SELECTIVE_PAGE_OCR,180,899,SUCCESS,0,0,0,,,,,,,,
20260902T130335889202_page_scoped_c6d2bda3,320,CUMCM-2020-B-002,51,TESSERACT_OCR,PHASE_6_SELECTIVE_PAGE_OCR,180,2246,SUCCESS,0,0,0,1191,1684,2005644,952559,2BAD7A68981E4CA114C24FD5BF9D1CB9317357BEB97A9F63E56FCE0424571D98,1465,65050C7132101551B8906C5D62E7ACF3CDBD862516AD5E799C7EE28C1DEF2EA0,PASS
20260902T130335889202_page_scoped_c6d2bda3,321,CUMCM-2020-B-002,52,PDFTOPPM,PHASE_6_SELECTIVE_PAGE_OCR,180,443,SUCCESS,0,0,0,,,,,,,,
20260902T130335889202_page_scoped_c6d2bda3,322,CUMCM-2020-B-002,52,TESSERACT_OCR,PHASE_6_SELECTIVE_PAGE_OCR,180,1672,SUCCESS,0,0,0,1191,1684,2005644,731474,9827CB29529439A6242197F542546B53A3B5411471E89AF96107E8030B6DB342,1099,50812DE3FED0D6FBE1F62CD1B8547788F4322DAC19F712F2FF0F12A8F8D560B7,PASS
20260902T130335889202_page_scoped_c6d2bda3,323,CUMCM-2020-B-002,53,PDFTOPPM,PHASE_6_SELECTIVE_PAGE_OCR,180,463,SUCCESS,0,0,0,,,,,,,,
20260902T130335889202_page_scoped_c6d2bda3,324,CUMCM-2020-B-002,53,TESSERACT_OCR,PHASE_6_SELECTIVE_PAGE_OCR,180,1863,SUCCESS,0,0,0,1191,1684,2005644,672119,21BCBF9138A0148BA48E50497FCB242510237723E1CA258FF5F3DE392B7DCF67,929,9938F6082A9B148FAE998B272D2C54EE34911B9B369445C026D132BD89D22539,PASS
20260902T130335889202_page_scoped_c6d2bda3,325,CUMCM-2020-B-002,54,PDFTOPPM,PHASE_6_SELECTIVE_PAGE_OCR,180,772,SUCCESS,0,0,0,,,,,,,,
20260902T130335889202_page_scoped_c6d2bda3,326,CUMCM-2020-B-002,54,TESSERACT_OCR,PHASE_6_SELECTIVE_PAGE_OCR,180,2339,SUCCESS,0,0,0,1191,1684,2005644,854011,2A0B5248FB1E1990A466E5CCDB8E106A8F7AD3A7DF876BE4D9D4D6045E09E82B,1471,BA470AB353F51DA7063757752DDC5DD84756D01E0D825543D5D62F2F634B2F51,PASS
20260902T130335889202_page_scoped_c6d2bda3,327,CUMCM-2020-B-002,55,PDFTOPPM,PHASE_6_SELECTIVE_PAGE_OCR,180,565,SUCCESS,0,0,0,,,,,,,,
20260902T130335889202_page_scoped_c6d2bda3,328,CUMCM-2020-B-002,55,TESSERACT_OCR,PHASE_6_SELECTIVE_PAGE_OCR,180,1529,SUCCESS,0,0,0,1191,1684,2005644,605199,3DD8A6976AE96D1AC9486DBC781F05B21251E71D8ABE87994AB4385FB54E6BEA,876,5509F631DEFB73C2231584BFB14EAAD226C546212255EE1BDC51EF4EE1EDF21B,PASS
20260902T130335889202_page_scoped_c6d2bda3,329,CUMCM-2020-B-002,56,PDFTOPPM,PHASE_6_SELECTIVE_PAGE_OCR,180,554,SUCCESS,0,0,0,,,,,,,,
20260902T130335889202_page_scoped_c6d2bda3,330,CUMCM-2020-B-002,56,TESSERACT_OCR,PHASE_6_SELECTIVE_PAGE_OCR,180,2336,SUCCESS,0,0,0,1191,1684,2005644,784323,D1995BE0AA023C94D51B94CFCC0B129A31F7F551C2D4B551874749F745C358BD,1108,D8FA660625808D0477D852BEF5251BEFB1F624993804FF2EEAE64D34EE62E23F,PASS
20260902T130335889202_page_scoped_c6d2bda3,331,CUMCM-2020-B-002,57,PDFTOPPM,PHASE_6_SELECTIVE_PAGE_OCR,180,645,SUCCESS,0,0,0,,,,,,,,
20260902T130335889202_page_scoped_c6d2bda3,332,CUMCM-2020-B-002,57,TESSERACT_OCR,PHASE_6_SELECTIVE_PAGE_OCR,180,1956,SUCCESS,0,0,0,1191,1684,2005644,852028,1645E1DF27A27911A7D39F5150604598D3898D2232D8C4B60C06DB662DDE4545,1296,C3455F1EBCBC07FF7B04FA5E19CEA550E432BB1986D139F437E6ADE5D82A1732,PASS
20260902T130335889202_page_scoped_c6d2bda3,333,CUMCM-2020-B-002,58,PDFTOPPM,PHASE_6_SELECTIVE_PAGE_OCR,180,714,SUCCESS,0,0,0,,,,,,,,
20260902T130335889202_page_scoped_c6d2bda3,334,CUMCM-2020-B-002,58,TESSERACT_OCR,PHASE_6_SELECTIVE_PAGE_OCR,180,1676,SUCCESS,0,0,0,1191,1684,2005644,664251,0C36D9BE3F76202813DBE0A7CEA0E152B073355F58802B2FD08D38E7E18CD064,965,4C67029EFA3108E257217C23CA2A055AB400A031FC609B6FF2E02E950CC78F2C,PASS
20260902T130335889202_page_scoped_c6d2bda3,335,CUMCM-2020-B-002,59,PDFTOPPM,PHASE_6_SELECTIVE_PAGE_OCR,180,838,SUCCESS,0,0,0,,,,,,,,
20260902T130335889202_page_scoped_c6d2bda3,336,CUMCM-2020-B-002,59,TESSERACT_OCR,PHASE_6_SELECTIVE_PAGE_OCR,180,2038,SUCCESS,0,0,0,1191,1684,2005644,740359,1FB5E25FF579F9512DC66FBE8E50493E77152D43D83B7CB3908E3DF29A869B23,1166,7E019635DC73799C71426F643B8B0F20C531D72DB66FF64595E3C315FF9CDEB9,PASS
20260902T130335889202_page_scoped_c6d2bda3,337,CUMCM-2020-B-002,60,PDFTOPPM,PHASE_6_SELECTIVE_PAGE_OCR,180,852,SUCCESS,0,0,0,,,,,,,,
20260902T130335889202_page_scoped_c6d2bda3,338,CUMCM-2020-B-002,60,TESSERACT_OCR,PHASE_6_SELECTIVE_PAGE_OCR,180,2860,SUCCESS,0,0,0,1191,1684,2005644,844410,DF669938B96D3D6F52893A75B88A11FFD9096B6C455DE427DC04CA45BAB97627,1451,8EC56FF79ECA5C27D3FE335C4988F2DB25C9D1E331B49EFD7ADF68E7CF0848AD,PASS
20260902T130335889202_page_scoped_c6d2bda3,339,CUMCM-2020-B-002,61,PDFTOPPM,PHASE_6_SELECTIVE_PAGE_OCR,180,432,SUCCESS,0,0,0,,,,,,,,
20260902T130335889202_page_scoped_c6d2bda3,340,CUMCM-2020-B-002,61,TESSERACT_OCR,PHASE_6_SELECTIVE_PAGE_OCR,180,1376,SUCCESS,0,0,0,1191,1684,2005644,591685,1D0DB43692204289C1FFB95AFFE38245394C949648DEA85A0DDED1460F8C10E6,817,BE020B7E9E92044CDDC4449660CD3FCFF6E317E67EF68A340382711AFFD4C361,PASS
20260902T130335889202_page_scoped_c6d2bda3,341,CUMCM-2020-B-002,62,PDFTOPPM,PHASE_6_SELECTIVE_PAGE_OCR,180,502,SUCCESS,0,0,0,,,,,,,,
20260902T130335889202_page_scoped_c6d2bda3,342,CUMCM-2020-B-002,62,TESSERACT_OCR,PHASE_6_SELECTIVE_PAGE_OCR,180,1941,SUCCESS,0,0,0,1191,1684,2005644,770052,9DF3F2C4C1D83B55A321567FEBAAB4584A0F1D753BBFDF036B2559C45F3683DD,1190,B5ED4BE75C4D7B1A265070F5A86F760960AFFF472D31D2A44CDDAE1B845E2A3A,PASS
20260902T130335889202_page_scoped_c6d2bda3,343,CUMCM-2020-B-002,63,PDFTOPPM,PHASE_6_SELECTIVE_PAGE_OCR,180,733,SUCCESS,0,0,0,,,,,,,,
20260902T130335889202_page_scoped_c6d2bda3,344,CUMCM-2020-B-002,63,TESSERACT_OCR,PHASE_6_SELECTIVE_PAGE_OCR,180,2192,SUCCESS,0,0,0,1191,1684,2005644,834210,E3694B05E5028E8BF498A5F04354E7DF8A162CB1E0F87A849A1B2F1A4C28D8AE,1304,53D7EDAA0BEEE37AA7D3C31F7E5F954442B528705643E6E51896D4F915B441DB,PASS
20260902T130335889202_page_scoped_c6d2bda3,345,CUMCM-2020-B-002,64,PDFTOPPM,PHASE_6_SELECTIVE_PAGE_OCR,180,487,SUCCESS,0,0,0,,,,,,,,
20260902T130335889202_page_scoped_c6d2bda3,346,CUMCM-2020-B-002,64,TESSERACT_OCR,PHASE_6_SELECTIVE_PAGE_OCR,180,1878,SUCCESS,0,0,0,1191,1684,2005644,727187,A3D1593048A4CE4E3B5419AFD379556DC5CFDA2995351285DC86CB2CF32512C1,1108,A9390CD3D4789906F216806BFEB0399A30C27E69BD7149553F67D879B989645A,PASS
20260902T130335889202_page_scoped_c6d2bda3,347,CUMCM-2020-B-002,65,PDFTOPPM,PHASE_6_SELECTIVE_PAGE_OCR,180,630,SUCCESS,0,0,0,,,,,,,,
20260902T130335889202_page_scoped_c6d2bda3,348,CUMCM-2020-B-002,65,TESSERACT_OCR,PHASE_6_SELECTIVE_PAGE_OCR,180,1999,SUCCESS,0,0,0,1191,1684,2005644,682813,0ECB7C3010A6E1D8F301573E21770C48DF921ADD7E65CF9EDA7CFDFB4AB05E57,1050,F75188C5FA27E5381098F290D351A4A51AC28AE6F7EFD13980450B8E531D0B86,PASS
20260902T130335889202_page_scoped_c6d2bda3,349,CUMCM-2020-B-002,66,PDFTOPPM,PHASE_6_SELECTIVE_PAGE_OCR,180,707,SUCCESS,0,0,0,,,,,,,,
20260902T130335889202_page_scoped_c6d2bda3,350,CUMCM-2020-B-002,66,TESSERACT_OCR,PHASE_6_SELECTIVE_PAGE_OCR,180,1780,SUCCESS,0,0,0,1191,1684,2005644,763572,F535E08308DE4719254DACA1002D55DAE81FCB5FF2EBC90837CF2FFF30114A4E,1278,69FB881179BA06F1CD5D9416AD2486F00B70A219D4D9B185A9C2AEF03A51A1B3,PASS
20260902T130335889202_page_scoped_c6d2bda3,351,CUMCM-2020-B-002,67,PDFTOPPM,PHASE_6_SELECTIVE_PAGE_OCR,180,463,SUCCESS,0,0,0,,,,,,,,
20260902T130335889202_page_scoped_c6d2bda3,352,CUMCM-2020-B-002,67,TESSERACT_OCR,PHASE_6_SELECTIVE_PAGE_OCR,180,2047,SUCCESS,0,0,0,1191,1684,2005644,715884,7F746FC364855B358A0ECB83067F57AB21991C44285CF733D0537F23D7ED3DE6,1091,DE5117BB9692E5BCADB162E36CF9F15511939F9CDB28EB4C5EB3305BC9264BD5,PASS
20260902T130335889202_page_scoped_c6d2bda3,353,CUMCM-2020-B-002,68,PDFTOPPM,PHASE_6_SELECTIVE_PAGE_OCR,180,838,SUCCESS,0,0,0,,,,,,,,
20260902T130335889202_page_scoped_c6d2bda3,354,CUMCM-2020-B-002,68,TESSERACT_OCR,PHASE_6_SELECTIVE_PAGE_OCR,180,2059,SUCCESS,0,0,0,1191,1684,2005644,882638,3367C2CF0BA8B50619940B8F6F5FB6AA593E0665B4107652710A90A6E379422F,1332,0240D0ED7AC0BBA6E35D2C297078EF4AD5112D58E9438A19BBCA1DA524B43B58,PASS
20260902T130335889202_page_scoped_c6d2bda3,355,CUMCM-2020-B-002,69,PDFTOPPM,PHASE_6_SELECTIVE_PAGE_OCR,180,459,SUCCESS,0,0,0,,,,,,,,
20260902T130335889202_page_scoped_c6d2bda3,356,CUMCM-2020-B-002,69,TESSERACT_OCR,PHASE_6_SELECTIVE_PAGE_OCR,180,1672,SUCCESS,0,0,0,1191,1684,2005644,663518,7EF429E7E0A12D17918644CBF8539816EBFAC80B01A671B93B8352F1A3776753,963,623323C2857B04C58780795AC4AF323BFB149ADF2B760EAC9B10680236BF140C,PASS
20260902T130335889202_page_scoped_c6d2bda3,357,CUMCM-2020-B-002,70,PDFTOPPM,PHASE_6_SELECTIVE_PAGE_OCR,180,526,SUCCESS,0,0,0,,,,,,,,
20260902T130335889202_page_scoped_c6d2bda3,358,CUMCM-2020-B-002,70,TESSERACT_OCR,PHASE_6_SELECTIVE_PAGE_OCR,180,2107,SUCCESS,0,0,0,1191,1684,2005644,759988,3C487723F1040DBBD26C35E29F9D060ABB1D611A585DF5DB004C044CD9A815CD,1190,B4AF15FA1B2A0635AA413A6132FBC0B01FF99BDB1C80EE1312F46806B0EDBA29,PASS
20260902T130335889202_page_scoped_c6d2bda3,359,CUMCM-2020-B-002,71,PDFTOPPM,PHASE_6_SELECTIVE_PAGE_OCR,180,594,SUCCESS,0,0,0,,,,,,,,
20260902T130335889202_page_scoped_c6d2bda3,360,CUMCM-2020-B-002,71,TESSERACT_OCR,PHASE_6_SELECTIVE_PAGE_OCR,180,2267,SUCCESS,0,0,0,1191,1684,2005644,822613,EBA33C899D84C4EDF6DF972432CFF3DCAD20EF2A20A6EE64F6437D9A97AAD4CC,1351,9705587E2BCB3E9E59BE110D810652FF8BCC7F6982174245FC13BA13AC0816EF,PASS
20260902T130335889202_page_scoped_c6d2bda3,361,CUMCM-2020-B-002,72,PDFTOPPM,PHASE_6_SELECTIVE_PAGE_OCR,180,757,SUCCESS,0,0,0,,,,,,,,
20260902T130335889202_page_scoped_c6d2bda3,362,CUMCM-2020-B-002,72,TESSERACT_OCR,PHASE_6_SELECTIVE_PAGE_OCR,180,1878,SUCCESS,0,0,0,1191,1684,2005644,616697,53F45F63882A093A52EF6D3E9D35C6A6250C0F482652EEE6A772CDE04C75F72C,896,2E86C8A3630F6DBE496FFB8D744FE0D9836BDFC3B3A86E5BFFCE3B3044460FB9,PASS
20260902T130335889202_page_scoped_c6d2bda3,363,CUMCM-2020-B-002,73,PDFTOPPM,PHASE_6_SELECTIVE_PAGE_OCR,180,750,SUCCESS,0,0,0,,,,,,,,
20260902T130335889202_page_scoped_c6d2bda3,364,CUMCM-2020-B-002,73,TESSERACT_OCR,PHASE_6_SELECTIVE_PAGE_OCR,180,2323,SUCCESS,0,0,0,1191,1684,2005644,809666,72506784C55153A3BB29CAA77C233427E71245089503D38740373161F0EAEFC1,1280,2EDD586E0859AA1ABBF620E52120ED211B067C3992BC8F3B7DE252E77EDEB390,PASS
20260902T130335889202_page_scoped_c6d2bda3,365,CUMCM-2020-B-002,74,PDFTOPPM,PHASE_6_SELECTIVE_PAGE_OCR,180,510,SUCCESS,0,0,0,,,,,,,,
20260902T130335889202_page_scoped_c6d2bda3,366,CUMCM-2020-B-002,74,TESSERACT_OCR,PHASE_6_SELECTIVE_PAGE_OCR,180,2621,SUCCESS,0,0,0,1191,1684,2005644,885390,846D050C57DD48585B635B1701FD51DC99502F389D9683F019DFD74357B8BA28,1392,023A0C98B89036A7A8893DBDD9B5D9C40F2BF7C4CA6572AC18301AA285FE5A2C,PASS
20260902T130335889202_page_scoped_c6d2bda3,367,CUMCM-2020-B-002,75,PDFTOPPM,PHASE_6_SELECTIVE_PAGE_OCR,180,542,SUCCESS,0,0,0,,,,,,,,
20260902T130335889202_page_scoped_c6d2bda3,368,CUMCM-2020-B-002,75,TESSERACT_OCR,PHASE_6_SELECTIVE_PAGE_OCR,180,1469,SUCCESS,0,0,0,1191,1684,2005644,685197,A155101CB23DA59173E23A648A445272219A149C6C7DD89644AF7DE27AB29889,962,B67A628BDA16442B059B29A8385C6EAF0B80491B0D74D010D7219FEFD83F6965,PASS
20260902T130335889202_page_scoped_c6d2bda3,369,CUMCM-2020-B-002,76,PDFTOPPM,PHASE_6_SELECTIVE_PAGE_OCR,180,750,SUCCESS,0,0,0,,,,,,,,
20260902T130335889202_page_scoped_c6d2bda3,370,CUMCM-2020-B-002,76,TESSERACT_OCR,PHASE_6_SELECTIVE_PAGE_OCR,180,2899,SUCCESS,0,0,0,1191,1684,2005644,768801,591FA4555E8D28374897EA38FBB6BC1F162601FA9707C2B74A65F46C4DB4E6D7,1294,DB98A6D6FDC70703F05A97518E0C35B95DE11C7F6777E86DD6CC39FDCDC6637A,PASS
20260902T130335889202_page_scoped_c6d2bda3,371,CUMCM-2020-B-002,77,PDFTOPPM,PHASE_6_SELECTIVE_PAGE_OCR,180,848,SUCCESS,0,0,0,,,,,,,,
20260902T130335889202_page_scoped_c6d2bda3,372,CUMCM-2020-B-002,77,TESSERACT_OCR,PHASE_6_SELECTIVE_PAGE_OCR,180,2334,SUCCESS,0,0,0,1191,1684,2005644,701555,F2BAF0D2D0CDF42271BE20E10FF975EBB524A06D04B76DC1F4802FA58EBB0C9D,1129,E1824FD8F407075CD10A06C29CE5267E2001FA9ED6E2A3E93833F1D8D38EC0FB,PASS
20260902T130335889202_page_scoped_c6d2bda3,373,CUMCM-2020-B-002,78,PDFTOPPM,PHASE_6_SELECTIVE_PAGE_OCR,180,807,SUCCESS,0,0,0,,,,,,,,
20260902T130335889202_page_scoped_c6d2bda3,374,CUMCM-2020-B-002,78,TESSERACT_OCR,PHASE_6_SELECTIVE_PAGE_OCR,180,1779,SUCCESS,0,0,0,1191,1684,2005644,799781,86B9EF2ACCB4247294E5AE2413EDDE034BCB9F99DA35A7F62D6B60F718E02DF6,1198,FC10B6A2B79C7993EC46EB7FA123A1464C6E85B70BCBE5467545518A4C2BE08D,PASS
20260902T130335889202_page_scoped_c6d2bda3,375,CUMCM-2020-B-002,79,PDFTOPPM,PHASE_6_SELECTIVE_PAGE_OCR,180,472,SUCCESS,0,0,0,,,,,,,,
20260902T130335889202_page_scoped_c6d2bda3,376,CUMCM-2020-B-002,79,TESSERACT_OCR,PHASE_6_SELECTIVE_PAGE_OCR,180,1810,SUCCESS,0,0,0,1191,1684,2005644,795908,68392CACECFCD467F807A89E9AEFE867A5FE6B4BEF6C78D9C55528F93BB2FB15,1304,02081143E3193DDFA292C53EB30B09D5A5320F3C8562BB84D9C7A523CA1E3A70,PASS
20260902T130335889202_page_scoped_c6d2bda3,377,CUMCM-2020-B-002,80,PDFTOPPM,PHASE_6_SELECTIVE_PAGE_OCR,180,417,SUCCESS,0,0,0,,,,,,,,
20260902T130335889202_page_scoped_c6d2bda3,378,CUMCM-2020-B-002,80,TESSERACT_OCR,PHASE_6_SELECTIVE_PAGE_OCR,180,1399,SUCCESS,0,0,0,1191,1684,2005644,630119,98A0615E3021ED6EE632D18E8C452BFBD64AC0FE999E85F34691CA172BF13656,921,7713FB1F9C58BB13C8C909F1137647C6B7D96B81F21A7090BE08112EC4A17118,PASS
20260902T130335889202_page_scoped_c6d2bda3,379,CUMCM-2020-B-002,81,PDFTOPPM,PHASE_6_SELECTIVE_PAGE_OCR,180,479,SUCCESS,0,0,0,,,,,,,,
20260902T130335889202_page_scoped_c6d2bda3,380,CUMCM-2020-B-002,81,TESSERACT_OCR,PHASE_6_SELECTIVE_PAGE_OCR,180,1608,SUCCESS,0,0,0,1191,1684,2005644,652750,3029B24FCDAC97C731B3AA71C813E1A137803ADCABB458903C1673D747E99943,973,542B805797E3DDF7D07E55EBF0B16857B5FC4FEFBFD24EAD4657C580557B35E8,PASS
20260902T130335889202_page_scoped_c6d2bda3,381,CUMCM-2020-B-002,82,PDFTOPPM,PHASE_6_SELECTIVE_PAGE_OCR,180,691,SUCCESS,0,0,0,,,,,,,,
20260902T130335889202_page_scoped_c6d2bda3,382,CUMCM-2020-B-002,82,TESSERACT_OCR,PHASE_6_SELECTIVE_PAGE_OCR,180,3089,SUCCESS,0,0,0,1191,1684,2005644,895931,1D0AD3B0350AB250916BCB2183BCDA8F74F0D9C240C870585E7A2020960855D9,1544,10DEC0CF9172F87C160C53BD12D93AD961B91673930EE4D2369BBB87A168DA1C,PASS
20260902T130335889202_page_scoped_c6d2bda3,383,CUMCM-2020-B-002,83,PDFTOPPM,PHASE_6_SELECTIVE_PAGE_OCR,180,447,SUCCESS,0,0,0,,,,,,,,
20260902T130335889202_page_scoped_c6d2bda3,384,CUMCM-2020-B-002,83,TESSERACT_OCR,PHASE_6_SELECTIVE_PAGE_OCR,180,1438,SUCCESS,0,0,0,1191,1684,2005644,622629,45A1AE2F80BAC15DF4413981286A745FAD2DBE5F4D4696309B4F0A9C359DECED,903,99D336782C36B990BCF81FDC5FB9526C56C872807E86094AD51C62303BF951EB,PASS
20260902T130335889202_page_scoped_c6d2bda3,385,CUMCM-2020-B-002,84,PDFTOPPM,PHASE_6_SELECTIVE_PAGE_OCR,180,450,SUCCESS,0,0,0,,,,,,,,
20260902T130335889202_page_scoped_c6d2bda3,386,CUMCM-2020-B-002,84,TESSERACT_OCR,PHASE_6_SELECTIVE_PAGE_OCR,180,1758,SUCCESS,0,0,0,1191,1684,2005644,585712,6B7C5025DAB55A090F01EAEC1FD27FA4F5BDEDBAC873D98C9E58BA036DA2C1EF,810,61F15E300EBD7FB6A149B1D6D030E4E10ED34B4F075C0C31601D987ED9175E7C,PASS
20260902T130335889202_page_scoped_c6d2bda3,387,CUMCM-2020-B-002,85,PDFTOPPM,PHASE_6_SELECTIVE_PAGE_OCR,180,534,SUCCESS,0,0,0,,,,,,,,
20260902T130335889202_page_scoped_c6d2bda3,388,CUMCM-2020-B-002,85,TESSERACT_OCR,PHASE_6_SELECTIVE_PAGE_OCR,180,1989,SUCCESS,0,0,0,1191,1684,2005644,639318,6B9538E10739497BE59E147089000BA6BEEFAE55A01ECBDFFF0C2F2EBC1FFC24,950,357BC8DF252D88CD452F6BBB31C7C470F04CA6C79947290BEB95A6137E9A28AF,PASS
20260902T130335889202_page_scoped_c6d2bda3,389,CUMCM-2020-B-002,86,PDFTOPPM,PHASE_6_SELECTIVE_PAGE_OCR,180,726,SUCCESS,0,0,0,,,,,,,,
20260902T130335889202_page_scoped_c6d2bda3,390,CUMCM-2020-B-002,86,TESSERACT_OCR,PHASE_6_SELECTIVE_PAGE_OCR,180,1428,SUCCESS,0,0,0,1191,1684,2005644,589816,EE21E57AB387A68918434CDDCC9CA71217A4D3055CBA348524E3F89F253B4626,761,239C7DCB42F16F885C13A37B567C4106C6D2BE4713C2958C7655108E57A7E9C5,PASS
20260902T130335889202_page_scoped_c6d2bda3,391,CUMCM-2020-B-002,87,PDFTOPPM,PHASE_6_SELECTIVE_PAGE_OCR,180,497,SUCCESS,0,0,0,,,,,,,,
20260902T130335889202_page_scoped_c6d2bda3,392,CUMCM-2020-B-002,87,TESSERACT_OCR,PHASE_6_SELECTIVE_PAGE_OCR,180,2135,SUCCESS,0,0,0,1191,1684,2005644,862807,572143BBE7EF70837E83D7949575C260C5E560CA036C42236CB95605CFE77620,1435,A46E0B98AE4A269C81D670FA4D0300AC98E49ACB005150B3157CB97FF60F02F9,PASS
20260902T130335889202_page_scoped_c6d2bda3,393,CUMCM-2020-B-002,88,PDFTOPPM,PHASE_6_SELECTIVE_PAGE_OCR,180,904,SUCCESS,0,0,0,,,,,,,,
20260902T130335889202_page_scoped_c6d2bda3,394,CUMCM-2020-B-002,88,TESSERACT_OCR,PHASE_6_SELECTIVE_PAGE_OCR,180,2530,SUCCESS,0,0,0,1191,1684,2005644,1039728,F65F68184F50225F63A3D36292B53E7D9275F1565516856A7B6704EFB1504E3B,1878,718008EE90E7A214F1866B5AC644F94D0BB1B8F9A78E573BD64E8185683ABFB5,PASS
20260902T130335889202_page_scoped_c6d2bda3,395,CUMCM-2020-B-002,89,PDFTOPPM,PHASE_6_SELECTIVE_PAGE_OCR,180,594,SUCCESS,0,0,0,,,,,,,,
20260902T130335889202_page_scoped_c6d2bda3,396,CUMCM-2020-B-002,89,TESSERACT_OCR,PHASE_6_SELECTIVE_PAGE_OCR,180,3402,SUCCESS,0,0,0,1191,1684,2005644,1021284,ACAC4955E6666B67D48BC3077690FE84B888EB9EB36F0CFCA0E6D2A19E1951D1,1767,7997DCC2930F3E4059E2E183D7FF869F022F77558407BB5A8F2D8B830D027C2A,PASS
20260902T130335889202_page_scoped_c6d2bda3,397,CUMCM-2020-B-002,90,PDFTOPPM,PHASE_6_SELECTIVE_PAGE_OCR,180,484,SUCCESS,0,0,0,,,,,,,,
20260902T130335889202_page_scoped_c6d2bda3,398,CUMCM-2020-B-002,90,TESSERACT_OCR,PHASE_6_SELECTIVE_PAGE_OCR,180,1946,SUCCESS,0,0,0,1191,1684,2005644,886016,387285B9452B4F489C30329CBBC7DDF1272529ECB89C74F6FAC8BC1045DE5BF0,1479,67D194FE9329883AEFA2E4102A0754935AFB2AA63147E44E87629634E6C45493,PASS
20260902T130335889202_page_scoped_c6d2bda3,399,CUMCM-2020-B-002,91,PDFTOPPM,PHASE_6_SELECTIVE_PAGE_OCR,180,446,SUCCESS,0,0,0,,,,,,,,
20260902T130335889202_page_scoped_c6d2bda3,400,CUMCM-2020-B-002,91,TESSERACT_OCR,PHASE_6_SELECTIVE_PAGE_OCR,180,1255,SUCCESS,0,0,0,1191,1684,2005644,533739,1B3203B5CE97F954FD05F3C8A4648B8660BE9662007641E8AE56BB305EAD6751,721,5A904D9BD29C6E363A83355C7CD856C12468663E5554BB9169F5F267082C336F,PASS
20260902T130335889202_page_scoped_c6d2bda3,401,CUMCM-2020-B-002,92,PDFTOPPM,PHASE_6_SELECTIVE_PAGE_OCR,180,580,SUCCESS,0,0,0,,,,,,,,
20260902T130335889202_page_scoped_c6d2bda3,402,CUMCM-2020-B-002,92,TESSERACT_OCR,PHASE_6_SELECTIVE_PAGE_OCR,180,2222,SUCCESS,0,0,0,1191,1684,2005644,865392,D181594CC3DBCE6B8D4C6169CE882276E984FC9381C3AEB00C5A0AE7AA32E9DB,1421,CF091C587F3EF3894EDBF84F4DF41311ABC9FE45B55E74F99E334BE1276E14D8,PASS
20260902T130335889202_page_scoped_c6d2bda3,403,CUMCM-2020-B-002,93,PDFTOPPM,PHASE_6_SELECTIVE_PAGE_OCR,180,588,SUCCESS,0,0,0,,,,,,,,
20260902T130335889202_page_scoped_c6d2bda3,404,CUMCM-2020-B-002,93,TESSERACT_OCR,PHASE_6_SELECTIVE_PAGE_OCR,180,3605,SUCCESS,0,0,0,1191,1684,2005644,1030896,FFF8A22329AB8E435CB333923A824F325ABB94F796199C6EDB202E7EC632FFE3,1781,7A80E85C75385A7BD46171A9F62FE5B0D96F1218B5A3F58A5FFA8439D56EDF3C,PASS
20260902T130335889202_page_scoped_c6d2bda3,405,CUMCM-2020-B-002,94,PDFTOPPM,PHASE_6_SELECTIVE_PAGE_OCR,180,476,SUCCESS,0,0,0,,,,,,,,
20260902T130335889202_page_scoped_c6d2bda3,406,CUMCM-2020-B-002,94,TESSERACT_OCR,PHASE_6_SELECTIVE_PAGE_OCR,180,2366,SUCCESS,0,0,0,1191,1684,2005644,867564,05EC9CB13073AD2AF079831A0C2D5DB917D3627BAF2ECCEFC2747571F8946B62,1413,C75C6408E30756E0125FEE5E57C3C465E4767911B2AE20299EC5F38B14587AC4,PASS
20260902T130335889202_page_scoped_c6d2bda3,407,CUMCM-2020-B-002,95,PDFTOPPM,PHASE_6_SELECTIVE_PAGE_OCR,180,866,SUCCESS,0,0,0,,,,,,,,
20260902T130335889202_page_scoped_c6d2bda3,408,CUMCM-2020-B-002,95,TESSERACT_OCR,PHASE_6_SELECTIVE_PAGE_OCR,180,2575,SUCCESS,0,0,0,1191,1684,2005644,913080,2FD2B024C510276564375F578DE5783639F0D0F646AE2C9A0099C956207873AE,1514,D6017A467F784C71FF8612F9400C993324E9DD9FA6FE91B8F24A034BFC509652,PASS
20260902T130335889202_page_scoped_c6d2bda3,409,CUMCM-2020-B-002,96,PDFTOPPM,PHASE_6_SELECTIVE_PAGE_OCR,180,708,SUCCESS,0,0,0,,,,,,,,
20260902T130335889202_page_scoped_c6d2bda3,410,CUMCM-2020-B-002,96,TESSERACT_OCR,PHASE_6_SELECTIVE_PAGE_OCR,180,1394,SUCCESS,0,0,0,1191,1684,2005644,654065,05C034419CE93EDFADC223196B06EA44AAD426A3A123914F4D7BDD63D40498C0,983,402B838A4C31B08B4829ADE972416A9F4A8F1DA62B2B0C5E461CCEB07011B1C4,PASS
20260902T130335889202_page_scoped_c6d2bda3,411,CUMCM-2020-B-002,97,PDFTOPPM,PHASE_6_SELECTIVE_PAGE_OCR,180,487,SUCCESS,0,0,0,,,,,,,,
20260902T130335889202_page_scoped_c6d2bda3,412,CUMCM-2020-B-002,97,TESSERACT_OCR,PHASE_6_SELECTIVE_PAGE_OCR,180,2133,SUCCESS,0,0,0,1191,1684,2005644,790398,F6AD31B9F5867C10055ECBC997D3A70C86CB6232230AB61039A2DA2F0113EE74,1358,B0F5D062D2D0C5D1F8A6431DB03A6612505D1F3DBECEA009700116BCDB08A005,PASS
20260902T130335889202_page_scoped_c6d2bda3,413,CUMCM-2020-B-002,98,PDFTOPPM,PHASE_6_SELECTIVE_PAGE_OCR,180,784,SUCCESS,0,0,0,,,,,,,,
20260902T130335889202_page_scoped_c6d2bda3,414,CUMCM-2020-B-002,98,TESSERACT_OCR,PHASE_6_SELECTIVE_PAGE_OCR,180,2281,SUCCESS,0,0,0,1191,1684,2005644,842633,6D34F75E12A1FA504F5FABF4D61B2BC8776D4B618EDAD27F64FF0EA1B4936183,1385,D1230D264916FCCFDB7A813CCD9E39EC631601240625EB4BD400D725CA4CE346,PASS
20260902T130335889202_page_scoped_c6d2bda3,415,CUMCM-2020-B-002,99,PDFTOPPM,PHASE_6_SELECTIVE_PAGE_OCR,180,811,SUCCESS,0,0,0,,,,,,,,
20260902T130335889202_page_scoped_c6d2bda3,416,CUMCM-2020-B-002,99,TESSERACT_OCR,PHASE_6_SELECTIVE_PAGE_OCR,180,2533,SUCCESS,0,0,0,1191,1684,2005644,830471,C573FEF190C5B83521B4111DCE38CCE3605846901113072C1B5D722B7C2B4973,1362,FE73EB21F0A1F8E665189F356F9A06B308CE5D2FC89F65D8B001F30AB1DD0072,PASS
20260902T130335889202_page_scoped_c6d2bda3,417,CUMCM-2020-B-002,100,PDFTOPPM,PHASE_6_SELECTIVE_PAGE_OCR,180,874,SUCCESS,0,0,0,,,,,,,,
20260902T130335889202_page_scoped_c6d2bda3,418,CUMCM-2020-B-002,100,TESSERACT_OCR,PHASE_6_SELECTIVE_PAGE_OCR,180,2051,SUCCESS,0,0,0,1191,1684,2005644,887506,95D2FD2F1906B213EA95384E3D53F33C68206E48C2FCC6E3EF3621B835F66DBC,1583,4017A72CB76584F23D46E68D06BA3B0BAFBE9963D2B578AC7236184B7320CBA3,PASS
20260902T130335889202_page_scoped_c6d2bda3,419,CUMCM-2020-B-002,101,PDFTOPPM,PHASE_6_SELECTIVE_PAGE_OCR,180,472,SUCCESS,0,0,0,,,,,,,,
20260902T130335889202_page_scoped_c6d2bda3,420,CUMCM-2020-B-002,101,TESSERACT_OCR,PHASE_6_SELECTIVE_PAGE_OCR,180,1737,SUCCESS,0,0,0,1191,1684,2005644,752261,C0D7E8C1B54ACF2C6EC887CC59118CE87B28FEED0447D951E32DA47B06E6ECA4,1190,6606E661708A5FFF6119BCF4D06C9DC3D92398B23E7206AE67953DC39EA55517,PASS
20260902T130335889202_page_scoped_c6d2bda3,421,CUMCM-2020-B-002,102,PDFTOPPM,PHASE_6_SELECTIVE_PAGE_OCR,180,474,SUCCESS,0,0,0,,,,,,,,
20260902T130335889202_page_scoped_c6d2bda3,422,CUMCM-2020-B-002,102,TESSERACT_OCR,PHASE_6_SELECTIVE_PAGE_OCR,180,2042,SUCCESS,0,0,0,1191,1684,2005644,695409,DEE6F627760115A8DBD3A7C65ADFC894973355A932785FD5F92FD6F1D44FEA63,1048,6B19822126CD50DB26BFCEA5FEC1F1AEBCC419BBC0767492F6C42B67CC6C0055,PASS
20260902T130335889202_page_scoped_c6d2bda3,423,CUMCM-2020-B-002,103,PDFTOPPM,PHASE_6_SELECTIVE_PAGE_OCR,180,847,SUCCESS,0,0,0,,,,,,,,
20260902T130335889202_page_scoped_c6d2bda3,424,CUMCM-2020-B-002,103,TESSERACT_OCR,PHASE_6_SELECTIVE_PAGE_OCR,180,1801,SUCCESS,0,0,0,1191,1684,2005644,778027,C4176DF195D4EFEF5FC78ACD0DAA076FECCBD9242912EA6C1A9EF66A5E20847B,1257,54E73BC92E643846F20D4A51B3C2B44DC398DC5CC9211888778CAC4C8777FC30,PASS
20260902T130335889202_page_scoped_c6d2bda3,425,CUMCM-2020-B-002,104,PDFTOPPM,PHASE_6_SELECTIVE_PAGE_OCR,180,378,SUCCESS,0,0,0,,,,,,,,
20260902T130335889202_page_scoped_c6d2bda3,426,CUMCM-2020-B-002,104,TESSERACT_OCR,PHASE_6_SELECTIVE_PAGE_OCR,180,867,SUCCESS,0,0,0,1191,1684,2005644,340092,C8B1A5047C309042FA8182003FD57E46747A2270EA6FD0060966B545761B2A36,262,E184E533A0E7A34FDD03C80E6EED6F0E67BBF6C2E2BE826887D26EDF65D4EA3A,PASS
