paper_id,source_path,source_sha256,page_count,failure_class,evidence,candidate_repair_strategy,repair_contract_status,manual_review_required
CUMCM-1992-A-004,1992年数学建模国赛优秀论文/1992年A题优秀论文① 关于施肥效果分析问题的评注.pdf,0ED09084F2E15BB17CED39971CC8B3C20F72F789C1B0AD2F4A99DF9642D0B48D,3,PARTIAL_SCAN,pdf-inspector classified the source as image_based; no frozen text/repair contract exists,none; manual contract review required,MANUAL_REQUIRED,1
CUMCM-1993-B-002,1993年数学建模国赛真题+优秀论文/1993年国赛优秀论文/1993年B题优秀论文③ 一个给足球队排名次的方法.pdf,40101857F2F092F6E6201646011ADE6153A7FA43E79188F8EF73E786A14963CF,9,PARTIAL_SCAN,pdf-inspector classified the source as image_based; no frozen text/repair contract exists,none; manual contract review required,MANUAL_REQUIRED,1
CUMCM-1993-B-003,1993年数学建模国赛真题+优秀论文/1993年国赛优秀论文/1993年B题优秀论文① 关于球队排名次问题的几点评注.pdf,AFF2C1645AB44D6097DE16F85704F2D07346E4FF157AC584D41C867DF3124328,2,PARTIAL_SCAN,pdf-inspector classified the source as image_based; no frozen text/repair contract exists,none; manual contract review required,MANUAL_REQUIRED,1
CUMCM-1995-A-001,1995年数学建模国赛真题+优秀论文/1995年国赛优秀论文/1995A：飞行管理问题的实时算法.pdf,E4141586944386F0CEEAA0592837FA28A32C89844D4113F1E536FF48A2430A42,9,PARTIAL_SCAN,pdf-inspector classified the source as image_based; no frozen text/repair contract exists,none; manual contract review required,MANUAL_REQUIRED,1
CUMCM-1995-A-002,1995年数学建模国赛真题+优秀论文/1995年国赛优秀论文/1995A：飞行管理模型的线性化处理方法.pdf,FC99E3CF0ADF0AAADA70632B01002D6D0B7792E8A50BB09C964E6B762DE27AC0,4,PARTIAL_SCAN,pdf-inspector classified the source as image_based; no frozen text/repair contract exists,none; manual contract review required,MANUAL_REQUIRED,1
CUMCM-1995-A-003,1995年数学建模国赛真题+优秀论文/1995年国赛优秀论文/1995A：飞行管理问题的线性规划模型.pdf,1B82997F823C10AC5016322F5CC64620372F2E6A819CD796BDDC24CD2E59FE27,6,PARTIAL_SCAN,pdf-inspector classified the source as image_based; no frozen text/repair contract exists,none; manual contract review required,MANUAL_REQUIRED,1
CUMCM-1995-A-004,1995年数学建模国赛真题+优秀论文/1995年国赛优秀论文/1995A：飞行管理问题的逐步逼近搜索方法.pdf,F90548C6E551AD3E7FB109104E3BC273179F074F853694472E6CB62920A8C65D,2,PARTIAL_SCAN,pdf-inspector classified the source as image_based; no frozen text/repair contract exists,none; manual contract review required,MANUAL_REQUIRED,1
CUMCM-1995-A-005,1995年数学建模国赛真题+优秀论文/1995年国赛优秀论文/1995A：飞行管理问题约束条件的线性化.pdf,249D8D8BA11D56A83FAC428575A64143298D10BF2C7F071326F4E9EDAD89E873,3,PARTIAL_SCAN,pdf-inspector classified the source as image_based; no frozen text/repair contract exists,none; manual contract review required,MANUAL_REQUIRED,1
CUMCM-1995-A-006,1995年数学建模国赛真题+优秀论文/1995年国赛优秀论文/1995A：飞行管理模型的能量梯度求解法.pdf,17F52641182DCB02A799F969FE7374B339BEC2933894F05438DDB76A9380160D,5,PARTIAL_SCAN,pdf-inspector classified the source as image_based; no frozen text/repair contract exists,none; manual contract review required,MANUAL_REQUIRED,1
CUMCM-1995-A-007,1995年数学建模国赛真题+优秀论文/1995年国赛优秀论文/1995A：飞行管理问题答卷评述.pdf,54A11CF48AE68C35804EF9F44320C3EA2CCBD828CFE8B8946DFDE07C2D87A75E,2,PARTIAL_SCAN,pdf-inspector classified the source as image_based; no frozen text/repair contract exists,none; manual contract review required,MANUAL_REQUIRED,1
CUMCM-1995-A-008,1995年数学建模国赛真题+优秀论文/1995年国赛优秀论文/1995A：空中防撞系统的设计.pdf,08E67D226D2780023FD8E24D091F081C68FA0DE68868691EAB08BA0D88BBC89F,2,PARTIAL_SCAN,pdf-inspector classified the source as image_based; no frozen text/repair contract exists,none; manual contract review required,MANUAL_REQUIRED,1
CUMCM-1995-B-001,1995年数学建模国赛真题+优秀论文/1995年国赛优秀论文/1995B：冶炼车间的最优调度模型的检验.pdf,E392B8D28A24EA3FE41FE8D9E5D5F58EA885AE122EE4DDC298FBF271984BB7AC,2,PARTIAL_SCAN,pdf-inspector classified the source as image_based; no frozen text/repair contract exists,none; manual contract review required,MANUAL_REQUIRED,1
CUMCM-1995-B-002,1995年数学建模国赛真题+优秀论文/1995年国赛优秀论文/1995B：天车作业调度的随机性分析.pdf,2866722CD8BF834B00BCDE12DB3F275BFC83E0F422B0768C727204F9D27A9EDB,3,PARTIAL_SCAN,pdf-inspector classified the source as image_based; no frozen text/repair contract exists,none; manual contract review required,MANUAL_REQUIRED,1
CUMCM-1995-B-003,1995年数学建模国赛真题+优秀论文/1995年国赛优秀论文/1995B：天车与冶炼炉的作业调度模型.pdf,73DFF2EFA876FA71BF6116B33EBB94D9A115B32D5ED1EC3DA84EC79EBE934D41,3,PARTIAL_SCAN,pdf-inspector classified the source as image_based; no frozen text/repair contract exists,none; manual contract review required,MANUAL_REQUIRED,1
CUMCM-1995-B-004,1995年数学建模国赛真题+优秀论文/1995年国赛优秀论文/1995B：天车冶炼炉作业调度的活动网络模型.pdf,2D121E84DE317B356CF918B5F3B5B33ABF3B89A7C648A2F340795E6DF1AD00DC,3,PARTIAL_SCAN,pdf-inspector classified the source as image_based; no frozen text/repair contract exists,none; manual contract review required,MANUAL_REQUIRED,1
CUMCM-1995-B-005,1995年数学建模国赛真题+优秀论文/1995年国赛优秀论文/1995B：天车与冶炼炉的作业调度.pdf,73A365948FC67E673777E6FB08B58EABA0B7335254967009DB16C015BA4B44F3,4,PARTIAL_SCAN,pdf-inspector classified the source as image_based; no frozen text/repair contract exists,none; manual contract review required,MANUAL_REQUIRED,1
CUMCM-1995-B-006,1995年数学建模国赛真题+优秀论文/1995年国赛优秀论文/1995B：天车与冶炼炉作业调度的Petri网模型.pdf,47A6681093219359A7A84FA71ADF6D6150493B3556133C106B634CB6F7B29C44,5,PARTIAL_SCAN,pdf-inspector classified the source as image_based; no frozen text/repair contract exists,none; manual contract review required,MANUAL_REQUIRED,1
CUMCM-1995-B-007,1995年数学建模国赛真题+优秀论文/1995年国赛优秀论文/1995B：天车与冶炼炉的操作模型.pdf,8FFF9C498A59EC5FDA676C2B71FE2193CF3C6D892186E589D847E85F9F2752BE,10,PARTIAL_SCAN,pdf-inspector classified the source as image_based; no frozen text/repair contract exists,none; manual contract review required,MANUAL_REQUIRED,1
CUMCM-1996-A-001,1996年数学建模国赛真题+优秀论文/1996年国赛优秀论文/1996A：持续高产捕鱼策略.pdf,B42F3B854FC08AEB3B4AC3B711E6299BE0E2097F280B7C4680DF685119439786,8,PARTIAL_SCAN,pdf-inspector classified the source as image_based; no frozen text/repair contract exists,none; manual contract review required,MANUAL_REQUIRED,1
CUMCM-1996-A-002,1996年数学建模国赛真题+优秀论文/1996年国赛优秀论文/1996A：最优捕鱼策略的设计.pdf,6F805577A835F96E739C0700C52008F4B788D8827B93E414FD6986BB4AF9566E,7,PARTIAL_SCAN,pdf-inspector classified the source as image_based; no frozen text/repair contract exists,none; manual contract review required,MANUAL_REQUIRED,1
CUMCM-1996-A-003,1996年数学建模国赛真题+优秀论文/1996年国赛优秀论文/1996A：最优捕鱼模型.pdf,158A530FEF7ED58BC95791D2CFF58F18D59698707D44775CE5C8FD87EA7EDC8B,4,PARTIAL_SCAN,pdf-inspector classified the source as image_based; no frozen text/repair contract exists,none; manual contract review required,MANUAL_REQUIRED,1
CUMCM-1996-A-004,1996年数学建模国赛真题+优秀论文/1996年国赛优秀论文/1996A：最优捕鱼策略.pdf,F8951880E2DB4B2D1BFAC0CFF6C502795695EAAA2389FEBC870D5D0401662064,4,PARTIAL_SCAN,pdf-inspector classified the source as image_based; no frozen text/repair contract exists,none; manual contract review required,MANUAL_REQUIRED,1
CUMCM-1996-A-005,1996年数学建模国赛真题+优秀论文/1996年国赛优秀论文/1996A：最优捕鱼策略模型.pdf,CFD5DF8C34BDEE1EDECEDC86F04A4441AE04C294EFC3FC8BEBCBD4F0CCF86B39,8,PARTIAL_SCAN,pdf-inspector classified the source as image_based; no frozen text/repair contract exists,none; manual contract review required,MANUAL_REQUIRED,1
CUMCM-1996-A-006,1996年数学建模国赛真题+优秀论文/1996年国赛优秀论文/1996A：最优捕鱼策略问题.pdf,473E0BCF96DBE6C460C8EAD73B66B6691E361BEBB504D08E94F02CCAE85ACDF3,6,PARTIAL_SCAN,pdf-inspector classified the source as image_based; no frozen text/repair contract exists,none; manual contract review required,MANUAL_REQUIRED,1
CUMCM-1996-A-007,1996年数学建模国赛真题+优秀论文/1996年国赛优秀论文/1996A：最优捕鱼策略问题答卷评述.pdf,2BD383B1BB38E93EC34C70DA8269EE0E7A883EEC93133823016B2E35DBEC6126,3,PARTIAL_SCAN,pdf-inspector classified the source as image_based; no frozen text/repair contract exists,none; manual contract review required,MANUAL_REQUIRED,1
CUMCM-1996-A-008,1996年数学建模国赛真题+优秀论文/1996年国赛优秀论文/1996A：最佳捕鱼策略的数学模型.pdf,0FDBCFDBD66735D7FCBAC1CF309657AAB2C37FDC914E0818F2508B4C53F93455,4,PARTIAL_SCAN,pdf-inspector classified the source as image_based; no frozen text/repair contract exists,none; manual contract review required,MANUAL_REQUIRED,1
CUMCM-1996-B-002,1996年数学建模国赛真题+优秀论文/1996年国赛优秀论文/1996B：关于洗衣机节水的数学模型.pdf,A37A5C69FF767B96A459EC678E826B750297662ACC5A3AB52C224A711AEE0BA3,5,PARTIAL_SCAN,pdf-inspector classified the source as image_based; no frozen text/repair contract exists,none; manual contract review required,MANUAL_REQUIRED,1
CUMCM-1996-B-004,1996年数学建模国赛真题+优秀论文/1996年国赛优秀论文/1996B：洗衣机的节水优化模型.pdf,907E9301526E62FC341CE96A0FA8832CF83824643CF528AACEE2EC4033E4A283,5,PARTIAL_SCAN,pdf-inspector classified the source as image_based; no frozen text/repair contract exists,none; manual contract review required,MANUAL_REQUIRED,1
CUMCM-1997-A-001,1997年数学建模国赛真题+优秀论文/1997年国赛优秀论文/1997A：零件的参数设计(2).pdf,EA2B6020DF610B497693CCBD4CC1010B13E928C2DE2C9A8E225B540700052FE1,4,PARTIAL_SCAN,pdf-inspector classified the source as image_based; no frozen text/repair contract exists,none; manual contract review required,MANUAL_REQUIRED,1
CUMCM-1997-A-002,1997年数学建模国赛真题+优秀论文/1997年国赛优秀论文/1997A：零件参数的优化设计.pdf,A1A6EC9F87ED4C00F03E091CD6B6069DBBE09F7B039ECB2A7223EE0D3F981265,5,PARTIAL_SCAN,pdf-inspector classified the source as image_based; no frozen text/repair contract exists,none; manual contract review required,MANUAL_REQUIRED,1
CUMCM-1997-A-003,1997年数学建模国赛真题+优秀论文/1997年国赛优秀论文/1997A：零件参数设计的动态规划模型.pdf,08D62E763685DA10EEF005E18AEF377C380FDEBA3642A61A623308D4EFD3891B,5,PARTIAL_SCAN,pdf-inspector classified the source as image_based; no frozen text/repair contract exists,none; manual contract review required,MANUAL_REQUIRED,1
CUMCM-1997-A-004,1997年数学建模国赛真题+优秀论文/1997年国赛优秀论文/1997A：零件的参数设计（4）.pdf,DDABD484517E29DC6185E04122B7473D4E1BD93905D8256E203FFD0F68846701,6,PARTIAL_SCAN,pdf-inspector classified the source as image_based; no frozen text/repair contract exists,none; manual contract review required,MANUAL_REQUIRED,1
CUMCM-1997-A-005,1997年数学建模国赛真题+优秀论文/1997年国赛优秀论文/1997A：零件的参数设计(3).pdf,C818B5A11DDDFF5E9DD8BCBF596074200C0B2B4AEDDBAA74F7E944CDD817DCC6,8,PARTIAL_SCAN,pdf-inspector classified the source as image_based; no frozen text/repair contract exists,none; manual contract review required,MANUAL_REQUIRED,1
CUMCM-1997-A-006,1997年数学建模国赛真题+优秀论文/1997年国赛优秀论文/1997A：零件参数设计的数学模型.pdf,B9EB0C4B3C538521059B09E2F8E3C3168D6756604CB13D529ED4EC6AD24AEBAD,4,PARTIAL_SCAN,pdf-inspector classified the source as image_based; no frozen text/repair contract exists,none; manual contract review required,MANUAL_REQUIRED,1
CUMCM-1997-A-007,1997年数学建模国赛真题+优秀论文/1997年国赛优秀论文/1997A：零件的参数设计模型和评述.pdf,E30950E3DBE8D11E91F0F2E7202206B9289D899EDB764D55AF5892FEE5A606F3,4,PARTIAL_SCAN,pdf-inspector classified the source as image_based; no frozen text/repair contract exists,none; manual contract review required,MANUAL_REQUIRED,1
CUMCM-1997-B-001,1997年数学建模国赛真题+优秀论文/1997年国赛优秀论文/1997B：截断切割中的最优排列问题.pdf,2793EE6AB8C7BCB22E969586CDFA8FA3F859F1B96775092C90372077188DA7F3,3,PARTIAL_SCAN,pdf-inspector classified the source as image_based; no frozen text/repair contract exists,none; manual contract review required,MANUAL_REQUIRED,1
CUMCM-1997-B-002,1997年数学建模国赛真题+优秀论文/1997年国赛优秀论文/1997B：最小费用切割策略.pdf,985A50D88845F35657775DBB7EAF5C68228D9A897EB136E8C73E010DAFE67062,6,PARTIAL_SCAN,pdf-inspector classified the source as image_based; no frozen text/repair contract exists,none; manual contract review required,MANUAL_REQUIRED,1
CUMCM-1997-B-003,1997年数学建模国赛真题+优秀论文/1997年国赛优秀论文/1997B：截断切割的最优方案.pdf,5CDCA98BAD18F0E2BE780A9FBF6B8E61D0B7566C2DE78949BD772CB89AA70413,6,PARTIAL_SCAN,pdf-inspector classified the source as image_based; no frozen text/repair contract exists,none; manual contract review required,MANUAL_REQUIRED,1
CUMCM-1997-B-005,1997年数学建模国赛真题+优秀论文/1997年国赛优秀论文/1997B：切割次序的优化.pdf,441AFF8DC36047D45A1DA16EA3AB42F45B25C7728049444CEF3479CA9DD790D7,5,PARTIAL_SCAN,pdf-inspector classified the source as image_based; no frozen text/repair contract exists,none; manual contract review required,MANUAL_REQUIRED,1
CUMCM-1997-B-006,1997年数学建模国赛真题+优秀论文/1997年国赛优秀论文/1997B：最优切割次序模型.pdf,BD6929A9EBF341C312D580736A7254D358909CFA1ABF93B8BCD80912E067F606,7,PARTIAL_SCAN,pdf-inspector classified the source as image_based; no frozen text/repair contract exists,none; manual contract review required,MANUAL_REQUIRED,1
CUMCM-1998-A-002,1998年数学建模国赛真题+优秀论文/1998年国赛优秀论文/1998A：资本市场的最佳投资组合.pdf,6C5D2FE4B42FEEE9FA3A8479355304469E5A450A9E296B335A253C265AA9A368,8,PARTIAL_SCAN,pdf-inspector classified the source as image_based; no frozen text/repair contract exists,none; manual contract review required,MANUAL_REQUIRED,1
CUMCM-1998-A-003,1998年数学建模国赛真题+优秀论文/1998年国赛优秀论文/1998A：风险投资分析.pdf,19DA6A21AD3A826D90A072E50FA5FB10605FF97F821011E073598D9FE9C4AA3A,6,PARTIAL_SCAN,pdf-inspector classified the source as image_based; no frozen text/repair contract exists,none; manual contract review required,MANUAL_REQUIRED,1
CUMCM-1998-A-004,1998年数学建模国赛真题+优秀论文/1998年国赛优秀论文/1998A：资产投资收益与风险模型.pdf,A2BA24A7F0415E57FBEC4C627742E09DD4A40BE2944B9A50ECE16405F2176FB3,6,PARTIAL_SCAN,pdf-inspector classified the source as image_based; no frozen text/repair contract exists,none; manual contract review required,MANUAL_REQUIRED,1
CUMCM-1998-A-006,1998年数学建模国赛真题+优秀论文/1998年国赛优秀论文/1998A：投资组合模型.pdf,4E6C60C02F9AC753A0E7E976C414065D9FFBE2CE250B99E83E925BA3FDC9577D,4,PARTIAL_SCAN,pdf-inspector classified the source as image_based; no frozen text/repair contract exists,none; manual contract review required,MANUAL_REQUIRED,1
CUMCM-1998-B-007,1998年数学建模国赛真题+优秀论文/1998年国赛优秀论文/1998B：多旅行商路线的几个问题.pdf,964628E2521276461DC5B878BE977AEAF63EE0350AFC6B302D9C3F19CEE0FF50,8,PARTIAL_SCAN,pdf-inspector classified the source as image_based; no frozen text/repair contract exists,none; manual contract review required,MANUAL_REQUIRED,1
CUMCM-2002-A-001,2002年数学建模国赛真题+优秀论文/2002年优秀论文/2002A：车灯线光源的优化设计 (2).pdf,72AC67588463BC409976DFB39ECAF2E66F0B4EF8BF327B7CF307141FC1A30374,12,PARTIAL_SCAN,pdf-inspector classified the source as image_based; no frozen text/repair contract exists,none; manual contract review required,MANUAL_REQUIRED,1
CUMCM-2002-A-006,2002年数学建模国赛真题+优秀论文/2002年优秀论文/2002A：车灯线光源的优化设计方案 (2).pdf,FA785AA6CF32805C7B7B309F9930D94EB203667EC25951D864B9CD46FDDCA5DA,10,PARTIAL_SCAN,pdf-inspector classified the source as image_based; no frozen text/repair contract exists,none; manual contract review required,MANUAL_REQUIRED,1
CUMCM-2002-A-007,2002年数学建模国赛真题+优秀论文/2002年优秀论文/2002A：车灯灯丝长度优化设计的数学模型和数值模拟 (2).pdf,D09BBED38D6265E10D2F479C10D3C7188BC0901C21D51A633107531842DEBCDC,6,PARTIAL_SCAN,pdf-inspector classified the source as image_based; no frozen text/repair contract exists,none; manual contract review required,MANUAL_REQUIRED,1
CUMCM-2002-A-010,2002年数学建模国赛真题+优秀论文/2002年优秀论文/2002A：关于_车灯线光源的优化设计_问题的光学思路.pdf,16DCD597E798C80E8E319B2B83D346F91C7EE0C24D99C49E486B2AF636DC017D,3,PARTIAL_SCAN,pdf-inspector classified the source as image_based; no frozen text/repair contract exists,none; manual contract review required,MANUAL_REQUIRED,1
CUMCM-2002-A-013,2002年数学建模国赛真题+优秀论文/2002年优秀论文/2002A：车灯光源优化问题的探讨 (2).pdf,389167157195A755373B350F162A186F0B13E33E122C770C079BB4EF40F5425E,7,PARTIAL_SCAN,pdf-inspector classified the source as image_based; no frozen text/repair contract exists,none; manual contract review required,MANUAL_REQUIRED,1
CUMCM-2002-A-014,2002年数学建模国赛真题+优秀论文/2002年优秀论文/2002A：车灯线光源的优化设计问题 (2).pdf,65B3EF4D427C379FCE2F7D42D2F97E14C8C98F05F7567511ACB4B47E89884DC7,9,PARTIAL_SCAN,pdf-inspector classified the source as image_based; no frozen text/repair contract exists,none; manual contract review required,MANUAL_REQUIRED,1
CUMCM-2002-A-015,2002年数学建模国赛真题+优秀论文/2002年优秀论文/2002A：车灯线光源的优化设计模型 (2).pdf,94A24F2364FFF56E6B7BDBB4DC0F4D73FC27EF9FDBAA70F8A5620D118D477740,9,PARTIAL_SCAN,pdf-inspector classified the source as image_based; no frozen text/repair contract exists,none; manual contract review required,MANUAL_REQUIRED,1
CUMCM-2003-A-001,2003年数学建模国赛真题+优秀论文/2003年优秀论文/2003A：SARS传播的数学原理及预测与控制 (2).pdf,10DC3713D196BF397E9DD4993CD968E15E0E86D9E3D3FC880920F45BE1447472,6,PARTIAL_SCAN,pdf-inspector classified the source as image_based; no frozen text/repair contract exists,none; manual contract review required,MANUAL_REQUIRED,1
CUMCM-2003-A-004,2003年数学建模国赛真题+优秀论文/2003年优秀论文/2003A：SARS传播预测的数学模型 (2).pdf,80C5D75887F0F1CDA338DEB01CA98B1DCD7D2BFE8E8FC6847F0627B6D645B071,10,PARTIAL_SCAN,pdf-inspector classified the source as image_based; no frozen text/repair contract exists,none; manual contract review required,MANUAL_REQUIRED,1
CUMCM-2003-A-009,2003年数学建模国赛真题+优秀论文/2003年优秀论文/2003A：考虑自愈的SARS的传播模型 (2).pdf,97B376ECFC098C8AC764B55366A4885C15613AC5550F774D84390466AE4D5F89,10,PARTIAL_SCAN,pdf-inspector classified the source as image_based; no frozen text/repair contract exists,none; manual contract review required,MANUAL_REQUIRED,1
CUMCM-2003-A-010,2003年数学建模国赛真题+优秀论文/2003年优秀论文/2003A：SARS传播的研究 (2).pdf,3BAC38062D1B5C4DC4B705D02DAE2318A9366CD537D86BD3FDCEE0439008EC11,10,PARTIAL_SCAN,pdf-inspector classified the source as image_based; no frozen text/repair contract exists,none; manual contract review required,MANUAL_REQUIRED,1
CUMCM-2003-B-002,2003年数学建模国赛真题+优秀论文/2003年优秀论文/2003B：露天矿生产车辆安排计划优化设计 (2).pdf,8DFA082AAF3A10212028F98609CEBE33923CA4110640B7F1F8EB62B41C682C14,8,PARTIAL_SCAN,pdf-inspector classified the source as image_based; no frozen text/repair contract exists,none; manual contract review required,MANUAL_REQUIRED,1
CUMCM-2003-B-004,2003年数学建模国赛真题+优秀论文/2003年优秀论文/2003B：露天矿生产的车辆安排A.pdf,A8EBEDCF3EA30F488DEBB3A5F2B4BB94FB3218C3A541B1FA375B5828B862C3F2,7,PARTIAL_SCAN,pdf-inspector classified the source as image_based; no frozen text/repair contract exists,none; manual contract review required,MANUAL_REQUIRED,1
CUMCM-2003-B-006,2003年数学建模国赛真题+优秀论文/2003年优秀论文/2003B：露天矿生产的车辆安排 (2).pdf,C74FDA2CAA006A8E7C1B6DAED017029A4E24032C9FEFE8F415A328FE44E38EAF,7,PARTIAL_SCAN,pdf-inspector classified the source as image_based; no frozen text/repair contract exists,none; manual contract review required,MANUAL_REQUIRED,1
CUMCM-2003-B-010,2003年数学建模国赛真题+优秀论文/2003年优秀论文/2003B：露天矿生产的车辆安排_的模型和评述.pdf,4C2BDD36CAF5191721BD10121A36AEAE8313668D0AD5E34186219BE422026101,10,PARTIAL_SCAN,pdf-inspector classified the source as image_based; no frozen text/repair contract exists,none; manual contract review required,MANUAL_REQUIRED,1
CUMCM-2003-B-011,2003年数学建模国赛真题+优秀论文/2003年优秀论文/2003B：露天矿生产的车辆安排B.pdf,FC6D6D5F62F5ED7FC676BE234FA904B617642FCA842586514F6A83DE6B0D4264,8,PARTIAL_SCAN,pdf-inspector classified the source as image_based; no frozen text/repair contract exists,none; manual contract review required,MANUAL_REQUIRED,1
CUMCM-2004-A-001,2004年数学建模国赛真题+优秀论文/2004优秀论文/2004A：奥运场馆中临时商业网点设计中的数学模型化方法.pdf,6F59C6F99C2E72BEF73A7409BE8FED8F6261D92FEDEFB1EEBE05E40979F4B328,5,PARTIAL_SCAN,pdf-inspector classified the source as image_based; no frozen text/repair contract exists,none; manual contract review required,MANUAL_REQUIRED,1
CUMCM-2004-A-002,2004年数学建模国赛真题+优秀论文/2004优秀论文/2004A：基于利润最大化的奥运商业网点分布微观经济模型.pdf,A9AFF4DFFDE81387E07556BB097E5A807D78414DF8FCDE889CBCEF7C5D70E83E,8,PARTIAL_SCAN,pdf-inspector classified the source as image_based; no frozen text/repair contract exists,none; manual contract review required,MANUAL_REQUIRED,1
CUMCM-2004-A-003,2004年数学建模国赛真题+优秀论文/2004优秀论文/2004A：奥运会网点的优化设计.pdf,900429B9FD46104E02940644A15ACC5D17F95D96B31C9620EA77983139DF6881,8,PARTIAL_SCAN,pdf-inspector classified the source as image_based; no frozen text/repair contract exists,none; manual contract review required,MANUAL_REQUIRED,1
CUMCM-2004-A-004,2004年数学建模国赛真题+优秀论文/2004优秀论文/2004A：临时超市网点的规划模型研究.pdf,23EAAE1C120532672ACAAFFED2109297F7E899E671730D969A959253F4239AC7,7,PARTIAL_SCAN,pdf-inspector classified the source as image_based; no frozen text/repair contract exists,none; manual contract review required,MANUAL_REQUIRED,1
CUMCM-2004-A-005,2004年数学建模国赛真题+优秀论文/2004优秀论文/2004A：MS网点的合理布局.pdf,D7E622D8FADDE8ED4435F6E61BCF2E2988BBC80CB93D4A8FEAE7130BC33F47FD,7,PARTIAL_SCAN,pdf-inspector classified the source as image_based; no frozen text/repair contract exists,none; manual contract review required,MANUAL_REQUIRED,1
CUMCM-2004-B-002,2004年数学建模国赛真题+优秀论文/2004优秀论文/2004B：电力市场的输电阻塞优化管理.pdf,7AE127E4764789ECB6255E742A98DD06E26B6E4BD7248466FDD02A6A52159C53,8,PARTIAL_SCAN,pdf-inspector classified the source as image_based; no frozen text/repair contract exists,none; manual contract review required,MANUAL_REQUIRED,1
CUMCM-2004-B-003,2004年数学建模国赛真题+优秀论文/2004优秀论文/2004B：电力市场输电阻塞管理模型-武汉大学.pdf,BECE9B82D971E3DA984BD797E837BDCEB3A4502673B2A5E53445D94602429C6E,14,PARTIAL_SCAN,pdf-inspector classified the source as image_based; no frozen text/repair contract exists,none; manual contract review required,MANUAL_REQUIRED,1
CUMCM-2004-B-004,2004年数学建模国赛真题+优秀论文/2004优秀论文/2004B：电力市场的输电阻塞管理.pdf,F36533A312B421683E0F464C8197614BFB3B431A45EE99A5CC72974B10322F8F,7,PARTIAL_SCAN,pdf-inspector classified the source as image_based; no frozen text/repair contract exists,none; manual contract review required,MANUAL_REQUIRED,1
CUMCM-2004-B-005,2004年数学建模国赛真题+优秀论文/2004优秀论文/2004B：电路模拟方法在数学建模中的应用.pdf,76B3F2C54167AC1F3A176F4771160B14FA1D7DE5013674031B08470EEBAAF598,6,PARTIAL_SCAN,pdf-inspector classified the source as image_based; no frozen text/repair contract exists,none; manual contract review required,MANUAL_REQUIRED,1
CUMCM-2004-B-006,2004年数学建模国赛真题+优秀论文/2004优秀论文/2004B：电力市场的输电阻塞管理(2).pdf,5103243EFC135FBE41CFDA832DF26DA7F595B9DA2F98909C251CEA2D0C442285,8,PARTIAL_SCAN,pdf-inspector classified the source as image_based; no frozen text/repair contract exists,none; manual contract review required,MANUAL_REQUIRED,1
CUMCM-2004-B-007,2004年数学建模国赛真题+优秀论文/2004优秀论文/2004B：电力市场输电阻塞管理模型.pdf,80C165D41813DD37BA50E4E7C172F4B9ED6FA162C0D2C5D885421E5B52209DDA,8,PARTIAL_SCAN,pdf-inspector classified the source as image_based; no frozen text/repair contract exists,none; manual contract review required,MANUAL_REQUIRED,1
CUMCM-2007-A-005,2007年数学建模国赛真题+优秀论文/2007年优秀论文/2007A：《人口增长预测模型》.pdf,2D6E63FAD46F69FD00DD01E91EBA4ABC3B3203FC8154EA592C5146D16228D294,8,PARTIAL_SCAN,pdf-inspector classified the source as image_based; no frozen text/repair contract exists,none; manual contract review required,MANUAL_REQUIRED,1
CUMCM-2007-A-008,2007年数学建模国赛真题+优秀论文/2007年优秀论文/2007A：《基于Leslie模型的中国人口预测及模特卡罗仿真》.pdf,9DDC88931DAF27937044205847D0E72BFF7046B442FF7373187BFFE7032C2CCC,8,PARTIAL_SCAN,pdf-inspector classified the source as image_based; no frozen text/repair contract exists,none; manual contract review required,MANUAL_REQUIRED,1
CUMCM-2007-A-009,2007年数学建模国赛真题+优秀论文/2007年优秀论文/2007A：《丁克现象与中国人口增长》.pdf,734EB84E3AF56149C10B81534920710EAB9AC263931AFB185314317C58EE33D8,7,PARTIAL_SCAN,pdf-inspector classified the source as image_based; no frozen text/repair contract exists,none; manual contract review required,MANUAL_REQUIRED,1
CUMCM-2007-A-012,2007年数学建模国赛真题+优秀论文/2007年优秀论文/2007A：《中国人口增长预测模型》.pdf,B476FFB33A709D5BE237485AE4D9D4508294FF4BB016BD777FF271A639019F42,10,PARTIAL_SCAN,pdf-inspector classified the source as image_based; no frozen text/repair contract exists,none; manual contract review required,MANUAL_REQUIRED,1
CUMCM-2007-A-015,2007年数学建模国赛真题+优秀论文/2007年优秀论文/2007A：《中国人口区域结构向量模型》.pdf,3DF1A059C2CDBD8FC6D7C4B7333D66AC16A1F452C7527B24B785618D2411497D,7,PARTIAL_SCAN,pdf-inspector classified the source as image_based; no frozen text/repair contract exists,none; manual contract review required,MANUAL_REQUIRED,1
CUMCM-2007-B-005,2007年数学建模国赛真题+优秀论文/2007年优秀论文/2007B：《最佳公交路线选择模型》.pdf,454AAD984BC9C490406B94E437CC1FE0FA3CBEFD4B09EF17B4EEC6C91F4B890B,9,PARTIAL_SCAN,pdf-inspector classified the source as image_based; no frozen text/repair contract exists,none; manual contract review required,MANUAL_REQUIRED,1
CUMCM-2007-B-007,2007年数学建模国赛真题+优秀论文/2007年优秀论文/2007B：《公交线路选择模型》.pdf,08766DF9D1752FB7B99A399AAE026EF7DAE6AD1C6523C3B9EB3FC761FC56D180,4,PARTIAL_SCAN,pdf-inspector classified the source as image_based; no frozen text/repair contract exists,none; manual contract review required,MANUAL_REQUIRED,1
CUMCM-2007-B-010,2007年数学建模国赛真题+优秀论文/2007年优秀论文/2007B：《最优公交线路选择》.pdf,32BE976B8094E5BDA8BB005BCB2EB20561DD017364CDCC56DA49D62A467917D3,7,PARTIAL_SCAN,pdf-inspector classified the source as image_based; no frozen text/repair contract exists,none; manual contract review required,MANUAL_REQUIRED,1
CUMCM-2007-C-001,2007年数学建模国赛真题+优秀论文/2007年优秀论文/2007C：《手机套餐评价模型》.pdf,D3CD78262D9103CAB930412FE9AB05F2359B3A7CA12F661ADF4854CB39AA181C,7,PARTIAL_SCAN,pdf-inspector classified the source as image_based; no frozen text/repair contract exists,none; manual contract review required,MANUAL_REQUIRED,1
CUMCM-2007-C-002,2007年数学建模国赛真题+优秀论文/2007年优秀论文/2007C：《手机套餐资费问题的评价与优化设计模型》.pdf,9E7C750F98C9CC2B2E6B98AAE3B5C60B637B3968B34AEF98D12D6FA74ADED657,7,PARTIAL_SCAN,pdf-inspector classified the source as image_based; no frozen text/repair contract exists,none; manual contract review required,MANUAL_REQUIRED,1
CUMCM-2007-C-003,2007年数学建模国赛真题+优秀论文/2007年优秀论文/2007C：《手机“套餐”优惠几何》.pdf,51EDA109051E851263C8B822DAD787C52304894582EBC131240EC9F61A804F6F,11,PARTIAL_SCAN,pdf-inspector classified the source as image_based; no frozen text/repair contract exists,none; manual contract review required,MANUAL_REQUIRED,1
CUMCM-2007-D-001,2007年数学建模国赛真题+优秀论文/2007年优秀论文/2007D：《体能测试时间安排》 (2).pdf,E8393E9EE254C5D460217EF068984FFB039E7EB41A868CE64E2C6E6C281CE24E,9,PARTIAL_SCAN,pdf-inspector classified the source as image_based; no frozen text/repair contract exists,none; manual contract review required,MANUAL_REQUIRED,1
CUMCM-2007-D-002,2007年数学建模国赛真题+优秀论文/2007年优秀论文/2007D：《体能测试时间安排》.pdf,E08A3E006E165657E5AFF8CD116D59042C76A000F0E0533AF7D6B6362C8D2B38,6,PARTIAL_SCAN,pdf-inspector classified the source as image_based; no frozen text/repair contract exists,none; manual contract review required,MANUAL_REQUIRED,1
CUMCM-2008-A-001,2008年数学建模国赛真题+优秀论文/2008年优秀论文/2008A：《数码相机定位》.pdf,63BB2ECB599BBDD888332E730798509519A7B48B82E20808BC0F664844A7E6DC,34,PARTIAL_SCAN,pdf-inspector classified the source as image_based; no frozen text/repair contract exists,none; manual contract review required,MANUAL_REQUIRED,1
CUMCM-2008-A-005,2008年数学建模国赛真题+优秀论文/2008年优秀论文/2008A：《具有仿射不变性的几何结构在相机定位中的应用》.pdf,1016FF53BAEAD58647F6A2EBFF3ABC2E57D8BA01167839FBD97993BB31098AC0,14,PARTIAL_SCAN,pdf-inspector classified the source as image_based; no frozen text/repair contract exists,none; manual contract review required,MANUAL_REQUIRED,1
CUMCM-2008-A-006,2008年数学建模国赛真题+优秀论文/2008年优秀论文/2008A：《透视投影中圆心投影定位和双目立体系统标定》.pdf,CA45C602C933CDD6FE99466DA03410B82E5B4AD708E5830B4A80C0FA84411EE7,11,PARTIAL_SCAN,pdf-inspector classified the source as image_based; no frozen text/repair contract exists,none; manual contract review required,MANUAL_REQUIRED,1
CUMCM-2009-C-001,2009年数学建模国赛真题+优秀论文/2009年优秀论文/2009C：卫星和飞船的跟踪测控 (2).pdf,DC2E5948119EBD38E43CBCAA23E9169D4C218EA34129F5A5A459875B71275C5F,17,PARTIAL_SCAN,pdf-inspector classified the source as image_based; no frozen text/repair contract exists,none; manual contract review required,MANUAL_REQUIRED,1
CUMCM-2009-C-002,2009年数学建模国赛真题+优秀论文/2009年优秀论文/2009C：飞船的跟踪测控模型.pdf,5A7232CA71D9A116DB318D5885593D9C3CA5C39F2072186D1FCCEB30F2D3389F,15,PARTIAL_SCAN,pdf-inspector classified the source as image_based; no frozen text/repair contract exists,none; manual contract review required,MANUAL_REQUIRED,1
CUMCM-2009-C-003,2009年数学建模国赛真题+优秀论文/2009年优秀论文/2009C：卫星和飞船的跟踪测控模型.pdf,DFF5FF5A382813FE9B15E55FC9B5F1756872B7D61F16378B576CE763EBE6D867,11,PARTIAL_SCAN,pdf-inspector classified the source as image_based; no frozen text/repair contract exists,none; manual contract review required,MANUAL_REQUIRED,1
CUMCM-2009-C-004,2009年数学建模国赛真题+优秀论文/2009年优秀论文/2009C：卫星和飞船的跟踪测控.pdf,3D1D1C7DD22CE32C427C9D8446F36CDB9791113C8B8EC7B3C9CE847A17DAB09B,18,PARTIAL_SCAN,pdf-inspector classified the source as image_based; no frozen text/repair contract exists,none; manual contract review required,MANUAL_REQUIRED,1
CUMCM-2009-C-006,2009年数学建模国赛真题+优秀论文/2009年优秀论文/2009C：关于对卫星和飞船跟踪的测控站分布.pdf,131F802F64C637B3D37223019BD313BE2764F5A7C74FB5D57B8F4E92F4FBEFAC,15,PARTIAL_SCAN,pdf-inspector classified the source as image_based; no frozen text/repair contract exists,none; manual contract review required,MANUAL_REQUIRED,1
CUMCM-2009-D-002,2009年数学建模国赛真题+优秀论文/2009年优秀论文/2009D：会议筹备的优化方案.pdf,07902D575163C83148DBBE3C4066F249F401945AADDC9B6E8D1FD1AEC52A89D5,16,PARTIAL_SCAN,pdf-inspector classified the source as image_based; no frozen text/repair contract exists,none; manual contract review required,MANUAL_REQUIRED,1
CUMCM-2009-D-003,2009年数学建模国赛真题+优秀论文/2009年优秀论文/2009D：会议筹备优化模型.pdf,7B84C9546D60DB3AA68EDD490B7A5EA3F133C3252063338E7CC541BFF4434F57,18,PARTIAL_SCAN,pdf-inspector classified the source as image_based; no frozen text/repair contract exists,none; manual contract review required,MANUAL_REQUIRED,1
CUMCM-2009-D-004,2009年数学建模国赛真题+优秀论文/2009年优秀论文/2009D：会议筹备优化方案.pdf,2D6D5EDB040BAA995C172E3CEBF7CA2DE80C8C8E12B9CB3646BF68ED674AE864,15,PARTIAL_SCAN,pdf-inspector classified the source as image_based; no frozen text/repair contract exists,none; manual contract review required,MANUAL_REQUIRED,1
CUMCM-2009-D-005,2009年数学建模国赛真题+优秀论文/2009年优秀论文/2009D：会议筹备方案的优化设计模型.pdf,CDAD73C32B35B9553C785FF7D0B3179CBCFD545A584B24A43A85916D0FC86EF5,21,PARTIAL_SCAN,pdf-inspector classified the source as image_based; no frozen text/repair contract exists,none; manual contract review required,MANUAL_REQUIRED,1
CUMCM-2010-A-001,2010年数学建模国赛真题+优秀论文/2010年优秀论文/2010A：储油罐的变位识别与罐容表标定.pdf,82D81045ACEC41137B7306AD1AF0ACD0AFF2948811DDC58A8E8F31CAA0A15649,25,PARTIAL_SCAN,pdf-inspector classified the source as image_based; no frozen text/repair contract exists,none; manual contract review required,MANUAL_REQUIRED,1
CUMCM-2010-A-005,2010年数学建模国赛真题+优秀论文/2010年优秀论文/2010A：储油罐的变位识别与罐容表标定 (2).pdf,69A3DE2F892D270E60065E24D46CC2BA9ED432F31B854B576D5B67CFFCA515BD,37,PARTIAL_SCAN,pdf-inspector classified the source as image_based; no frozen text/repair contract exists,none; manual contract review required,MANUAL_REQUIRED,1
CUMCM-2010-A-006,2010年数学建模国赛真题+优秀论文/2010年优秀论文/2010A：基于数学建模的储油罐变形监测研究.pdf,0D7703872C94FE411CC0B15C5419C315668235DD5F98A89B1208DF173837C754,100,PARTIAL_SCAN,pdf-inspector classified the source as image_based; no frozen text/repair contract exists,none; manual contract review required,MANUAL_REQUIRED,1
CUMCM-2010-B-001,2010年数学建模国赛真题+优秀论文/2010年优秀论文/2010B：上海世博会影响力的定量评估.pdf,EA8FA7E23CEEED8B511B42AAFAFBCFB776DD898B94D5F72A96847DF72C9F640F,29,PARTIAL_SCAN,pdf-inspector classified the source as image_based; no frozen text/repair contract exists,none; manual contract review required,MANUAL_REQUIRED,1
CUMCM-2010-C-003,2010年数学建模国赛真题+优秀论文/2010年优秀论文/2010C：输油管的布置模型.pdf,BB1CA966067BE510818951154583938E49F920C879AA96296D67671141F9F97F,20,PARTIAL_SCAN,pdf-inspector classified the source as image_based; no frozen text/repair contract exists,none; manual contract review required,MANUAL_REQUIRED,1
CUMCM-2010-D-001,2010年数学建模国赛真题+优秀论文/2010年优秀论文/2010D：对学生宿舍设计方案的评价（1）.pdf,ACEA7FB67881A12CBE502C6A0AD6F84ECB59BD6A7FDCBF0051B35C4AC67E5173,10,PARTIAL_SCAN,pdf-inspector classified the source as image_based; no frozen text/repair contract exists,none; manual contract review required,MANUAL_REQUIRED,1
CUMCM-2019-A-002,2019年数学建模国赛真题+优秀论文/2019年优秀论文/2019A：高压油管的压强控制.pdf,805217EE3A78EDFF4799F1DE969E4C05FAECEDEBBEC807AFBADB03265C1273FD,40,PARTIAL_SCAN,pdf-inspector classified the source as image_based; no frozen text/repair contract exists,none; manual contract review required,MANUAL_REQUIRED,1
CUMCM-2019-A-003,2019年数学建模国赛真题+优秀论文/2019年优秀论文/2019A：基于数值模拟的高压油管压力控制模型.pdf,DC2FACD0CFD35E1AD71B0F18213C51CD8DE9FAD06430FB1CB2EFEC6A3BC77167,42,PARTIAL_SCAN,pdf-inspector classified the source as image_based; no frozen text/repair contract exists,none; manual contract review required,MANUAL_REQUIRED,1
CUMCM-2019-A-004,2019年数学建模国赛真题+优秀论文/2019年优秀论文/2019A：高压油管压力波动的稳定控制.pdf,4C2C4E7772ADDC4FBC9D153F263B82622CFEFA28619F6537FB6C5EEC1979DA50,24,PARTIAL_SCAN,pdf-inspector classified the source as image_based; no frozen text/repair contract exists,none; manual contract review required,MANUAL_REQUIRED,1
CUMCM-2019-B-001,2019年数学建模国赛真题+优秀论文/2019年优秀论文/2019B：同心鼓最佳协作策略的研究.pdf,546270B8EE62C744D1870D85717F9E0BCC13A5D5B38B282A918570A0D1669B19,35,PARTIAL_SCAN,pdf-inspector classified the source as image_based; no frozen text/repair contract exists,none; manual contract review required,MANUAL_REQUIRED,1
CUMCM-2019-B-002,2019年数学建模国赛真题+优秀论文/2019年优秀论文/2019B：同心鼓“同心协力”策略探究.pdf,4BB37C13F389734798A3AB8ABB96CBDA37473B9B4E2C1CC9A720A68474617B81,27,PARTIAL_SCAN,pdf-inspector classified the source as image_based; no frozen text/repair contract exists,none; manual contract review required,MANUAL_REQUIRED,1
CUMCM-2019-B-004,2019年数学建模国赛真题+优秀论文/2019年优秀论文/2019B：同心鼓运动模型的理论分析与策略研究.pdf,FDECE372D16A207FA7C4B3BD6DF08A459FF8F2BA9552DF4CA9AEDCC02D826E30,32,PARTIAL_SCAN,pdf-inspector classified the source as image_based; no frozen text/repair contract exists,none; manual contract review required,MANUAL_REQUIRED,1
CUMCM-2019-C-001,2019年数学建模国赛真题+优秀论文/2019年优秀论文/2019C：机场的出租车问题.pdf,630C0988F179CEAD02A118B48FAB5223A2C78B87E15DA3C8B0533FFFDC664C09,39,PARTIAL_SCAN,pdf-inspector classified the source as image_based; no frozen text/repair contract exists,none; manual contract review required,MANUAL_REQUIRED,1
CUMCM-2019-C-002,2019年数学建模国赛真题+优秀论文/2019年优秀论文/2019C：基于系统模拟的机场出租车决策与安排模型.pdf,8BB01EB671898A5687EAC0058A5AE118F7459950957DEC859011961F93595456,39,PARTIAL_SCAN,pdf-inspector classified the source as image_based; no frozen text/repair contract exists,none; manual contract review required,MANUAL_REQUIRED,1
CUMCM-2019-C-004,2019年数学建模国赛真题+优秀论文/2019年优秀论文/2019C：机场出租车司机综合决策及机场出租车管理模型.pdf,355FB07C5007B06EB0B6DAEC79244510C15F5C8B918F51808D6884B0DB13668F,30,PARTIAL_SCAN,pdf-inspector classified the source as image_based; no frozen text/repair contract exists,none; manual contract review required,MANUAL_REQUIRED,1
CUMCM-2019-E-001,2019年数学建模国赛真题+优秀论文/2019年优秀论文/2019E：薄利多销销售策略的模型研究分析.pdf,D8030B8C0D26B54DF5B6B285501ECB81CA9518817B85F28ED21C8E0B79E912BB,37,PARTIAL_SCAN,pdf-inspector classified the source as image_based; no frozen text/repair contract exists,none; manual contract review required,MANUAL_REQUIRED,1
CUMCM-2019-E-002,2019年数学建模国赛真题+优秀论文/2019年优秀论文/2019E：基于打折力度概念的“薄利多销”模型.pdf,7713C814FE742D1BFA4EE1CE0A466B74A09964F05FBAEC40C11504B50625E43A,23,PARTIAL_SCAN,pdf-inspector classified the source as image_based; no frozen text/repair contract exists,none; manual contract review required,MANUAL_REQUIRED,1
CUMCM-2019-E-004,2019年数学建模国赛真题+优秀论文/2019年优秀论文/2019E：“薄利多销”分析.pdf,6C4C3287FA48799B1A2DCC2AE38A384D99C58D599C3E4177DBD49929137B3576,20,PARTIAL_SCAN,pdf-inspector classified the source as image_based; no frozen text/repair contract exists,none; manual contract review required,MANUAL_REQUIRED,1
CUMCM-2020-A-001,2020年数学建模国赛真题+优秀论文/2020年优秀论文/2020A：回焊炉温曲线优化控制.pdf,260BF50A68449CDF33AE46F151E560165457AC07C4A624BEE0AD90CCA310E488,26,PARTIAL_SCAN,pdf-inspector classified the source as image_based; no frozen text/repair contract exists,none; manual contract review required,MANUAL_REQUIRED,1
CUMCM-2020-A-002,2020年数学建模国赛真题+优秀论文/2020年优秀论文/2020A：基于维热传导方程的炉温曲线机理模型研究.pdf,AEF1A183FFC67E15112E6CB048F9327B3D0826D8A64648A3EB27171403B43452,89,PARTIAL_SCAN,pdf-inspector classified the source as image_based; no frozen text/repair contract exists,none; manual contract review required,MANUAL_REQUIRED,1
CUMCM-2020-A-004,2020年数学建模国赛真题+优秀论文/2020年优秀论文/2020A：基于一维热传导方程的回焊炉炉温模型.pdf,3D4DDDE5771A1316DE38955BC4F8112D2A6102E928298FD6E7B18DA456CD9972,42,PARTIAL_SCAN,pdf-inspector classified the source as image_based; no frozen text/repair contract exists,none; manual contract review required,MANUAL_REQUIRED,1
CUMCM-2020-B-001,2020年数学建模国赛真题+优秀论文/2020年优秀论文/2020B：穿越沙漠游戏中的玩家行为决策问题.pdf,473E11B268CDD133D9DD439719B055171C840360635C747C0F2759D5D7F9D678,39,PARTIAL_SCAN,pdf-inspector classified the source as image_based; no frozen text/repair contract exists,none; manual contract review required,MANUAL_REQUIRED,1
CUMCM-2020-B-002,2020年数学建模国赛真题+优秀论文/2020年优秀论文/2020B：基于动态规划、统计分析、静态博弈的穿越沙漠游戏策咯设计.pdf,26781A9C92E48A6FD495960C27AEB6E66B1C0A2A89DB7F07BD6C0362A68E6A9E,104,PARTIAL_SCAN,pdf-inspector classified the source as image_based; no frozen text/repair contract exists,none; manual contract review required,MANUAL_REQUIRED,1
CUMCM-2020-B-004,2020年数学建模国赛真题+优秀论文/2020年优秀论文/2020B：穿越沙漠游戏下玩家的最优策略模型.pdf,15D8BBCDC619EDFC18DADD681AA8349DCC56F19344370E3B2DEBE30EDCD7A04B,34,PARTIAL_SCAN,pdf-inspector classified the source as image_based; no frozen text/repair contract exists,none; manual contract review required,MANUAL_REQUIRED,1
CUMCM-2020-B-005,2020年数学建模国赛真题+优秀论文/2020年优秀论文/2020B：穿越沙漠游戏最佳策略模型的研究与构建.pdf,40E583E4703CA3203D3D7DF7EC81BF0F38255507BB59F5D05BFB1B17D2313D2C,50,PARTIAL_SCAN,pdf-inspector classified the source as image_based; no frozen text/repair contract exists,none; manual contract review required,MANUAL_REQUIRED,1
CUMCM-2020-C-001,2020年数学建模国赛真题+优秀论文/2020年优秀论文/2020C：银行对中小微企业的信贷决策分析.pdf,C953C2E34D07E03C7F2EBBAC036E227969C4B73D4FF051EDFAB7A1A6267EE493,35,PARTIAL_SCAN,pdf-inspector classified the source as image_based; no frozen text/repair contract exists,none; manual contract review required,MANUAL_REQUIRED,1
CUMCM-2020-C-002,2020年数学建模国赛真题+优秀论文/2020年优秀论文/2020C：银行对中小微企业的信贷策略.pdf,6CAC74309590521133F181A0A8788E3CAFE6E58130DD5BCB72CD45CD7DFCD45C,45,PARTIAL_SCAN,pdf-inspector classified the source as image_based; no frozen text/repair contract exists,none; manual contract review required,MANUAL_REQUIRED,1
CUMCM-2020-C-003,2020年数学建模国赛真题+优秀论文/2020年优秀论文/2020C：针对中小微企业最优信贷决策研究.pdf,87A5D1DC04E3E45C17D13584B55DF4C5F45F3829C1904BBF2A75CCC28E36B61C,40,PARTIAL_SCAN,pdf-inspector classified the source as image_based; no frozen text/repair contract exists,none; manual contract review required,MANUAL_REQUIRED,1
CUMCM-2020-D-001,2020年数学建模国赛真题+优秀论文/2020年优秀论文/2020D：接触式轮廓仪校准问题.pdf,CF4B513786360241FB0A5272598EDB9A5CC95884A81864D28F99A4872D2D71D4,46,PARTIAL_SCAN,pdf-inspector classified the source as image_based; no frozen text/repair contract exists,none; manual contract review required,MANUAL_REQUIRED,1
CUMCM-2020-D-003,2020年数学建模国赛真题+优秀论文/2020年优秀论文/2020D：接触式轮廓仪的自动标注数学模型研究.pdf,F8167387022E46E54EA04C371F75ADCF587FFD4E72C300BEB3798588C3E826A9,135,PARTIAL_SCAN,pdf-inspector classified the source as image_based; no frozen text/repair contract exists,none; manual contract review required,MANUAL_REQUIRED,1
CUMCM-2020-D-004,2020年数学建模国赛真题+优秀论文/2020年优秀论文/2020D：基于梯度下降的决策树算法与非线性规划的信贷风险评估与信贷策略模型.pdf,BFB40F71E4E1376FE22E81E3BA77735046C7C8F0B37F3859E43AD90FA863EB30,77,PARTIAL_SCAN,pdf-inspector classified the source as image_based; no frozen text/repair contract exists,none; manual contract review required,MANUAL_REQUIRED,1
