batch_attempt_id,paper_id,sequence_number,status,error_code,primary_error_code,cleanup_error_code,source_gate_status,page_count,ocr_required,ocr_completed,body_quality_status,content_sanity_status,provenance_status,persistence_status,reused,started_at,finished_at
20260902T181812821882_f3ed3664,CUMCM-1992-A-004,1,PASS,,,,PASS,3,3,3,USABLE,PASS,PASS,REUSED,1,2026-09-02T18:18:13.298197+00:00,2026-09-02T18:18:13.400333+00:00
20260902T181812821882_f3ed3664,CUMCM-1993-B-002,2,PASS,,,,PASS,9,9,9,USABLE,PASS,PASS,REUSED,1,2026-09-02T18:18:13.414523+00:00,2026-09-02T18:18:13.474297+00:00
20260902T181812821882_f3ed3664,CUMCM-1993-B-003,3,PASS,,,,PASS,2,2,2,USABLE,PASS,PASS,REUSED,1,2026-09-02T18:18:13.488629+00:00,2026-09-02T18:18:13.519661+00:00
20260902T181812821882_f3ed3664,CUMCM-1995-A-001,4,PASS,,,,PASS,9,9,9,USABLE,PASS,PASS,REUSED,1,2026-09-02T18:18:13.534905+00:00,2026-09-02T18:18:13.603740+00:00
20260902T181812821882_f3ed3664,CUMCM-1995-A-002,5,PASS,,,,PASS,4,4,4,USABLE,PASS,PASS,REUSED,1,2026-09-02T18:18:13.619836+00:00,2026-09-02T18:18:13.652792+00:00
20260902T181812821882_f3ed3664,CUMCM-1995-A-003,6,PASS,,,,PASS,6,6,6,USABLE,PASS,PASS,REUSED,1,2026-09-02T18:18:13.668813+00:00,2026-09-02T18:18:13.710892+00:00
20260902T181812821882_f3ed3664,CUMCM-1995-A-004,7,PASS,,,,PASS,2,2,2,USABLE,PASS,PASS,REUSED,1,2026-09-02T18:18:13.727445+00:00,2026-09-02T18:18:13.760967+00:00
20260902T181812821882_f3ed3664,CUMCM-1995-A-005,8,PASS,,,,PASS,3,3,3,USABLE,PASS,PASS,REUSED,1,2026-09-02T18:18:13.775709+00:00,2026-09-02T18:18:13.809703+00:00
20260902T181812821882_f3ed3664,CUMCM-1995-A-006,9,PASS,,,,PASS,5,5,5,USABLE,PASS,PASS,REUSED,1,2026-09-02T18:18:13.825629+00:00,2026-09-02T18:18:13.875541+00:00
20260902T181812821882_f3ed3664,CUMCM-1995-A-007,10,PASS,,,,PASS,2,2,2,USABLE,PASS,PASS,REUSED,1,2026-09-02T18:18:13.889821+00:00,2026-09-02T18:18:13.916738+00:00
20260902T181812821882_f3ed3664,CUMCM-1995-A-008,11,PASS,,,,PASS,2,2,2,USABLE,PASS,PASS,REUSED,1,2026-09-02T18:18:13.932471+00:00,2026-09-02T18:18:13.957587+00:00
20260902T181812821882_f3ed3664,CUMCM-1995-B-001,12,PASS,,,,PASS,2,2,2,USABLE,PASS,PASS,REUSED,1,2026-09-02T18:18:13.971695+00:00,2026-09-02T18:18:14.004211+00:00
20260902T181812821882_f3ed3664,CUMCM-1995-B-002,13,PASS,,,,PASS,3,3,3,USABLE,PASS,PASS,REUSED,1,2026-09-02T18:18:14.020310+00:00,2026-09-02T18:18:14.050809+00:00
20260902T181812821882_f3ed3664,CUMCM-1995-B-003,14,PASS,,,,PASS,3,3,3,USABLE,PASS,PASS,REUSED,1,2026-09-02T18:18:14.064981+00:00,2026-09-02T18:18:14.087269+00:00
20260902T181812821882_f3ed3664,CUMCM-1995-B-004,15,PASS,,,,PASS,3,3,3,USABLE,PASS,PASS,REUSED,1,2026-09-02T18:18:14.101290+00:00,2026-09-02T18:18:14.124013+00:00
20260902T181812821882_f3ed3664,CUMCM-1995-B-005,16,PASS,,,,PASS,4,4,4,USABLE,PASS,PASS,REUSED,1,2026-09-02T18:18:14.138682+00:00,2026-09-02T18:18:14.171143+00:00
20260902T181812821882_f3ed3664,CUMCM-1995-B-006,17,PASS,,,,PASS,5,5,5,USABLE,PASS,PASS,REUSED,1,2026-09-02T18:18:14.186479+00:00,2026-09-02T18:18:14.235153+00:00
20260902T181812821882_f3ed3664,CUMCM-1995-B-007,18,PASS,,,,PASS,10,10,10,USABLE,PASS,PASS,REUSED,1,2026-09-02T18:18:14.252568+00:00,2026-09-02T18:18:14.332085+00:00
20260902T181812821882_f3ed3664,CUMCM-1996-A-001,19,PASS,,,,PASS,8,8,8,USABLE,PASS,PASS,REUSED,1,2026-09-02T18:18:14.351173+00:00,2026-09-02T18:18:14.426524+00:00
20260902T181812821882_f3ed3664,CUMCM-1996-A-002,20,PASS,,,,PASS,7,7,7,USABLE,PASS,PASS,REUSED,1,2026-09-02T18:18:14.443563+00:00,2026-09-02T18:18:14.506986+00:00
20260902T181812821882_f3ed3664,CUMCM-1996-A-003,21,PASS,,,,PASS,4,4,4,USABLE,PASS,PASS,REUSED,1,2026-09-02T18:18:14.522876+00:00,2026-09-02T18:18:14.554708+00:00
20260902T181812821882_f3ed3664,CUMCM-1996-A-004,22,PASS,,,,PASS,4,4,4,USABLE,PASS,PASS,REUSED,1,2026-09-02T18:18:14.570102+00:00,2026-09-02T18:18:14.605201+00:00
20260902T181812821882_f3ed3664,CUMCM-1996-A-005,23,PASS,,,,PASS,8,8,8,USABLE,PASS,PASS,REUSED,1,2026-09-02T18:18:14.619814+00:00,2026-09-02T18:18:14.677181+00:00
20260902T181812821882_f3ed3664,CUMCM-1996-A-006,24,PASS,,,,PASS,6,6,6,USABLE,PASS,PASS,REUSED,1,2026-09-02T18:18:14.691891+00:00,2026-09-02T18:18:14.730735+00:00
20260902T181812821882_f3ed3664,CUMCM-1996-A-007,25,PASS,,,,PASS,3,3,3,USABLE,PASS,PASS,REUSED,1,2026-09-02T18:18:14.746083+00:00,2026-09-02T18:18:14.782676+00:00
20260902T181812821882_f3ed3664,CUMCM-1996-A-008,26,PASS,,,,PASS,4,4,4,USABLE,PASS,PASS,REUSED,1,2026-09-02T18:18:14.798358+00:00,2026-09-02T18:18:14.838762+00:00
20260902T181812821882_f3ed3664,CUMCM-1996-B-002,27,PASS,,,,PASS,5,5,5,USABLE,PASS,PASS,REUSED,1,2026-09-02T18:18:14.853745+00:00,2026-09-02T18:18:14.892191+00:00
20260902T181812821882_f3ed3664,CUMCM-1996-B-004,28,PASS,,,,PASS,5,5,5,USABLE,PASS,PASS,REUSED,1,2026-09-02T18:18:14.909523+00:00,2026-09-02T18:18:14.960726+00:00
20260902T181812821882_f3ed3664,CUMCM-1997-A-001,29,PASS,,,,PASS,4,4,4,USABLE,PASS,PASS,REUSED,1,2026-09-02T18:18:14.974610+00:00,2026-09-02T18:18:15.010099+00:00
20260902T181812821882_f3ed3664,CUMCM-1997-A-002,30,PASS,,,,PASS,5,5,5,USABLE,PASS,PASS,REUSED,1,2026-09-02T18:18:15.025843+00:00,2026-09-02T18:18:15.077367+00:00
20260902T181812821882_f3ed3664,CUMCM-1997-A-003,31,PASS,,,,PASS,5,5,5,USABLE,PASS,PASS,REUSED,1,2026-09-02T18:18:15.093014+00:00,2026-09-02T18:18:15.140523+00:00
20260902T181812821882_f3ed3664,CUMCM-1997-A-004,32,PASS,,,,PASS,6,6,6,USABLE,PASS,PASS,REUSED,1,2026-09-02T18:18:15.157334+00:00,2026-09-02T18:18:15.205676+00:00
20260902T181812821882_f3ed3664,CUMCM-1997-A-005,33,PASS,,,,PASS,8,8,8,USABLE,PASS,PASS,REUSED,1,2026-09-02T18:18:15.220355+00:00,2026-09-02T18:18:15.276906+00:00
20260902T181812821882_f3ed3664,CUMCM-1997-A-006,34,PASS,,,,PASS,4,4,4,USABLE,PASS,PASS,REUSED,1,2026-09-02T18:18:15.292692+00:00,2026-09-02T18:18:15.330962+00:00
20260902T181812821882_f3ed3664,CUMCM-1997-A-007,35,PASS,,,,PASS,4,4,4,USABLE,PASS,PASS,REUSED,1,2026-09-02T18:18:15.345936+00:00,2026-09-02T18:18:15.389099+00:00
20260902T181812821882_f3ed3664,CUMCM-1997-B-001,36,PASS,,,,PASS,3,3,3,USABLE,PASS,PASS,REUSED,1,2026-09-02T18:18:15.405665+00:00,2026-09-02T18:18:15.439597+00:00
20260902T181812821882_f3ed3664,CUMCM-1997-B-002,37,PASS,,,,PASS,6,6,6,USABLE,PASS,PASS,REUSED,1,2026-09-02T18:18:15.455841+00:00,2026-09-02T18:18:15.506225+00:00
20260902T181812821882_f3ed3664,CUMCM-1997-B-003,38,PASS,,,,PASS,6,6,6,USABLE,PASS,PASS,REUSED,1,2026-09-02T18:18:15.522181+00:00,2026-09-02T18:18:15.592741+00:00
20260902T181812821882_f3ed3664,CUMCM-1997-B-005,39,PASS,,,,PASS,5,5,5,USABLE,PASS,PASS,REUSED,1,2026-09-02T18:18:15.612017+00:00,2026-09-02T18:18:15.672063+00:00
20260902T181812821882_f3ed3664,CUMCM-1997-B-006,40,PASS,,,,PASS,7,7,7,USABLE,PASS,PASS,REUSED,1,2026-09-02T18:18:15.691404+00:00,2026-09-02T18:18:15.747751+00:00
20260902T181812821882_f3ed3664,CUMCM-1998-A-002,41,PASS,,,,PASS,8,8,8,USABLE,PASS,PASS,REUSED,1,2026-09-02T18:18:15.765105+00:00,2026-09-02T18:18:15.827236+00:00
20260902T181812821882_f3ed3664,CUMCM-1998-A-003,42,PASS,,,,PASS,6,6,6,USABLE,PASS,PASS,REUSED,1,2026-09-02T18:18:15.842795+00:00,2026-09-02T18:18:15.897015+00:00
20260902T181812821882_f3ed3664,CUMCM-1998-A-004,43,PASS,,,,PASS,6,6,6,USABLE,PASS,PASS,REUSED,1,2026-09-02T18:18:15.911680+00:00,2026-09-02T18:18:15.965578+00:00
20260902T181812821882_f3ed3664,CUMCM-1998-A-006,44,PASS,,,,PASS,4,4,4,USABLE,PASS,PASS,REUSED,1,2026-09-02T18:18:15.984214+00:00,2026-09-02T18:18:16.015968+00:00
20260902T181812821882_f3ed3664,CUMCM-1998-B-007,45,PASS,,,,PASS,8,8,8,USABLE,PASS,PASS,REUSED,1,2026-09-02T18:18:16.032743+00:00,2026-09-02T18:18:16.096233+00:00
20260902T181812821882_f3ed3664,CUMCM-2002-A-001,46,PASS,,,,PASS,12,12,12,USABLE,PASS,PASS,REUSED,1,2026-09-02T18:18:16.113855+00:00,2026-09-02T18:18:16.197351+00:00
20260902T181812821882_f3ed3664,CUMCM-2002-A-006,47,PASS,,,,PASS,10,10,10,USABLE,PASS,PASS,REUSED,1,2026-09-02T18:18:16.213196+00:00,2026-09-02T18:18:16.274857+00:00
20260902T181812821882_f3ed3664,CUMCM-2002-A-007,48,PASS,,,,PASS,6,6,6,USABLE,PASS,PASS,REUSED,1,2026-09-02T18:18:16.291581+00:00,2026-09-02T18:18:16.339611+00:00
20260902T181812821882_f3ed3664,CUMCM-2002-A-010,49,PASS,,,,PASS,3,3,3,USABLE,PASS,PASS,REUSED,1,2026-09-02T18:18:16.355337+00:00,2026-09-02T18:18:16.390459+00:00
20260902T181812821882_f3ed3664,CUMCM-2002-A-013,50,PASS,,,,PASS,7,7,7,USABLE,PASS,PASS,REUSED,1,2026-09-02T18:18:16.406513+00:00,2026-09-02T18:18:16.463122+00:00
20260902T181812821882_f3ed3664,CUMCM-2002-A-014,51,PASS,,,,PASS,9,9,9,USABLE,PASS,PASS,REUSED,1,2026-09-02T18:18:16.479125+00:00,2026-09-02T18:18:16.544902+00:00
20260902T181812821882_f3ed3664,CUMCM-2002-A-015,52,PASS,,,,PASS,9,9,9,USABLE,PASS,PASS,REUSED,1,2026-09-02T18:18:16.561021+00:00,2026-09-02T18:18:16.620366+00:00
20260902T181812821882_f3ed3664,CUMCM-2003-A-001,53,PASS,,,,PASS,6,6,6,USABLE,PASS,PASS,REUSED,1,2026-09-02T18:18:16.638193+00:00,2026-09-02T18:18:16.693665+00:00
20260902T181812821882_f3ed3664,CUMCM-2003-A-004,54,PASS,,,,PASS,10,10,10,USABLE,PASS,PASS,REUSED,1,2026-09-02T18:18:16.712246+00:00,2026-09-02T18:18:16.790902+00:00
20260902T181812821882_f3ed3664,CUMCM-2003-A-009,55,PASS,,,,PASS,10,10,10,USABLE,PASS,PASS,REUSED,1,2026-09-02T18:18:16.808173+00:00,2026-09-02T18:18:16.892903+00:00
20260902T181812821882_f3ed3664,CUMCM-2003-A-010,56,PASS,,,,PASS,10,10,10,USABLE,PASS,PASS,REUSED,1,2026-09-02T18:18:16.911203+00:00,2026-09-02T18:18:16.970486+00:00
20260902T181812821882_f3ed3664,CUMCM-2003-B-002,57,PASS,,,,PASS,8,8,8,USABLE,PASS,PASS,REUSED,1,2026-09-02T18:18:16.987168+00:00,2026-09-02T18:18:17.044765+00:00
20260902T181812821882_f3ed3664,CUMCM-2003-B-004,58,PASS,,,,PASS,7,7,7,USABLE,PASS,PASS,REUSED,1,2026-09-02T18:18:17.061730+00:00,2026-09-02T18:18:17.107605+00:00
20260902T181812821882_f3ed3664,CUMCM-2003-B-006,59,PASS,,,,PASS,7,7,7,USABLE,PASS,PASS,REUSED,1,2026-09-02T18:18:17.123858+00:00,2026-09-02T18:18:17.166459+00:00
20260902T181812821882_f3ed3664,CUMCM-2003-B-010,60,PASS,,,,PASS,10,10,10,USABLE,PASS,PASS,REUSED,1,2026-09-02T18:18:17.182377+00:00,2026-09-02T18:18:17.254061+00:00
20260902T181812821882_f3ed3664,CUMCM-2003-B-011,61,PASS,,,,PASS,8,8,8,USABLE,PASS,PASS,REUSED,1,2026-09-02T18:18:17.269822+00:00,2026-09-02T18:18:17.331623+00:00
20260902T181812821882_f3ed3664,CUMCM-2004-A-001,62,PASS,,,,PASS,5,5,5,USABLE,PASS,PASS,REUSED,1,2026-09-02T18:18:17.347870+00:00,2026-09-02T18:18:17.394594+00:00
20260902T181812821882_f3ed3664,CUMCM-2004-A-002,63,PASS,,,,PASS,8,8,8,USABLE,PASS,PASS,REUSED,1,2026-09-02T18:18:17.413374+00:00,2026-09-02T18:18:17.479152+00:00
20260902T181812821882_f3ed3664,CUMCM-2004-A-003,64,PASS,,,,PASS,8,8,8,USABLE,PASS,PASS,REUSED,1,2026-09-02T18:18:17.495654+00:00,2026-09-02T18:18:17.537601+00:00
20260902T181812821882_f3ed3664,CUMCM-2004-A-004,65,PASS,,,,PASS,7,7,7,USABLE,PASS,PASS,REUSED,1,2026-09-02T18:18:17.554192+00:00,2026-09-02T18:18:17.600656+00:00
20260902T181812821882_f3ed3664,CUMCM-2004-A-005,66,PASS,,,,PASS,7,7,7,USABLE,PASS,PASS,REUSED,1,2026-09-02T18:18:17.617395+00:00,2026-09-02T18:18:17.677429+00:00
20260902T181812821882_f3ed3664,CUMCM-2004-B-002,67,PASS,,,,PASS,8,8,8,USABLE,PASS,PASS,REUSED,1,2026-09-02T18:18:17.694075+00:00,2026-09-02T18:18:17.757277+00:00
20260902T181812821882_f3ed3664,CUMCM-2004-B-003,68,PASS,,,,PASS,14,14,14,USABLE,PASS,PASS,REUSED,1,2026-09-02T18:18:17.774391+00:00,2026-09-02T18:18:17.856353+00:00
20260902T181812821882_f3ed3664,CUMCM-2004-B-004,69,PASS,,,,PASS,7,7,7,USABLE,PASS,PASS,REUSED,1,2026-09-02T18:18:17.873316+00:00,2026-09-02T18:18:17.926472+00:00
20260902T181812821882_f3ed3664,CUMCM-2004-B-005,70,PASS,,,,PASS,6,6,6,USABLE,PASS,PASS,REUSED,1,2026-09-02T18:18:17.946883+00:00,2026-09-02T18:18:18.002691+00:00
20260902T181812821882_f3ed3664,CUMCM-2004-B-006,71,PASS,,,,PASS,8,8,8,USABLE,PASS,PASS,REUSED,1,2026-09-02T18:18:18.021431+00:00,2026-09-02T18:18:18.079176+00:00
20260902T181812821882_f3ed3664,CUMCM-2004-B-007,72,PASS,,,,PASS,8,8,8,USABLE,PASS,PASS,REUSED,1,2026-09-02T18:18:18.100576+00:00,2026-09-02T18:18:18.176144+00:00
20260902T181812821882_f3ed3664,CUMCM-2007-A-005,73,PASS,,,,PASS,8,8,8,USABLE,PASS,PASS,REUSED,1,2026-09-02T18:18:18.198126+00:00,2026-09-02T18:18:18.260241+00:00
20260902T181812821882_f3ed3664,CUMCM-2007-A-008,74,PASS,,,,PASS,8,8,8,USABLE,PASS,PASS,REUSED,1,2026-09-02T18:18:18.280685+00:00,2026-09-02T18:18:18.342409+00:00
20260902T181812821882_f3ed3664,CUMCM-2007-A-009,75,PASS,,,,PASS,7,7,7,USABLE,PASS,PASS,REUSED,1,2026-09-02T18:18:18.358937+00:00,2026-09-02T18:18:18.406941+00:00
20260902T181812821882_f3ed3664,CUMCM-2007-A-012,76,PASS,,,,PASS,10,10,10,USABLE,PASS,PASS,REUSED,1,2026-09-02T18:18:18.423693+00:00,2026-09-02T18:18:18.487014+00:00
20260902T181812821882_f3ed3664,CUMCM-2007-A-015,77,PASS,,,,PASS,7,7,7,USABLE,PASS,PASS,REUSED,1,2026-09-02T18:18:18.504245+00:00,2026-09-02T18:18:18.549003+00:00
20260902T181812821882_f3ed3664,CUMCM-2007-B-005,78,PASS,,,,PASS,9,9,9,USABLE,PASS,PASS,REUSED,1,2026-09-02T18:18:18.567191+00:00,2026-09-02T18:18:18.622575+00:00
20260902T181812821882_f3ed3664,CUMCM-2007-B-007,79,PASS,,,,PASS,4,4,4,USABLE,PASS,PASS,REUSED,1,2026-09-02T18:18:18.640216+00:00,2026-09-02T18:18:18.674565+00:00
20260902T181812821882_f3ed3664,CUMCM-2007-B-010,80,PASS,,,,PASS,7,7,7,USABLE,PASS,PASS,REUSED,1,2026-09-02T18:18:18.693337+00:00,2026-09-02T18:18:18.743324+00:00
20260902T181812821882_f3ed3664,CUMCM-2007-C-001,81,PASS,,,,PASS,7,7,7,USABLE,PASS,PASS,REUSED,1,2026-09-02T18:18:18.760840+00:00,2026-09-02T18:18:18.812015+00:00
20260902T181812821882_f3ed3664,CUMCM-2007-C-002,82,PASS,,,,PASS,7,7,7,USABLE,PASS,PASS,REUSED,1,2026-09-02T18:18:18.829454+00:00,2026-09-02T18:18:18.875309+00:00
20260902T181812821882_f3ed3664,CUMCM-2007-C-003,83,PASS,,,,PASS,11,11,11,USABLE,PASS,PASS,REUSED,1,2026-09-02T18:18:18.892625+00:00,2026-09-02T18:18:18.952929+00:00
20260902T181812821882_f3ed3664,CUMCM-2007-D-001,84,PASS,,,,PASS,9,9,9,USABLE,PASS,PASS,REUSED,1,2026-09-02T18:18:18.971104+00:00,2026-09-02T18:18:19.033929+00:00
20260902T181812821882_f3ed3664,CUMCM-2007-D-002,85,PASS,,,,PASS,6,6,6,USABLE,PASS,PASS,REUSED,1,2026-09-02T18:18:19.052913+00:00,2026-09-02T18:18:19.095110+00:00
20260902T181812821882_f3ed3664,CUMCM-2008-A-001,86,PASS,,,,PASS,34,34,34,USABLE,PASS,PASS,REUSED,1,2026-09-02T18:18:19.111800+00:00,2026-09-02T18:18:19.299950+00:00
20260902T181812821882_f3ed3664,CUMCM-2008-A-005,87,PASS,,,,PASS,14,14,14,USABLE,PASS,PASS,REUSED,1,2026-09-02T18:18:19.322822+00:00,2026-09-02T18:18:19.428125+00:00
20260902T181812821882_f3ed3664,CUMCM-2008-A-006,88,PASS,,,,PASS,11,11,11,USABLE,PASS,PASS,REUSED,1,2026-09-02T18:18:19.452092+00:00,2026-09-02T18:18:19.526804+00:00
20260902T181812821882_f3ed3664,CUMCM-2009-C-001,89,PASS,,,,PASS,17,17,17,USABLE,PASS,PASS,REUSED,1,2026-09-02T18:18:19.548683+00:00,2026-09-02T18:18:19.659171+00:00
20260902T181812821882_f3ed3664,CUMCM-2009-C-002,90,PASS,,,,PASS,15,15,15,USABLE,PASS,PASS,REUSED,1,2026-09-02T18:18:19.675302+00:00,2026-09-02T18:18:19.770421+00:00
20260902T181812821882_f3ed3664,CUMCM-2009-C-003,91,PASS,,,,PASS,11,11,11,USABLE,PASS,PASS,REUSED,1,2026-09-02T18:18:19.788123+00:00,2026-09-02T18:18:19.861269+00:00
20260902T181812821882_f3ed3664,CUMCM-2009-C-004,92,PASS,,,,PASS,18,18,18,USABLE,PASS,PASS,REUSED,1,2026-09-02T18:18:19.879358+00:00,2026-09-02T18:18:19.974099+00:00
20260902T181812821882_f3ed3664,CUMCM-2009-C-006,93,PASS,,,,PASS,15,15,15,USABLE,PASS,PASS,REUSED,1,2026-09-02T18:18:19.992038+00:00,2026-09-02T18:18:20.069367+00:00
20260902T181812821882_f3ed3664,CUMCM-2009-D-002,94,PASS,,,,PASS,16,16,16,USABLE,PASS,PASS,REUSED,1,2026-09-02T18:18:20.086837+00:00,2026-09-02T18:18:20.161041+00:00
20260902T181812821882_f3ed3664,CUMCM-2009-D-003,95,PASS,,,,PASS,18,18,18,USABLE,PASS,PASS,REUSED,1,2026-09-02T18:18:20.182258+00:00,2026-09-02T18:18:20.273167+00:00
20260902T181812821882_f3ed3664,CUMCM-2009-D-004,96,PASS,,,,PASS,15,15,15,USABLE,PASS,PASS,REUSED,1,2026-09-02T18:18:20.290757+00:00,2026-09-02T18:18:20.359040+00:00
20260902T181812821882_f3ed3664,CUMCM-2009-D-005,97,PASS,,,,PASS,21,21,21,USABLE,PASS,PASS,REUSED,1,2026-09-02T18:18:20.451664+00:00,2026-09-02T18:18:20.627309+00:00
20260902T181812821882_f3ed3664,CUMCM-2010-A-001,98,PASS,,,,PASS,25,25,25,USABLE,PASS,PASS,REUSED,1,2026-09-02T18:18:20.652723+00:00,2026-09-02T18:18:20.797516+00:00
20260902T181812821882_f3ed3664,CUMCM-2010-A-005,99,PASS,,,,PASS,37,36,36,USABLE,PASS,PASS,REUSED,1,2026-09-02T18:18:20.817669+00:00,2026-09-02T18:18:20.975418+00:00
20260902T181812821882_f3ed3664,CUMCM-2010-A-006,100,PASS,,,,PASS,100,73,73,USABLE,PASS,PASS,REUSED,1,2026-09-02T18:18:20.994991+00:00,2026-09-02T18:18:21.301450+00:00
20260902T181812821882_f3ed3664,CUMCM-2010-B-001,101,PASS,,,,PASS,29,27,27,USABLE,PASS,PASS,REUSED,1,2026-09-02T18:18:21.322015+00:00,2026-09-02T18:18:21.445722+00:00
20260902T181812821882_f3ed3664,CUMCM-2010-C-003,102,PASS,,,,PASS,20,20,20,USABLE,PASS,PASS,REUSED,1,2026-09-02T18:18:21.465763+00:00,2026-09-02T18:18:21.567052+00:00
20260902T181812821882_f3ed3664,CUMCM-2010-D-001,103,PASS,,,,PASS,10,10,10,USABLE,PASS,PASS,REUSED,1,2026-09-02T18:18:21.587668+00:00,2026-09-02T18:18:21.650416+00:00
20260902T181812821882_f3ed3664,CUMCM-2019-A-002,104,PASS,,,,PASS,40,40,40,USABLE,PASS,PASS,REUSED,1,2026-09-02T18:18:21.670314+00:00,2026-09-02T18:18:21.703404+00:00
20260902T181812821882_f3ed3664,CUMCM-2019-A-003,105,PASS,,,,PASS,42,42,42,USABLE,PASS,PASS,REUSED,1,2026-09-02T18:18:21.723082+00:00,2026-09-02T18:18:21.756900+00:00
20260902T181812821882_f3ed3664,CUMCM-2019-A-004,106,PASS,,,,PASS,24,24,24,USABLE,PASS,PASS,REUSED,1,2026-09-02T18:18:21.776749+00:00,2026-09-02T18:18:21.800835+00:00
20260902T181812821882_f3ed3664,CUMCM-2019-B-001,107,PASS,,,,PASS,35,35,35,USABLE,PASS,PASS,REUSED,1,2026-09-02T18:18:21.820005+00:00,2026-09-02T18:18:21.853328+00:00
20260902T181812821882_f3ed3664,CUMCM-2019-B-002,108,PASS,,,,PASS,27,27,27,USABLE,PASS,PASS,REUSED,1,2026-09-02T18:18:21.872840+00:00,2026-09-02T18:18:21.894630+00:00
20260902T181812821882_f3ed3664,CUMCM-2019-B-004,109,PASS,,,,PASS,32,32,32,USABLE,PASS,PASS,REUSED,1,2026-09-02T18:18:21.913867+00:00,2026-09-02T18:18:21.945118+00:00
20260902T181812821882_f3ed3664,CUMCM-2019-C-001,110,PASS,,,,PASS,39,39,39,USABLE,PASS,PASS,REUSED,1,2026-09-02T18:18:21.965355+00:00,2026-09-02T18:18:21.998345+00:00
20260902T181812821882_f3ed3664,CUMCM-2019-C-002,111,PASS,,,,PASS,39,39,39,USABLE,PASS,PASS,REUSED,1,2026-09-02T18:18:22.019364+00:00,2026-09-02T18:18:22.060267+00:00
20260902T181812821882_f3ed3664,CUMCM-2019-C-004,112,PASS,,,,PASS,30,30,30,USABLE,PASS,PASS,REUSED,1,2026-09-02T18:18:22.080874+00:00,2026-09-02T18:18:22.111160+00:00
20260902T181812821882_f3ed3664,CUMCM-2019-E-001,113,PASS,,,,PASS,37,37,37,USABLE,PASS,PASS,REUSED,1,2026-09-02T18:18:22.131761+00:00,2026-09-02T18:18:22.159599+00:00
20260902T181812821882_f3ed3664,CUMCM-2019-E-002,114,PASS,,,,PASS,23,23,23,USABLE,PASS,PASS,REUSED,1,2026-09-02T18:18:22.179852+00:00,2026-09-02T18:18:22.198738+00:00
20260902T181812821882_f3ed3664,CUMCM-2019-E-004,115,PASS,,,,PASS,20,20,20,USABLE,PASS,PASS,REUSED,1,2026-09-02T18:18:22.217372+00:00,2026-09-02T18:18:22.234753+00:00
20260902T181812821882_f3ed3664,CUMCM-2020-A-001,116,PASS,,,,PASS,26,26,26,USABLE,PASS,PASS,REUSED,1,2026-09-02T18:18:22.255216+00:00,2026-09-02T18:18:22.277496+00:00
20260902T181812821882_f3ed3664,CUMCM-2020-A-002,117,PASS,,,,PASS,89,89,89,USABLE,PASS,PASS,REUSED,1,2026-09-02T18:18:22.298996+00:00,2026-09-02T18:18:22.355717+00:00
20260902T181812821882_f3ed3664,CUMCM-2020-A-004,118,PASS,,,,PASS,42,42,42,USABLE,PASS,PASS,REUSED,1,2026-09-02T18:18:22.376155+00:00,2026-09-02T18:18:22.409660+00:00
20260902T181812821882_f3ed3664,CUMCM-2020-B-001,119,PASS,,,,PASS,39,39,39,USABLE,PASS,PASS,REUSED,1,2026-09-02T18:18:22.432429+00:00,2026-09-02T18:18:22.471248+00:00
20260902T181812821882_f3ed3664,CUMCM-2020-B-002,120,PASS,,,,PASS,104,104,104,USABLE,PASS,PASS,REUSED,1,2026-09-02T18:18:22.493406+00:00,2026-09-02T18:18:22.586568+00:00
20260902T181812821882_f3ed3664,CUMCM-2020-B-004,121,PASS,,,,PASS,34,34,34,USABLE,PASS,PASS,REUSED,1,2026-09-02T18:18:22.608758+00:00,2026-09-02T18:18:22.635105+00:00
20260902T181812821882_f3ed3664,CUMCM-2020-B-005,122,PASS,,,,PASS,50,50,50,USABLE,PASS,PASS,WRITTEN,0,2026-09-02T18:18:22.658501+00:00,2026-09-02T18:20:52.737870+00:00
20260902T181812821882_f3ed3664,CUMCM-2020-C-001,123,PASS,,,,PASS,35,35,35,USABLE,PASS,PASS,WRITTEN,0,2026-09-02T18:20:52.777781+00:00,2026-09-02T18:22:26.149063+00:00
20260902T181812821882_f3ed3664,CUMCM-2020-C-002,124,PASS,,,,PASS,45,45,45,USABLE,PASS,PASS,WRITTEN,0,2026-09-02T18:22:26.186807+00:00,2026-09-02T18:24:31.135270+00:00
20260902T181812821882_f3ed3664,CUMCM-2020-C-003,125,PASS,,,,PASS,40,40,40,USABLE,PASS,PASS,WRITTEN,0,2026-09-02T18:24:31.158752+00:00,2026-09-02T18:26:21.072608+00:00
20260902T181812821882_f3ed3664,CUMCM-2020-D-001,126,PASS,,,,PASS,46,46,46,USABLE,PASS,PASS,WRITTEN,0,2026-09-02T18:26:21.112198+00:00,2026-09-02T18:28:15.103192+00:00
20260902T181812821882_f3ed3664,CUMCM-2020-D-003,127,PASS,,,,PASS,135,135,135,USABLE,PASS,PASS,WRITTEN,0,2026-09-02T18:28:15.144969+00:00,2026-09-02T18:32:42.337359+00:00
20260902T181812821882_f3ed3664,CUMCM-2020-D-004,128,PASS,,,,PASS,77,77,77,USABLE,PASS,PASS,WRITTEN,0,2026-09-02T18:32:42.379230+00:00,2026-09-02T18:37:08.543373+00:00
