paper_id,change_type,expected,status,old_record_sha256,new_record_sha256,notes
CUMCM-1992-A-001,ADDED,1,EXPECTED,,CAF9323973E619A14E65BF898B282BA97B0F92EE0FEF00636AF4D65E7AE7A80B,new formal index creation
CUMCM-1992-A-002,ADDED,1,EXPECTED,,5EC53BB38B283C1044B7067311D806C73168B9C39D7C8C080D2DF72B12D2440B,new formal index creation
CUMCM-1992-A-003,ADDED,1,EXPECTED,,A56982B23E49ED48415107F9D052C9F4D2672C0ACD8DFD592640B5552C82C3E8,new formal index creation
CUMCM-1992-A-004,ADDED,1,EXPECTED,,29208DFCB84B01512C883E14E392EF7D35DB6D7A0965841ED87C7079FDF0276F,new formal index creation
CUMCM-1992-B-001,ADDED,1,EXPECTED,,756604BA91CE49D2AB9773360B8B5775A5117103A393D9476AAD6247D5338B9B,new formal index creation
CUMCM-1992-B-002,ADDED,1,EXPECTED,,FE58A396994A733522935D39D236E2963E9099E92D934853094AB773E945C1D2,new formal index creation
CUMCM-1993-B-001,ADDED,1,EXPECTED,,7C113DD46937076505FE3C797BEF014AB9C7461392259B54B38A084F0052A63B,new formal index creation
CUMCM-1993-B-002,ADDED,1,EXPECTED,,6E2C97D26BF796F5548C9A4E28C26503F9926A28D0AB3BABA7FD5AAF4D25B628,new formal index creation
CUMCM-1993-B-003,ADDED,1,EXPECTED,,0ED34566F584540C58F47D27BEE2C80507E9D2179D22B3EAF87E9C69CF619C62,new formal index creation
CUMCM-1995-A-001,ADDED,1,EXPECTED,,96135BA00BA8A3A74954E46C646537C5AEC2A6C568711119CECCC785DEC3AF8A,new formal index creation
CUMCM-1995-A-002,ADDED,1,EXPECTED,,C909C835CA4854C1AAB9DEE02F6DC1A77E6DCF6AD3838E3FD238B62B09CF51B0,new formal index creation
CUMCM-1995-A-003,ADDED,1,EXPECTED,,C06FEBE74CA5F9C039B6A751FE70BD0B74B733ADFA2DB1DD0DF0626430A437A1,new formal index creation
CUMCM-1995-A-004,ADDED,1,EXPECTED,,CE6CB4AE4AB6D3619EECE084C4E5D8A0E9BD6E75830F62B4EBC473C95C2EDC72,new formal index creation
CUMCM-1995-A-005,ADDED,1,EXPECTED,,914044021C927108CA61B2F8C1FBE2CCB52D9D475574C5431697840B9509DF90,new formal index creation
CUMCM-1995-A-006,ADDED,1,EXPECTED,,21DA6D317D1CD13B22E015452B2948D8F3F1BF9D23C02F87C1427082F8FED532,new formal index creation
CUMCM-1995-A-007,ADDED,1,EXPECTED,,02D355EAFD6BFFE55059F5034062242672B7EFB5EB8887D28DE249F8C8D20039,new formal index creation
CUMCM-1995-A-008,ADDED,1,EXPECTED,,2C9EF104AE293F3B0EB52E6942D75F87C873630DB228B470549B694DC32E08DE,new formal index creation
CUMCM-1995-B-001,ADDED,1,EXPECTED,,3518B9AEA61672CA1BF4AE3640B92D15EA4F8330099BC8CE384576E47F000133,new formal index creation
CUMCM-1995-B-002,ADDED,1,EXPECTED,,C90E7D7526476FB8A6048067F6540C91D425E6EF3AE465F7C2F4505C4E22593C,new formal index creation
CUMCM-1995-B-003,ADDED,1,EXPECTED,,A6E59393B6FE7712DB2F5A0B8D4044AA42A83F63382E5F66437280FBAED17906,new formal index creation
CUMCM-1995-B-004,ADDED,1,EXPECTED,,879BD60B80B8EC500330B1B0768EE217E1F7A1E8A7E80D5835B2973B7AC1500F,new formal index creation
CUMCM-1995-B-005,ADDED,1,EXPECTED,,AEEF9D033FF361CBE565A274A759E4CDB32AC11CED8BE9FCF40FE1398903A8C3,new formal index creation
CUMCM-1995-B-006,ADDED,1,EXPECTED,,3FA711F383C819A62241251A671E6614793093E2FF39B8095DD158EE597F8EE2,new formal index creation
CUMCM-1995-B-007,ADDED,1,EXPECTED,,B27A218F993B765D8C588FBEE5CD655DC43A18CCEC1A2F8E09EF9454CC39B6A1,new formal index creation
CUMCM-1996-A-001,ADDED,1,EXPECTED,,5652C0E480A4EB7E9B28BB8EFBF88F008483CEDAF8857A79DE2F657B445F7C4A,new formal index creation
CUMCM-1996-A-002,ADDED,1,EXPECTED,,71D24001997E7052AFCB2C92E51BA2BFE3B948686C097908C7DA293D725DF909,new formal index creation
CUMCM-1996-A-003,ADDED,1,EXPECTED,,0A8E243D6DE4E730942894D0615F3B40C8E0A38A07B43C4FE253C5AD73149B86,new formal index creation
CUMCM-1996-A-004,ADDED,1,EXPECTED,,8E1B8456D1486BEA2828F22871703A7C3D3A6AFD6DDE3AC2B43FD9CE2EE0ED29,new formal index creation
CUMCM-1996-A-005,ADDED,1,EXPECTED,,5DE477365CE9A0A0854EC57E9039128396068CAF9F8042EA3613036BE42A09BD,new formal index creation
CUMCM-1996-A-006,ADDED,1,EXPECTED,,969083FBDFCC7645D2E5EFC2E4AB668774CFEAF6B70B6467F714AD1D8C014B18,new formal index creation
CUMCM-1996-A-007,ADDED,1,EXPECTED,,AF5DDCFB257D1045F00B1D5F35E72A0DBA29F3FFCFD45BB4FD4C263CCFFCEF50,new formal index creation
CUMCM-1996-A-008,ADDED,1,EXPECTED,,547D0DB0C5BF1E63276E43F8BEDD2D06017F99E4D54FCC0A0EBB3858636BC8F3,new formal index creation
CUMCM-1996-B-001,ADDED,1,EXPECTED,,FA387596823FB8EE7E6E0CC6ED2C336E262E58D9FF93155A71D5A5F99EF39575,new formal index creation
CUMCM-1996-B-002,ADDED,1,EXPECTED,,C79A441AFE3B8EC36C8746B79B38D71D606530829CF88F8796C86BA517FDA4C9,new formal index creation
CUMCM-1996-B-003,ADDED,1,EXPECTED,,6A5610514E0CE5BF9AF72A3A449E799623A2C62EA36BC57D152364522F42AA1D,new formal index creation
CUMCM-1996-B-004,ADDED,1,EXPECTED,,AD3E4ECAD49EB24D9DC258FC13D1CCB3C8624651D5F0102B4878460255F1B98B,new formal index creation
CUMCM-1997-A-001,ADDED,1,EXPECTED,,02C87E47FA4B44ACEA9FB5EE9B4B9C19A96CC4A0A656693DCC0E2252F7DCF292,new formal index creation
CUMCM-1997-A-002,ADDED,1,EXPECTED,,A5A830EFD07AE02203AD8CB8DE77933C6D5EE26646002A729DA5FC752A584356,new formal index creation
CUMCM-1997-A-003,ADDED,1,EXPECTED,,AB8491760D8881ED77ECE64ADF127E1391BE67F444A6374ABBC65604B3D6AB00,new formal index creation
CUMCM-1997-A-004,ADDED,1,EXPECTED,,81EBCE9980A6D49A4A3B425558147AF54239195B885307011F889857CDF3385D,new formal index creation
CUMCM-1997-A-005,ADDED,1,EXPECTED,,B17C177C469F864533C7BB697AF313072BE893029AE7A9CDB82FD3CDDC10FAB5,new formal index creation
CUMCM-1997-A-006,ADDED,1,EXPECTED,,56E6D97DC61FC9364A1230DBF25DA95C65AEAC76610EA5B7085B3983237A4B92,new formal index creation
CUMCM-1997-A-007,ADDED,1,EXPECTED,,75F147E9C21A79CBB434336C58967267D1C0CF746345E7DA3D24ED3450762F5F,new formal index creation
CUMCM-1997-A-008,ADDED,1,EXPECTED,,B78336EEBAAF49C41870710C4C4DA7C66A8079F0423EA97CDF0D310FBB8B4AA3,new formal index creation
CUMCM-1997-A-009,ADDED,1,EXPECTED,,D7524253BEC0E2C296FAEF9B716C5144BA3DEF49C5A086119DDCFFF09E0AD67C,new formal index creation
CUMCM-1997-B-001,ADDED,1,EXPECTED,,4221EC5DFAD79195063B10357B63AD7AD7BC9DA040D471C8B80B4B75925562CF,new formal index creation
CUMCM-1997-B-002,ADDED,1,EXPECTED,,4FA518D46B1E3B1EE38ECC6F166A20712B5C975ECECF3FB791015FDD8CF207F4,new formal index creation
CUMCM-1997-B-003,ADDED,1,EXPECTED,,FE1799AE9DDCE8FB5572DC1574ACBC86E222584EA3C1FCAE36C2292D9C279F4C,new formal index creation
CUMCM-1997-B-004,ADDED,1,EXPECTED,,17254A4F0236079B4176B9500573622CAAFC737FD7A64875D33E1B9BA48DC5D9,new formal index creation
CUMCM-1997-B-005,ADDED,1,EXPECTED,,776F328BD9BB3F90F7BBEFE4CB2BCE60E6A4FCC5C3B4E9D1844CDBFB42581052,new formal index creation
CUMCM-1997-B-006,ADDED,1,EXPECTED,,112DFEFCCE1D109EAF4E1FA390475721A00B9BC0DD9744FF4267CCD0F5C5F0E8,new formal index creation
CUMCM-1997-B-007,ADDED,1,EXPECTED,,6761B11D2C1C5D3BE1F112F181498B19AB2CFD6A6FFB475DF97CCFA6B9837B6C,new formal index creation
CUMCM-1998-A-001,ADDED,1,EXPECTED,,D965126C9F0FC3434A911D9FB75E7E95EEB2C088B98952A6666BEA5645565A4A,new formal index creation
CUMCM-1998-A-002,ADDED,1,EXPECTED,,A999EAD72757749FC5D4C8A97799377FE7DF7F0EC1046AFE9CCA6A3F15EA8A22,new formal index creation
CUMCM-1998-A-003,ADDED,1,EXPECTED,,CF95B9CDBC5C58D90B67033D5DCE8FDE9EB919D50166CAE5739A2FE5F42AF520,new formal index creation
CUMCM-1998-A-004,ADDED,1,EXPECTED,,BC3BDAA3ADD9278B99648DDBE539BEFBE2098F6BF251742A419CEE8E4D769832,new formal index creation
CUMCM-1998-A-005,ADDED,1,EXPECTED,,62D1B5F1A061EF4E09196F8D36EEDA2B81CB7C17C4C227BE056E9B3C1BCE2B68,new formal index creation
CUMCM-1998-A-006,ADDED,1,EXPECTED,,5E1FD47B47E182211B5439CD0FDE01B37F098EC17A3365EB4320FB60DA39615E,new formal index creation
CUMCM-1998-A-007,ADDED,1,EXPECTED,,C13404F02543692EC95B0B5572D53674EB3561D0CFBD4B0218934296BF7FF539,new formal index creation
CUMCM-1998-A-008,ADDED,1,EXPECTED,,D28C31AE35235308A10E9D6C85E848325A3F51C97A4CB74349D4CE5D629399F6,new formal index creation
CUMCM-1998-B-001,ADDED,1,EXPECTED,,DCC5ACF63CA84216D82A0F02165D105AFF07433FFE1434CF04BBCFC39B550527,new formal index creation
CUMCM-1998-B-002,ADDED,1,EXPECTED,,36BC0676A25DAA9221376F4CBDE6F54ECDC5617036AE7D993CA0B5099089EFB3,new formal index creation
CUMCM-1998-B-003,ADDED,1,EXPECTED,,5FC901CA30101BE8BA7608ABF00D94B73E834C1C36757CF4550D20E2903F5187,new formal index creation
CUMCM-1998-B-004,ADDED,1,EXPECTED,,C828CDC7951CE7BB290A838536AEB17D141011E92D4F22535855DC3C17C84AC2,new formal index creation
CUMCM-1998-B-005,ADDED,1,EXPECTED,,689394BE4C93261F027957C54FF44CCE57C561DF2C43AD4E494BF0567C7E82B7,new formal index creation
CUMCM-1998-B-006,ADDED,1,EXPECTED,,624D49BFA0B05FB47A810D5EBD6947B0A286C336364D6CD60EF3A02A01E9A517,new formal index creation
CUMCM-1998-B-007,ADDED,1,EXPECTED,,67BB90B2BCC4A4325319E6A7A6E698764070A8FFF076618E8FA62F570171D28B,new formal index creation
CUMCM-1999-A-001,ADDED,1,EXPECTED,,7BD941ADFD6446F25D1456644F6BEE736C2D215E4F2664C7D8BBD9B4CD5706D0,new formal index creation
CUMCM-1999-A-002,ADDED,1,EXPECTED,,5C495340429FA6B1AD55B3C6493B2E07DEBE2398B8CF98522CE32E59B999E11F,new formal index creation
CUMCM-1999-A-003,ADDED,1,EXPECTED,,9BD404B450A949ABCC0AE301066A13E42703DEC88ADC94BAC220284928961F4C,new formal index creation
CUMCM-1999-A-004,ADDED,1,EXPECTED,,C2D88E253284714DE71D9D5D846FFE88002E76E34FED14190F6618D110A92252,new formal index creation
CUMCM-1999-A-005,ADDED,1,EXPECTED,,DDA29C8A130F7B194A127D4C3FD4922952F23B93175ABAF1B082403F5A3D5FB8,new formal index creation
CUMCM-1999-A-006,ADDED,1,EXPECTED,,17962DD3E95B6CA8F84ED4850A8411164297FB212DECA1D1FA72720D13585C3C,new formal index creation
CUMCM-1999-A-007,ADDED,1,EXPECTED,,FCEA6C74804D653AA1125156F5F72EC06F3FBDB65D6F8AF6B757896493B6B097,new formal index creation
CUMCM-1999-A-008,ADDED,1,EXPECTED,,F34E4B97DB450E2EC697CB43B24111B29C3B2CFFEA6A9967EC50613C404307BF,new formal index creation
CUMCM-1999-B-001,ADDED,1,EXPECTED,,E99B366F5C2ABAE65B0FB9B5998CFC3AB2526FFC1A72BD2838BD14ADBB96B69F,new formal index creation
CUMCM-1999-B-002,ADDED,1,EXPECTED,,D8F05EC7D8A76F9E52A27BFC78565063B25AE95E52766A15603C896BE698CB04,new formal index creation
CUMCM-1999-B-003,ADDED,1,EXPECTED,,35513797B5001932F7EECFED7F16CE8F1DA35ADC10295907F2B7C768246A24F7,new formal index creation
CUMCM-1999-B-004,ADDED,1,EXPECTED,,6801DEF5C2DE7F39AFBF39432A0E01536DC5964C223530899206BEEC477358D0,new formal index creation
CUMCM-1999-B-005,ADDED,1,EXPECTED,,F3AF90E151F7F9FCE99ACA93275E1A8637EBCEAEDFA078E96BD255762412EBD5,new formal index creation
CUMCM-1999-C-001,ADDED,1,EXPECTED,,09537CB5AE7B51E843035143938DDC592B8B012812CCFFB5FE0755EBBA36277E,new formal index creation
CUMCM-1999-C-002,ADDED,1,EXPECTED,,CAE3B34D8155CE3A6BCDB76F3CB1BF28748691EFA0BFBACCA93D4EBAEA2EC57C,new formal index creation
CUMCM-1999-C-003,ADDED,1,EXPECTED,,06D47C80151FEF7619C34CAA1BED242FFBD498A332BF4B2C2C1EDF2A314B0DB2,new formal index creation
CUMCM-2000-A-001,ADDED,1,EXPECTED,,3BD5BC6B624EDD4518DD52CB38F29C0FA27FC39E140CB4743296F7ED52CBD29D,new formal index creation
CUMCM-2000-A-002,ADDED,1,EXPECTED,,8F59E3BB8CFF8712AB3579278D7589A6086CDEB3CD2B6218B5204471B7B055FD,new formal index creation
CUMCM-2000-A-003,ADDED,1,EXPECTED,,950962CC72BBBCC0458B5EB16746E4EBEF17BF3EF85E86577F9AE083445EB528,new formal index creation
CUMCM-2000-A-004,ADDED,1,EXPECTED,,4DB9D338E99C62470FCEAC53E695F7A91549D641F9A17C9FAC432F0D48A96771,new formal index creation
CUMCM-2000-A-005,ADDED,1,EXPECTED,,86982818B1C72F2A1305C55F977370242545A330C0C0DEC0CD07518FF8AABA0F,new formal index creation
CUMCM-2000-A-006,ADDED,1,EXPECTED,,A85407CBA5E3C40843B6A1F826DC851E4FB42F17658BF0CD18E4D8A8A97E4534,new formal index creation
CUMCM-2000-B-001,ADDED,1,EXPECTED,,FA1BA627B5A2EA782ECB4AAB13E7F9D9DFE4D7EA894531AFA7B9E22F1C722E48,new formal index creation
CUMCM-2000-B-002,ADDED,1,EXPECTED,,D8D3FF33647621CFAA2320AE4C2CAF8D6BBDEC1D163D2F73D32494D1CC38C943,new formal index creation
CUMCM-2000-B-003,ADDED,1,EXPECTED,,E6C5AB49E83D714666CF1B09092146B4291D5F0586650229F4FED3BDAE0C9267,new formal index creation
CUMCM-2000-B-004,ADDED,1,EXPECTED,,19D0C8EF61009AC902DB7657C86F017D4E655C2F3C29B2D121FF0265D7EB1D43,new formal index creation
CUMCM-2000-B-005,ADDED,1,EXPECTED,,0C3D6F4EB3E39A71D4BF0050B0993406A1FB51660CC690630995F0D25C887254,new formal index creation
CUMCM-2000-B-006,ADDED,1,EXPECTED,,CBAA22FE915C0E3CF8DAA09D3200D7D4AF95748ADF69E6471DC176EDD620074A,new formal index creation
CUMCM-2000-B-007,ADDED,1,EXPECTED,,BE35A08601B07E7F3C125953D0A5408440CC2A8316E693C54CF236A7D6BD4E5A,new formal index creation
CUMCM-2000-B-008,ADDED,1,EXPECTED,,BAAC4F16DD6F0737EC417F26849DB6C931E8769A91534CE155EEA560C04384F4,new formal index creation
CUMCM-2000-C-001,ADDED,1,EXPECTED,,978630E97839DEAE5669F61628605D415D2B2D5128A41DC9F0FD1CA68B5985DD,new formal index creation
CUMCM-2000-C-002,ADDED,1,EXPECTED,,21D5A9BB85042A6B9555523D29B1E968BCE55E0EF29FCF84D3136A4CFEBDC9D7,new formal index creation
CUMCM-2000-C-003,ADDED,1,EXPECTED,,BCCD78EE4CFC7DA91829738BC5DCC7C4336BF1EC03891D4BB66F2D3DBDB687B3,new formal index creation
CUMCM-2000-C-004,ADDED,1,EXPECTED,,B7D541B802228E8FD8B49F0E907B1405CDDC2F8DF0CD91BE3EF0B2D08B58B979,new formal index creation
CUMCM-2000-D-001,ADDED,1,EXPECTED,,B42BB73D235CDD4DFD9335632ECF2BBC2B6D86B7FCFB4AA2216A1B97D464F4CD,new formal index creation
CUMCM-2000-D-002,ADDED,1,EXPECTED,,98FE0B7E50789AAA484EE8873A4EFFB4B060AD9D66EECF323CC3C1A4E79D5A65,new formal index creation
CUMCM-2000-D-003,ADDED,1,EXPECTED,,C63284F7281CA8942123C3264B197456B3B22BD523BFCDD1A5FC9006B0DE6797,new formal index creation
CUMCM-2001-A-001,ADDED,1,EXPECTED,,13F3CB1CFBD88D0DB5648E7DF827DA06425EB48ED78104B6862870454A3EB1A3,new formal index creation
CUMCM-2001-A-002,ADDED,1,EXPECTED,,52659FA83988A802B0A28B8B849DBCD64D80B1BB44D2C9DF1494D3F880511419,new formal index creation
CUMCM-2001-A-003,ADDED,1,EXPECTED,,9531B3A9E9C596039658EEEDB64FF1AC484C9C49C33997B0E622D3D71EE6A565,new formal index creation
CUMCM-2001-A-004,ADDED,1,EXPECTED,,1CCF1EAB81B029E8B811A0A8D042042EF984C739B13E49D5CAFB537B094A3CFC,new formal index creation
CUMCM-2001-A-005,ADDED,1,EXPECTED,,E9914A30789F86F1242751FF5D4B14FAEE1DC29FFE15F18BF971F85EB062B8E3,new formal index creation
CUMCM-2001-A-006,ADDED,1,EXPECTED,,406C577CCC22BF44C1DFCF452A1FD93EA19D55E15144F9A1FC0BC5FC918C080D,new formal index creation
CUMCM-2001-A-007,ADDED,1,EXPECTED,,D27A4CEADDC52CA0E293FFD497B1A53AE534BB65967DE14B5149DA459E442507,new formal index creation
CUMCM-2001-A-008,ADDED,1,EXPECTED,,29CDF8EAB5EBCCEF5A2AE0A720FB64C0A02369F0CC619064A9533E318FE3B67C,new formal index creation
CUMCM-2001-A-009,ADDED,1,EXPECTED,,F0849CE9393200CA48E7CCEF36643927F2046B652DA66415F59EC9A5CF06481E,new formal index creation
CUMCM-2001-A-010,ADDED,1,EXPECTED,,4108FDD386C8908A60214CD855AF2E0E64AAE842F15853E125E899D7D2156694,new formal index creation
CUMCM-2001-A-011,ADDED,1,EXPECTED,,E0BF46E9E0D72F13258BBB642E8CF2C8C43A81414D08BD53DE485F34A41848C9,new formal index creation
CUMCM-2001-A-012,ADDED,1,EXPECTED,,54070F340C580A3D52737EB2DF1B085FAA141050C467AFCEEB2DC9B66ED63A29,new formal index creation
CUMCM-2001-B-001,ADDED,1,EXPECTED,,8D0506401E3F7FD1A432E6E2693A8F2608DFD5D590CC5D132F53696F28B90821,new formal index creation
CUMCM-2001-B-002,ADDED,1,EXPECTED,,5347B0BE330B8078EFA3D7274DDCB5D55537CFD54BFD53810BD0AD6EE845297A,new formal index creation
CUMCM-2001-B-003,ADDED,1,EXPECTED,,2B39E5BD5E64010545A80B6396824909963FCE679CD4100A8461A0F7170A6D57,new formal index creation
CUMCM-2001-B-004,ADDED,1,EXPECTED,,09E1673FBBC594674F1472AE8451241F2FB3D8BFFE6DD10614CB61291B44FB82,new formal index creation
CUMCM-2001-B-005,ADDED,1,EXPECTED,,9FB79C1773D886FACF56626E4657A47CFC96A23433F0A766947710387770A43B,new formal index creation
CUMCM-2001-B-006,ADDED,1,EXPECTED,,39EC61ED75CCC42641313064C9768749859714A6CA2A261E3B92A57D5B49D37A,new formal index creation
CUMCM-2001-B-007,ADDED,1,EXPECTED,,6487570032198F9C4C5260969F4077A7246E6CFAA7CE4B9B6BA4A0AB21C8F54E,new formal index creation
CUMCM-2001-B-008,ADDED,1,EXPECTED,,194F637D90E2279932C3F7571F0029DBDEA3FE61EA805E7C895E3B1365BC63DC,new formal index creation
CUMCM-2001-C-001,ADDED,1,EXPECTED,,5A341571B36FD09C47ADC41DB838AFB61E3F2583933C4A5CA7BE53D4F307D05C,new formal index creation
CUMCM-2001-C-002,ADDED,1,EXPECTED,,88AECDFFD82AD23BDA046760CBB44129C5788A6EE4BD1DACC4A5F0ABF7106378,new formal index creation
CUMCM-2001-C-003,ADDED,1,EXPECTED,,40E56DA754AE4FEFDC0BE75F7DB8219CDF0ED26CD4E49A157B0B47A59167173E,new formal index creation
CUMCM-2002-A-001,ADDED,1,EXPECTED,,2FED3790FD33A74DC05C082E4C657E9666D91ECA4E3DF9ECB83BBB6DAEBDE51C,new formal index creation
CUMCM-2002-A-002,ADDED,1,EXPECTED,,946388E47169A4127862558CE620AA0E8512E99B95DCE44B83C63C62E0721E93,new formal index creation
CUMCM-2002-A-003,ADDED,1,EXPECTED,,3F1424C1FE3CEF679EDA3AC9852EF6EC1FE7E49FD5F23659389E2B5D460B21F2,new formal index creation
CUMCM-2002-A-004,ADDED,1,EXPECTED,,7676A9E4204940C1B77F3DFABB4006F32E0457222B387CFAD0E3E48F6F591751,new formal index creation
CUMCM-2002-A-005,ADDED,1,EXPECTED,,6991EF1A65E85C8379123338E6191C80B7C9E6512F9DA864EB72A9F3417712A8,new formal index creation
CUMCM-2002-A-006,ADDED,1,EXPECTED,,D69FACAB721D04526C759CBD413F864C63FBA37AF7C26455F93B90F079F88936,new formal index creation
CUMCM-2002-A-007,ADDED,1,EXPECTED,,4907F7A2C617A3A11DBDBE987A63644C9AF2537F9FFB2A1A4783522C741E77EA,new formal index creation
CUMCM-2002-A-008,ADDED,1,EXPECTED,,7204FDA29A3C1E36E9DDF6F90A762402CB8A832F2D1829A45FA9183CAFD35731,new formal index creation
CUMCM-2002-A-009,ADDED,1,EXPECTED,,C38E81F612CF060020FAA4A2044231F96E2DE6A46AC14BCAE95AD376C6DF4798,new formal index creation
CUMCM-2002-A-010,ADDED,1,EXPECTED,,44B836A4A078EECF8A95E42FB825A691C119F5E6BF290C69EC3DEF201E063C52,new formal index creation
CUMCM-2002-A-011,ADDED,1,EXPECTED,,7DAB21028C244B9C93ED33277D8AAA87A079F8FED8AC988BA9BB5D208FB33600,new formal index creation
CUMCM-2002-A-012,ADDED,1,EXPECTED,,EA551FB205EA21FA5DA804A9C4A53A18D395AD92C3FA65BF862936B7A3AE6ADE,new formal index creation
CUMCM-2002-A-013,ADDED,1,EXPECTED,,F06213BCB191DFC291048353418C08DAAFFA44A385C03072CC5DE68360DAAD7A,new formal index creation
CUMCM-2002-A-014,ADDED,1,EXPECTED,,5A3C2A6179C577B220AA9951D0206096A93B9CE36EFC0A2E43D05B4330FB7655,new formal index creation
CUMCM-2002-A-015,ADDED,1,EXPECTED,,61B85F0C017B1127F6D200583A0D0735028B123F771DDE45C4A4151B707B5EEF,new formal index creation
CUMCM-2002-B-001,ADDED,1,EXPECTED,,6E79FA377C520B6E01F652FC90D209316F0B1BF33A603F9F073EC54BCC044534,new formal index creation
CUMCM-2002-B-002,ADDED,1,EXPECTED,,0E033A4BF462623FEC2EE1D01ADD2BD5C7C509A8CB97745B04A6ADBADB94FD0D,new formal index creation
CUMCM-2002-B-003,ADDED,1,EXPECTED,,A6204722BD98A7006B2A8BA97F8C9B512069E927A3F3EE36891730EDE9297B58,new formal index creation
CUMCM-2002-B-004,ADDED,1,EXPECTED,,F70E6C49B80AEBAC207CF4F63E8369A71F9F1BDDDB2E9DEDD37036D5FB7925FA,new formal index creation
CUMCM-2002-B-005,ADDED,1,EXPECTED,,D2D084A7F0D6416F4003C1BE7ABD4A7F986BE0A8F3B5446CB338C7516001DF98,new formal index creation
CUMCM-2002-B-006,ADDED,1,EXPECTED,,6057085D54F888AA4088E47D1D54BC12B9AE1E0AC82828B5E79CC163EABB42C4,new formal index creation
CUMCM-2002-B-008,ADDED,1,EXPECTED,,DECD0FCEFF07E365398E9312F8A1B83AC4AD93BC0D9D1AC9CFB66B964D2B4B6F,new formal index creation
CUMCM-2002-B-009,ADDED,1,EXPECTED,,ED9563F4893EEDFE327D9728EDB18484DFDB0BA05E0EE279B040F1C24F8DA647,new formal index creation
CUMCM-2003-A-001,ADDED,1,EXPECTED,,CEA58523B04EC1AA9424B96D72698B71EA1CF58E9C5AF73A370EFACC5FEF3B8A,new formal index creation
CUMCM-2003-A-002,ADDED,1,EXPECTED,,39F5EE12EF77AC57FF3A9289AAFF4DA30328A7DD66CBFDA46EE898624D4956D4,new formal index creation
CUMCM-2003-A-003,ADDED,1,EXPECTED,,16F3257375F523727DB209FEFA6F576A54AD0E7FE7FAAB9667B6E355DF17C61D,new formal index creation
CUMCM-2003-A-004,ADDED,1,EXPECTED,,B09ECD7BA1EE8CAEA9A3DAE1DBE0663EDD1DFBA59CCB70BC7599D19B6FA07DB3,new formal index creation
CUMCM-2003-A-005,ADDED,1,EXPECTED,,07B77FC43D5121DC961D7C8494C1D3EAA119B95F4214E42AE6723E234DD8D2FC,new formal index creation
CUMCM-2003-A-006,ADDED,1,EXPECTED,,3193387A662FDFBB44BC079BE10FEF310C04DBF4C172CB2B11F734C09AC4FEFA,new formal index creation
CUMCM-2003-A-008,ADDED,1,EXPECTED,,F88469E626408B4624E0C99A6D7D359D0D77763DA2CAA1628C1C6142D03C8FC3,new formal index creation
CUMCM-2003-A-009,ADDED,1,EXPECTED,,EB548E087BE3D0C1DC2C4E3588629A5B5662D5959811C6EC76BE0E99BEE121EC,new formal index creation
CUMCM-2003-A-010,ADDED,1,EXPECTED,,0518D73D4488ADA3D97999241B7788A08B437FD733ECAC0D1A618B01BD4C9C11,new formal index creation
CUMCM-2003-B-001,ADDED,1,EXPECTED,,BE6396081A0CA54A8858C40921627C605932ABADBA23F156A1F3487ABEF2791E,new formal index creation
CUMCM-2003-B-002,ADDED,1,EXPECTED,,80162154205E4F9BC8D1428E1F461E0CF9F1146F8CBF69EDDE4C5E5DD6575D2C,new formal index creation
CUMCM-2003-B-004,ADDED,1,EXPECTED,,2F404A6D83E5243F326006BB97B8C8532BE19CB1DC91DF597D99C18A79D02F15,new formal index creation
CUMCM-2003-B-005,ADDED,1,EXPECTED,,8F5D5F558217AD49CE3BAC821A8F383696DD4D0FA6CD59CFC2972C24AF7736F7,new formal index creation
CUMCM-2003-B-006,ADDED,1,EXPECTED,,F89729C181ECEBA0B205134BF15234088BCE2CD127CF70452052D3AAA9262CE9,new formal index creation
CUMCM-2003-B-007,ADDED,1,EXPECTED,,82DB546F1398D11F4B1751204FFEB5FE39A5C1492C2B1B510B2AD48451EE3E98,new formal index creation
CUMCM-2003-B-008,ADDED,1,EXPECTED,,66F4901A3B8464A48359F30914293C71416FBF64A41E1A50B2A28B78E3967CAA,new formal index creation
CUMCM-2003-B-009,ADDED,1,EXPECTED,,A007288E6F9E84CC73C4185CBDCA71F794305B0EBE7A84B8915BB7182ED3E7F7,new formal index creation
CUMCM-2003-B-010,ADDED,1,EXPECTED,,B646E04822EF07E3F4ED967F7717E639BC9057E0DACDDE6FD4445B52DD29AD5B,new formal index creation
CUMCM-2003-B-011,ADDED,1,EXPECTED,,4B509C3483C03B99D4F3CA80F5CACD6ECB208E73B16586A1D817EBB9A98C804C,new formal index creation
CUMCM-2003-D-001,ADDED,1,EXPECTED,,B0F792013F11EC7EE0C3DA0CC72DA027A0C59D03A4E8F890BD7BD730A3B0D0B8,new formal index creation
CUMCM-2003-D-002,ADDED,1,EXPECTED,,1962DD3F7D2E69EFA12170D5D6AECF185DB918460FCE021B7F4BD6062167B991,new formal index creation
CUMCM-2003-D-003,ADDED,1,EXPECTED,,0DC1562F521F7FCAFF8EDC438D7E9D751CCA9ADF286F9D8F715E48EF08DECFE9,new formal index creation
CUMCM-2003-D-004,ADDED,1,EXPECTED,,DFDEC01172B56D3673FF5D8B3B26678903D3FD1C94232545AAC535C8BB1A1874,new formal index creation
CUMCM-2004-A-001,ADDED,1,EXPECTED,,E2DE5D963C456BAE1DE300767B122C52AC659271373C92339779BB05E346B7FE,new formal index creation
CUMCM-2004-A-002,ADDED,1,EXPECTED,,4018DD2BDC02A9771964BDB394E50CA0A48E2CF2CDE357DB43258D5FE19FACDC,new formal index creation
CUMCM-2004-A-003,ADDED,1,EXPECTED,,E7C2E0C9BEED2C7DCBF51472786372F9149039FE523C334DA798FD093D020AEF,new formal index creation
CUMCM-2004-A-004,ADDED,1,EXPECTED,,1592A70251B1DC3A4E682435B12ED075797F6B8BF6F0276A663CEA1D427E5E7D,new formal index creation
CUMCM-2004-A-005,ADDED,1,EXPECTED,,4E849966DF3F7753429C3AF6DC51B38AB3360175208F18120C9749760CE7368A,new formal index creation
CUMCM-2004-B-001,ADDED,1,EXPECTED,,1E89A4B82827D2A8A8A57BB6FCAF8AC80D3FD73C49F5F8B5B54DBB0DD6995827,new formal index creation
CUMCM-2004-B-002,ADDED,1,EXPECTED,,D56359E22CBA5FEFEF70C3D63D2F6DCA7D9A78682EF7F6616E46641C5D799C1C,new formal index creation
CUMCM-2004-B-003,ADDED,1,EXPECTED,,58878E8351A883FCD03885910B463C19AD02057D5953540DCDD7D9E8E6B65A01,new formal index creation
CUMCM-2004-B-004,ADDED,1,EXPECTED,,0D005FFB659256AA35E3B57CF07B116D9E135232792414BA413217C94267AB0D,new formal index creation
CUMCM-2004-B-005,ADDED,1,EXPECTED,,87AB1B042CCB698C64852E427F22990F6167C3FEF4DC5554DF834043EC35A5D9,new formal index creation
CUMCM-2004-B-006,ADDED,1,EXPECTED,,CAA116EF9308E57C7C7BF5D9D3507DD898BABE1D156E38675B575D9BE1CA456B,new formal index creation
CUMCM-2004-B-007,ADDED,1,EXPECTED,,436491EE1ED46F7DA098F7D8B2050511C2408C31DE9E1796B3E8DE18E1E89A77,new formal index creation
CUMCM-2005-A-001,ADDED,1,EXPECTED,,8EB684059F9755FA28AACB73B2D982E2B66209EA564C48A1343301CB2396F7A6,new formal index creation
CUMCM-2005-A-002,ADDED,1,EXPECTED,,ECA6319C2194F05209F695F79F86661B7385A970AB8A9E31F6E6F111594E8CDC,new formal index creation
CUMCM-2005-A-003,ADDED,1,EXPECTED,,CA1A06CBCBE9EBBDB8152B7CF62ACAB2D09F29C8E659E6094A87E398D05D1370,new formal index creation
CUMCM-2005-A-004,ADDED,1,EXPECTED,,CA4AC7A30C026DCB9FA185344409415C049ED004C4303026219F8D4D67D4D081,new formal index creation
CUMCM-2005-A-005,ADDED,1,EXPECTED,,327999BF883C3AACEA85F77CCA6DF0277901C2968BB7AE77DDBD891F6B34A4E5,new formal index creation
CUMCM-2005-A-006,ADDED,1,EXPECTED,,29784851119C23E3794A53489217CD28276F757E15679F9F942DCF1FDB6A3CE5,new formal index creation
CUMCM-2005-A-007,ADDED,1,EXPECTED,,115FA27D452F8B746117F407EA26C9B54EBCA94991AC90F65C313F071780EC83,new formal index creation
CUMCM-2005-B-002,ADDED,1,EXPECTED,,1AF878B401AA65A85FDB88B4A13E5184F1E946ACDFE11CC879F0CC43CDA5F5E3,new formal index creation
CUMCM-2005-B-003,ADDED,1,EXPECTED,,36150E3FF5F0707E2DCC3EE7714D85D1BC749841C0C7E7E2B0E58972EC57B066,new formal index creation
CUMCM-2005-B-004,ADDED,1,EXPECTED,,4CB8D9583EBD2098CBF22BF3C00DD03C5A7278ED472047F8D98675127F7A71E2,new formal index creation
CUMCM-2005-B-005,ADDED,1,EXPECTED,,F3F43F05596575AF401688453C99E20982493B8E79F2E98D203CAC0E6D003BBF,new formal index creation
CUMCM-2005-B-006,ADDED,1,EXPECTED,,C789989B259F179EE3CFFE1C0E20CFDBA9F8E25CA0AB8844981EA9D6804DB49E,new formal index creation
CUMCM-2005-B-007,ADDED,1,EXPECTED,,CE101EBA385892D213BCB501CF053B0607CCC2A2BFE25B3BB291B93CA5075842,new formal index creation
CUMCM-2005-C-001,ADDED,1,EXPECTED,,166B492B9AAE605EE1BC2AA7D8C5C127C30D057E4C9233909D4E000456542CB6,new formal index creation
CUMCM-2005-C-002,ADDED,1,EXPECTED,,A91A21BE0C2167BEEAA24028B39F1B57CF181D2C876D8813B2E1FE1AB9499483,new formal index creation
CUMCM-2005-C-004,ADDED,1,EXPECTED,,4DB5DCE89CC724FD038C7770940358476A76BBF9977A14A0243F4B6A41C27AB5,new formal index creation
CUMCM-2005-C-005,ADDED,1,EXPECTED,,E566D5B40699C92714C9DCC234F6EDA10222FF8B8ADF11CCBEE6C31D87532957,new formal index creation
CUMCM-2005-C-006,ADDED,1,EXPECTED,,BE89DDC606F118FB5349E5EF0A4B1D287D033303ADD03A66CC9359FDA34A26C5,new formal index creation
CUMCM-2006-A-001,ADDED,1,EXPECTED,,919F61BA80907A3F2D4BDB8AF4962F4C262D037DAC878B5229A0BC4E78DB6388,new formal index creation
CUMCM-2006-A-002,ADDED,1,EXPECTED,,20332383D9A22A92E85F9E90013D35360629F6178EC11F6D8CD0376A961F5598,new formal index creation
CUMCM-2006-A-003,ADDED,1,EXPECTED,,6F536FAA14BE56B01DA466F8E3FC568ED3B00CB686C390502B8ED9F811ED13C4,new formal index creation
CUMCM-2006-A-004,ADDED,1,EXPECTED,,A91B1AE5F63762E97594AAEBF2687B5A37AC2B12F0A7543896C59E6B03509316,new formal index creation
CUMCM-2006-A-006,ADDED,1,EXPECTED,,6559B4D54F346A97057F48567A86F11A6DC18A7B33C3DE6056A5925A923FE049,new formal index creation
CUMCM-2006-A-007,ADDED,1,EXPECTED,,41423CE7514B482A0E069EA249BFBD590BE305BE9448BBB394D5F0EFDA4D9FD3,new formal index creation
CUMCM-2006-B-001,ADDED,1,EXPECTED,,B951095A626E806A439521A9B6D49EEFAFBC845F470B52B898540D6AFFE2C653,new formal index creation
CUMCM-2006-B-002,ADDED,1,EXPECTED,,BFE19F417AFC12F0781145ED81AE009C0216F76286B325433D94315BD3C195ED,new formal index creation
CUMCM-2006-B-003,ADDED,1,EXPECTED,,831F88B205349352D553D02934C46D4CD16A9DF877DABDE273B7086EE614A9CC,new formal index creation
CUMCM-2006-B-004,ADDED,1,EXPECTED,,E59D6B4A46D9A441DC67342520037C8668739798A4DCA4C0BAE7B0F64D002A28,new formal index creation
CUMCM-2006-B-005,ADDED,1,EXPECTED,,56295C0EBAF36B2C03D15A258F51DE32B146DB5BB4C509DE86AC2CAED4E00873,new formal index creation
CUMCM-2007-A-001,ADDED,1,EXPECTED,,92EA85D3331ED5822A3B622B94383C7C6F5098EED1724DA871E14302B2F0417A,new formal index creation
CUMCM-2007-A-003,ADDED,1,EXPECTED,,8746FC6E2ACDA534965B779B256F0C73637FE6BFEDB820A5E2831F584D9FDB77,new formal index creation
CUMCM-2007-A-004,ADDED,1,EXPECTED,,10FC3ECAA53131C76894FDA5D6D885B2C65A6EC9FA6E278E7760D05F204E1179,new formal index creation
CUMCM-2007-A-005,ADDED,1,EXPECTED,,9F6802CBD02916DA97659DA64987391B77B99041B13AA54BE575915D32F77BFA,new formal index creation
CUMCM-2007-A-006,ADDED,1,EXPECTED,,8903EC3F4EDC4AB82C2CECBBBDD9474C6CA8F584F49EB68E18BCAA7734B96D81,new formal index creation
CUMCM-2007-A-007,ADDED,1,EXPECTED,,6E6141092C5BF711BE57D9E1A852CFBC8EEB1D0E5CDBCCCE029266D11409E478,new formal index creation
CUMCM-2007-A-008,ADDED,1,EXPECTED,,22AB628E9961D61737197C801A7C586ACAFC785D94AC825D48C08AD6E6B6F78F,new formal index creation
CUMCM-2007-A-009,ADDED,1,EXPECTED,,A47B268AD7B993FE98628EE0B899775C4B7CE7E43F4D6893CAA7BEA2E6164AED,new formal index creation
CUMCM-2007-A-010,ADDED,1,EXPECTED,,E7AC712F4521DB8D5FB264AA5AC4AF67E8AD2B92ECD6D681B60FBC5BE0B8EC31,new formal index creation
CUMCM-2007-A-012,ADDED,1,EXPECTED,,3C88151062E207B7C15F687F348EB84DA1F70B18EE5DDE11D6848BB8E6D32EB5,new formal index creation
CUMCM-2007-A-013,ADDED,1,EXPECTED,,DF8C2FF3BF9A380F66A74E85838DBF9B58061395DB2D31681AB3219DC3B460EF,new formal index creation
CUMCM-2007-A-015,ADDED,1,EXPECTED,,378E19F335D1505B2885521696E1737B49695E17464554156B1AA187EBE40E10,new formal index creation
CUMCM-2007-B-001,ADDED,1,EXPECTED,,7CC044ABBFAFE1B048569FB15D786CBA57D1A45949D3C887DE982F132DA6CDA0,new formal index creation
CUMCM-2007-B-002,ADDED,1,EXPECTED,,EE11CD5EF504F6F7CDF2F08D34842DD72A1FDB1017B2745DA6327A64664F3373,new formal index creation
CUMCM-2007-B-003,ADDED,1,EXPECTED,,1B8EB8A67C1B7A6E85B1A34A66354FF6FB4BAA924C79088B9D3DAC97C9E1BEB9,new formal index creation
CUMCM-2007-B-004,ADDED,1,EXPECTED,,8DA3A0E64F12CAD4A810E8156F4F8D2E0DCAFE42C919C4158201D028AA5B2C00,new formal index creation
CUMCM-2007-B-005,ADDED,1,EXPECTED,,8134BA3B457A60BC3E241F5EB0935FE68C29963BB9B69BDB01E1D07B80427A60,new formal index creation
CUMCM-2007-B-006,ADDED,1,EXPECTED,,B129DD463ED6ACFA88D8AF01ED495892F9A06904E7445B2847D475418B21087E,new formal index creation
CUMCM-2007-B-007,ADDED,1,EXPECTED,,BAB00E397F0BFAB3C00B0DC57F6E5615D6EE6D5523F855A573A405EE8AB23689,new formal index creation
CUMCM-2007-B-009,ADDED,1,EXPECTED,,68D812CC3ACBBE06031F25EB7D1B7630D6623F5B91926626ABB3B4AC8F4A3486,new formal index creation
CUMCM-2007-B-010,ADDED,1,EXPECTED,,12C8F46AFC30C6BDF514A3B21DCA6520BCF81AFDCFE63CB95F9E8C73A5A26897,new formal index creation
CUMCM-2007-B-011,ADDED,1,EXPECTED,,FA52DE6A46D41961B62F3BFD78311BCEEF644124D9743B890C6E9F84CFEC4BBD,new formal index creation
CUMCM-2007-B-012,ADDED,1,EXPECTED,,AD5D2461C2AC45CF92CA429F5E7E6ABC909A56DC2289C7E0B6D2DFB7A2F2975B,new formal index creation
CUMCM-2007-C-001,ADDED,1,EXPECTED,,C1DB5391D4505086B830D9615EA81DF3C1EEC12D95E187D1D913B746EC7D49EF,new formal index creation
CUMCM-2007-C-002,ADDED,1,EXPECTED,,D85703E9BCCCEF54D95537C07745E2D6DB048B3322EC1EE10AA34ED31306CA04,new formal index creation
CUMCM-2007-C-003,ADDED,1,EXPECTED,,087470D1DFED0AB56D2150FDE24C0A168E121A0EE7CDAFC85AF1A89FB58D8865,new formal index creation
CUMCM-2007-D-001,ADDED,1,EXPECTED,,071FD76D446A88F7307AD118E0A23980D8DA432992E8AE5078AB6F591BB2DF7A,new formal index creation
CUMCM-2007-D-002,ADDED,1,EXPECTED,,D0A71CDCA30B9A55833A82004151090914AF334EF5F720304F816830102FFD0A,new formal index creation
CUMCM-2008-A-001,ADDED,1,EXPECTED,,BBCDAD1E976C2CFD2DEEDD3328DF3107C9C06CE2831164A2CABCCB0B46028E2B,new formal index creation
CUMCM-2008-A-002,ADDED,1,EXPECTED,,3C01E825B18C9FB0A2BF3A653A155301134C015B5CB796ED311FE8CC577FC238,new formal index creation
CUMCM-2008-A-003,ADDED,1,EXPECTED,,B6F2C7FA2CC0B01B7A39963D3E089D848E684FFB0BA94D7C012F48D845CBB980,new formal index creation
CUMCM-2008-A-004,ADDED,1,EXPECTED,,0A70B203EA07FA705BD8096652E0CA5C467CC76897DA164D7F65E49E9E83E469,new formal index creation
CUMCM-2008-A-005,ADDED,1,EXPECTED,,5632BB15FA365643948A2845060800BA74728282F84C60B7D5C50B6ED1E2833C,new formal index creation
CUMCM-2008-A-006,ADDED,1,EXPECTED,,532AF0EC01A0A0AD93D24631D11258F6CC7D0262E0E91B1BDAEC7EA35E0E49CC,new formal index creation
CUMCM-2008-A-008,ADDED,1,EXPECTED,,8990229A9A5C7E09FDF83B556B82A98890976B8B17503A48BB7CD9ACBD385C97,new formal index creation
CUMCM-2008-A-009,ADDED,1,EXPECTED,,4CDE8D7E5C1BA656AB6E543B237BC63B534B28565C7B5D30E188E038AF8CCC92,new formal index creation
CUMCM-2008-B-001,ADDED,1,EXPECTED,,085799D620BA4C8BC4CDDDEFA401FB7271C992D42C393A3E75A123D76B67F2CF,new formal index creation
CUMCM-2008-B-002,ADDED,1,EXPECTED,,6B3E2E27C4D7DF2C8C1B72BA75A2B449D7C49ECE021A19ADD2BA18B3C3C98A05,new formal index creation
CUMCM-2008-B-003,ADDED,1,EXPECTED,,C035A18DDE98A404A5D9D49B0DD0049BD4BDCEBD464AA2B5FB864E2E97B13D03,new formal index creation
CUMCM-2008-B-004,ADDED,1,EXPECTED,,6ED99F9BD57B6502CF22F15F6D9D7A57AE2F6B292CC17C72875342E9B737788D,new formal index creation
CUMCM-2008-B-005,ADDED,1,EXPECTED,,A424941D473776BF6F38DDCECA986018DBA19AF8C0BE5A85D72DE03712E6BB88,new formal index creation
CUMCM-2008-B-006,ADDED,1,EXPECTED,,E342F8476D7D48FE35D4A407EAF86BD8C5F6B2A5160A410BCA9DAE1E551A7CB9,new formal index creation
CUMCM-2008-B-007,ADDED,1,EXPECTED,,AE173874677624291C02DD2595B3B268D7C0D55438C4B735BE0397841BBDB120,new formal index creation
CUMCM-2008-B-009,ADDED,1,EXPECTED,,9C9D65F67BD1FCB82D878B7DD4B21D21A9081891EBCE3F2D6A46DBE9038237F0,new formal index creation
CUMCM-2008-B-010,ADDED,1,EXPECTED,,AAD01A699A019D9898ED39AF2D5D84654951885496C45C5A7E36A51500D55C1C,new formal index creation
CUMCM-2008-B-011,ADDED,1,EXPECTED,,9176D39CC99C866BE48A68171770D024773221EACFBF2DD9CAC5D2975EB1681D,new formal index creation
CUMCM-2008-B-012,ADDED,1,EXPECTED,,32903D0BE04457AE41B961890CE87943EEFAA21BB0EDC31CD627D4E71C9BFCF0,new formal index creation
CUMCM-2008-B-013,ADDED,1,EXPECTED,,375A7E286FEB3012F084AEA2F34779EA3FFC7DA0F2F5DBAEBD0DFCF1789F4EE0,new formal index creation
CUMCM-2008-B-014,ADDED,1,EXPECTED,,6249D65C4A873F95BDD5D8107AB17EECBB342F41AF9C80A3C49240173FC33C1C,new formal index creation
CUMCM-2008-C-001,ADDED,1,EXPECTED,,C537EBB6415827C184FC8D990CA8A9ABF9FF151B98D1ECDDE4BE33842BAF52D0,new formal index creation
CUMCM-2008-C-002,ADDED,1,EXPECTED,,4993258499309731CA73EA52C4F107D2C7008578B420B038AF697D1B6C608723,new formal index creation
CUMCM-2008-C-004,ADDED,1,EXPECTED,,BC135F5B4C041CB0FBFC9398483A5347B0C1C6DD03DD9EA72B8DF47A00299B23,new formal index creation
CUMCM-2008-D-003,ADDED,1,EXPECTED,,D812A5070FAAE4415EC6A795151D13161072D3430A3692C6CBC2F569130203F1,new formal index creation
CUMCM-2008-D-004,ADDED,1,EXPECTED,,5167B432B64AE55D762A72FE0D30842C41BC38C322C055672E8E04648EA07D15,new formal index creation
CUMCM-2008-D-005,ADDED,1,EXPECTED,,30B2F5C1332A21CDBE07D117DFF4A3F238BBA156993D9511C0FAE1185A8FF9E8,new formal index creation
CUMCM-2009-A-001,ADDED,1,EXPECTED,,7D225491B45C4259F7BBBD13D95C9DA84D88A50AE5FDE1E4630B86CF0A164359,new formal index creation
CUMCM-2009-A-002,ADDED,1,EXPECTED,,52FE48002F75F38FE63AC9094728436DB0017D3BE9CDF119AA32FF4E2C185E7C,new formal index creation
CUMCM-2009-A-003,ADDED,1,EXPECTED,,4321E6E8836AFCBDF4F8478D4ADEDBCB789FD8824FBD6B346F2A4D53FDFB850F,new formal index creation
CUMCM-2009-A-004,ADDED,1,EXPECTED,,20C10A3C3C3A5FD79E3E982C2BD1BBBBFC0FD1BC51BB36D1FECCE7FA618FA5A1,new formal index creation
CUMCM-2009-A-005,ADDED,1,EXPECTED,,9B7AD101767F61D5D940400B8977DDE0A08922EA8F1F230048C2FE5EF3A84AB1,new formal index creation
CUMCM-2009-A-007,ADDED,1,EXPECTED,,4284BE0552862046D6441E7B1B383DB591C0B6F5FC2C4A71D07AD9A800542AED,new formal index creation
CUMCM-2009-B-001,ADDED,1,EXPECTED,,4BF1A21936B57CC6A5AB386384515F863CCBAFF85FE937365E927A01680627D8,new formal index creation
CUMCM-2009-B-003,ADDED,1,EXPECTED,,05AA2561D1CC9C1EBE7824741179A956D5E48C749D327396CA324C27B67B71D4,new formal index creation
CUMCM-2009-B-004,ADDED,1,EXPECTED,,FFB992FFE2C3F820276991D03D0C89D4D462023F05B95B3F2506DF4156A02172,new formal index creation
CUMCM-2009-B-005,ADDED,1,EXPECTED,,175292CB598B953C22643DCB0114A999209C148D69245B41012EF79CF30D3EA5,new formal index creation
CUMCM-2009-B-006,ADDED,1,EXPECTED,,B946117AA4A28C12A9FE346E8340EB1EC9AF40ADE503572A0464AFB6B27365D2,new formal index creation
CUMCM-2009-B-007,ADDED,1,EXPECTED,,603E5C385A6CAAC2F40895B2AE99DBA469585B649CBA410C24E037F2AD10298D,new formal index creation
CUMCM-2009-B-008,ADDED,1,EXPECTED,,C06A23AB00B9D7F816B2DE9EF578FF18192FB08D0B76B89A3F1C6C0FE330EB74,new formal index creation
CUMCM-2009-C-001,ADDED,1,EXPECTED,,9E04A8762849318CD8272979E3AC2AE33DAA45EDFD575F2DA5C69261447B42EB,new formal index creation
CUMCM-2009-C-002,ADDED,1,EXPECTED,,2264FBD2F17AFD8CAE5872EF43F5B5E8B6A293A48C20CDEB50AE4CF7F9B07A5D,new formal index creation
CUMCM-2009-C-003,ADDED,1,EXPECTED,,BC4AB77274F553314E20F96E054573329D07EC6AB9A8A86C0FAF4587BFE50581,new formal index creation
CUMCM-2009-C-004,ADDED,1,EXPECTED,,291B3A2D5ACFC2C9FE0FA54D90D126FE0EAA24C30AA7A877694B58F493FA2130,new formal index creation
CUMCM-2009-C-006,ADDED,1,EXPECTED,,F93023FD4328221B72D8C0D13E364C9F67EC8F7B1F6C7C9A6A5D21C0D0523512,new formal index creation
CUMCM-2009-D-002,ADDED,1,EXPECTED,,98148B985049CD7EB0D443A008A6E1085A4B35E9B7FBC755D96B9EB9AB44BAA2,new formal index creation
CUMCM-2009-D-003,ADDED,1,EXPECTED,,87FE1710FE93EA70761920C0C9522CC34F57E1AECC9BAFD13E2AE7B1EB599FF1,new formal index creation
CUMCM-2009-D-004,ADDED,1,EXPECTED,,89CCD6707358D712C61DBDD2C48CE3375CA8013202A8235423D1211AE635C12C,new formal index creation
CUMCM-2009-D-005,ADDED,1,EXPECTED,,DCB83154F2A22CFB050518D6D5F1E534BC023F7700045920348EA7E3F681CD98,new formal index creation
CUMCM-2010-A-001,ADDED,1,EXPECTED,,7C1D5B7D276A5ACC2C68D33DA6A12BB3429F0C4122257AC3F4A8576EC6A4BE0F,new formal index creation
CUMCM-2010-A-003,ADDED,1,EXPECTED,,693720EF8BBBE9EFEDFB0FA40178BAF1A3B9D132CF309E56F116CBC73A5030F8,new formal index creation
CUMCM-2010-A-004,ADDED,1,EXPECTED,,6B85431642375C8F5B123A6BF46665EFE7C17B6DE06E4EDDAE7CA88E2B4AF293,new formal index creation
CUMCM-2010-A-005,ADDED,1,EXPECTED,,038F35B520CD44432824173E67D6CD3971614CE22BBF94F79F7772EB9B2CB481,new formal index creation
CUMCM-2010-A-006,ADDED,1,EXPECTED,,05D1CE41A28E3E2241FE688CA06762DDB7EBD95C46AD08622C8FBC238C2D26F7,new formal index creation
CUMCM-2010-A-007,ADDED,1,EXPECTED,,6D92FF5C8F210584B4092592828A459984128D286CE69CFDFB56CE79F2ECAA0F,new formal index creation
CUMCM-2010-B-001,ADDED,1,EXPECTED,,188589CCC07811856F5B331C32DB4601A0EC20243C5E9A56C716C642804533BB,new formal index creation
CUMCM-2010-B-003,ADDED,1,EXPECTED,,CE7178DBD75300C70182A8A0FF5B96CF7711B21C15D90E67C89BB51C29274DDB,new formal index creation
CUMCM-2010-B-004,ADDED,1,EXPECTED,,3B1B11587160187BCE6A9631741626494331700496BD0843EC5AA706FE68027E,new formal index creation
CUMCM-2010-B-005,ADDED,1,EXPECTED,,B66FCB25A45406D2D96D6F64AF6D456784E0BBF3DB4DA98D0512081F957606A8,new formal index creation
CUMCM-2010-B-006,ADDED,1,EXPECTED,,1C121BAA5C74CC0402938D41FDBAD2F4FCC95321CF4CB57D57133DC11417FE6C,new formal index creation
CUMCM-2010-C-001,ADDED,1,EXPECTED,,F65739FE83F49E8CB75FFEDBFEB86EB9554D3F9219D7F230B710DCFF5BA56A1D,new formal index creation
CUMCM-2010-C-002,ADDED,1,EXPECTED,,49AD0B8AB04998C47ED937CCE0760CBDA664B25E2AF72C45A1D3D24B3D3227EF,new formal index creation
CUMCM-2010-C-003,ADDED,1,EXPECTED,,DCF6DD976F7CFF9FB3A081F61D4C3B596ADDD226359A8A2283A6F84F55EEF58B,new formal index creation
CUMCM-2010-C-004,ADDED,1,EXPECTED,,8ED7CD60037462854BE8FD7582E901042DCB88C2502B456A0AED9EB2A7ECF61C,new formal index creation
CUMCM-2010-D-001,ADDED,1,EXPECTED,,C8D18E17308122D96F5EFEE3C915F9B9FC8408CE0184A64096E9E480E959A505,new formal index creation
CUMCM-2010-D-002,ADDED,1,EXPECTED,,8DDFB86FBB3F1BA4F00C0C67FD7E4A0CB985A0520111290A9524ECE4F38AE4CC,new formal index creation
CUMCM-2010-D-004,ADDED,1,EXPECTED,,29B0A9CD7BEB306283E4FE51F04FCB0D63E1CA2FF99006B3608DCD8AC3A627D1,new formal index creation
CUMCM-2010-D-005,ADDED,1,EXPECTED,,65552E72F58477B42C61E342872D30395AE125C25C99B5EFB83B6BC66AE6BB9E,new formal index creation
CUMCM-2011-A-001,ADDED,1,EXPECTED,,B3259948641E64B8B144380D72B93BE1BE14C7E5CA9D9751AA5A14541DC3CF21,new formal index creation
CUMCM-2011-A-002,ADDED,1,EXPECTED,,C91FD8C7972C63FF295E44577CB2BD047F967FBD10543A3DDCD0E9BB323305AD,new formal index creation
CUMCM-2011-A-003,ADDED,1,EXPECTED,,F9E23BBD0EEC70C04FEAA3C6D311C72969FE8A086F43DA3BB5FB478DF175E50F,new formal index creation
CUMCM-2011-A-004,ADDED,1,EXPECTED,,19B7A01CC523A01AC047C21A4FEC6251A0295C573C67222F051D452261F3CC66,new formal index creation
CUMCM-2011-A-005,ADDED,1,EXPECTED,,1AC993EEBB506583D59FAB38099282D0A1720CBC80E65B1F986D84301618EB65,new formal index creation
CUMCM-2011-A-006,ADDED,1,EXPECTED,,B8794CA5173CBB99BFBB00DB037DCE516AE719BA471B44DAEB82EA5BA061E85C,new formal index creation
CUMCM-2011-A-007,ADDED,1,EXPECTED,,49EA8A566F5C1F579CF75ABD5866FAB045E6D80D6BE1F5294D0499397B4E6107,new formal index creation
CUMCM-2011-A-009,ADDED,1,EXPECTED,,A6C4581BD8603BA696ADE4BEF39613E62CC00B8EEDDA5BB33B234CD8E9257D15,new formal index creation
CUMCM-2011-B-003,ADDED,1,EXPECTED,,E921F091B2AC07B202392BC77A176582402AC8CB5A90CA3FA1705C17D76B4372,new formal index creation
CUMCM-2011-B-004,ADDED,1,EXPECTED,,6794278251F36DA8498199ED87294EDF8A275FD5EFC16B21939E94D60E94068F,new formal index creation
CUMCM-2011-C-002,ADDED,1,EXPECTED,,63B293BC6B95CEDCA2887E4BDB7071ADC8104DF30C5D84F6315856C4B2949080,new formal index creation
CUMCM-2011-C-003,ADDED,1,EXPECTED,,02AA5140955F00CF456B88EBA649A33DBAE15124C94979DB1278DC22BE2549E1,new formal index creation
CUMCM-2011-D-001,ADDED,1,EXPECTED,,3D6606B4935FABD5250D6B16A0E94F94A37FC3B0B1B46E7DBF1E71E02116BE7F,new formal index creation
CUMCM-2011-D-007,ADDED,1,EXPECTED,,6DF4EEE03DC60FD2C190ED90CE99714F207CEE2CA9F7D3A278A8982C7ED1C38A,new formal index creation
CUMCM-2011-D-013,ADDED,1,EXPECTED,,4A4F7FCFB22255CB400578A567C08DDCF330CA5F710F4FBB09095FD7A5BF97EF,new formal index creation
CUMCM-2012-A-001,ADDED,1,EXPECTED,,CBA576836BC88D53BFDE57C95A1C57F9F6AC177CED630AEDFF2867BFF8AFF3AD,new formal index creation
CUMCM-2012-A-003,ADDED,1,EXPECTED,,C3EDF60E58C836D563B6F7FD7DFB6C6F6E32ECE5B9864588E79184FDBAADD91A,new formal index creation
CUMCM-2012-A-006,ADDED,1,EXPECTED,,E88365DF184777F7DD43D8484F1902F584C7D947EDED96F3204D7D4903418009,new formal index creation
CUMCM-2012-A-007,ADDED,1,EXPECTED,,BAD32814A2807A2A24F5B282C2ED8B50A4C2C489BB30A45D406ED5A9FADB5DCF,new formal index creation
CUMCM-2012-A-A285,ADDED,1,EXPECTED,,3566E0A53689D419A3ED284DBD53C8D49CEEA83E065F1FBDEF30348190761D12,new formal index creation
CUMCM-2012-B-004,ADDED,1,EXPECTED,,0DFF0E77AC64B6F4BBCB77E4130D8D294A3B7DBF935AED2BF14863836E586D9A,new formal index creation
CUMCM-2012-B-005,ADDED,1,EXPECTED,,BF90CC2E2AB2EF2055876C5CC8EF8FC181C75AA916E2EBCF7DC1E84DF5010B48,new formal index creation
CUMCM-2012-B-007,ADDED,1,EXPECTED,,1420772C751787EC1EB47DEF1609F7233B4BD08CBEB00A6B9CC919831C85D462,new formal index creation
CUMCM-2012-B-B077,ADDED,1,EXPECTED,,A750DD6AF457D491E5CCBA8B88E1B412721799EEB4583BCDF0A470B4E7FAA021,new formal index creation
CUMCM-2012-B-B149,ADDED,1,EXPECTED,,6132DB9F5538C9BB0C82AF4CFBCFFD566F60C5F4D5F91EF56CD7EA98AB4F7BE0,new formal index creation
CUMCM-2012-C-003,ADDED,1,EXPECTED,,CAD18C51A1F43AC6BD8F63B6BB314FD4EF30389B669A7220887EE1D4B088B763,new formal index creation
CUMCM-2012-C-004,ADDED,1,EXPECTED,,E00A5F63873EEC8D0C3971BBAC33CC19A09830C67BE72D5645AA0ACA1F3DE907,new formal index creation
CUMCM-2012-D-001,ADDED,1,EXPECTED,,19EA70D9BCEACF53226D9D18460214337B4260C216E1B465B67B2F41E8CBA2F3,new formal index creation
CUMCM-2012-D-D044,ADDED,1,EXPECTED,,89744714F7FD73AC5B3F442056CDF9AD8C4414BCB3452BA153473BE425B8BB04,new formal index creation
CUMCM-2013-A-001,ADDED,1,EXPECTED,,6BDC9EC9A4DBA31853C2611A28485D668C66A6E4CB8F27791217DE7A6B149D4F,new formal index creation
CUMCM-2013-A-003,ADDED,1,EXPECTED,,60A3A68ECDAE6530C74FA0D085F56D9A33C9F413569793D68A52B780707D83D5,new formal index creation
CUMCM-2013-A-004,ADDED,1,EXPECTED,,1E97E88414936C6D1BF401631580BC0E827A693E834D10F07F31C6B5142A4427,new formal index creation
CUMCM-2013-A-005,ADDED,1,EXPECTED,,55303333784F5F0BE65334450FCAA9170262C8AE73CBB2024145B444A32B9966,new formal index creation
CUMCM-2013-A-A0114,ADDED,1,EXPECTED,,AA2576D9ED335FBF3AB0D202B0BA21C02A09968D5E4C2603B38DD225F9F053C9,new formal index creation
CUMCM-2013-C-010,ADDED,1,EXPECTED,,2BC5878F3D39D3771BE52766502BF60AD2E45628F8BDE987D242889F0EF6726A,new formal index creation
CUMCM-2013-D-001,ADDED,1,EXPECTED,,4AA4395BE6D5EF2956D8D6AE524AD2F2E48AD8A1107DBE2746FEE4AB6DB70F98,new formal index creation
CUMCM-2013-D-004,ADDED,1,EXPECTED,,2F7FCD89992885EBB2CBCC616F2EA55C5F4DB3B19E798759599AC2A3917C08C3,new formal index creation
CUMCM-2014-A-A1000,ADDED,1,EXPECTED,,4D17E9B01860311601B30F4B836F2ACA039B326F40CBC67B390B02336B66996D,new formal index creation
CUMCM-2014-A-A1114,ADDED,1,EXPECTED,,9478EF49076EA4573B9DE071C540F1A693CAB5F6BB969B927F059EE3AE6942A7,new formal index creation
CUMCM-2014-A-A1116,ADDED,1,EXPECTED,,5DAEF95E3A6D339F9CEC4C7F0B7FF7BF46F6B16A26EBCA12CEEC7BADDDAEE299,new formal index creation
CUMCM-2014-A-A1501,ADDED,1,EXPECTED,,B47ED45936F3379A3797242DB9E93E88356D48B9C1B6B221AA5AD99DA4CA9311,new formal index creation
CUMCM-2014-A-A2302,ADDED,1,EXPECTED,,BD66430D079C16AAE3C7AABE082B77D0FD492D2989287E8E0AB63C79F6EB439C,new formal index creation
CUMCM-2014-B-B1801,ADDED,1,EXPECTED,,0B0B7147DCD2573BACB8C66898AC1A07E814FB8F0C450DA0235131D8C8B20708,new formal index creation
CUMCM-2014-B-B2704,ADDED,1,EXPECTED,,AFE03B1927A0275143483480885A47B1FDCB837CD328E3A6487C44BE32FA2F23,new formal index creation
CUMCM-2014-C-010,ADDED,1,EXPECTED,,B2575D005E36E6971D30470F793E148C83161C22288D92B72444831C9680C4EF,new formal index creation
CUMCM-2014-C-C1951,ADDED,1,EXPECTED,,CBA3F4C25FF2E0E0F706539F08EC5B0FB9C03F3CD573BD517093EDEDE513679B,new formal index creation
CUMCM-2014-D-002,ADDED,1,EXPECTED,,9095093E40986B6E96BFD8344B2BB71D5E49DDE7C492891E7C434085EAD0AC80,new formal index creation
CUMCM-2014-D-003,ADDED,1,EXPECTED,,2F8494134D4350127EC3B641B0BA3FC9E6C2584A286BE947DAB7350C2B65B9CF,new formal index creation
CUMCM-2014-D-D2202,ADDED,1,EXPECTED,,465645DCB173EFCF7A470DB22B00FDE20ED83818A8CF69CE875A7451A93FB3C3,new formal index creation
CUMCM-2016-A-002,ADDED,1,EXPECTED,,A9A6D7EFBEA35C6C9C98069A9167794BB5720D0350261DA644453B6815526720,new formal index creation
CUMCM-2016-A-003,ADDED,1,EXPECTED,,EEC3AB1176C5FE56C29EDD857D78B73933F1F4ADEDBBB0A1A1902F9DF8660946,new formal index creation
CUMCM-2016-A-004,ADDED,1,EXPECTED,,5B9611A29F8D841D3A8378F444CD5B3B4B614F9F548E6F74504BA4137049D787,new formal index creation
CUMCM-2016-A-005,ADDED,1,EXPECTED,,5483D2D79E37518E151E559C7835FC1218FD50C8B66BFCB4DB3514EADEC4321D,new formal index creation
CUMCM-2016-A-006,ADDED,1,EXPECTED,,02A1F4092B3C12E3BC8B333A2491479755DE21E2144E49B1687A021B69B2BF8C,new formal index creation
CUMCM-2016-B-001,ADDED,1,EXPECTED,,19FBA1D65F4641E256A54D331F61C08B3B6005346039F91196163890C6DC3EBF,new formal index creation
CUMCM-2016-B-002,ADDED,1,EXPECTED,,0233777312BD0F8FD5115F41663B642AEC06145EAB9EEB0B23BAB6055129E915,new formal index creation
CUMCM-2016-B-003,ADDED,1,EXPECTED,,5FFEADFEFF085C7C43131F8832FA43E76A7A0666981C53D0BC34F85E1B4DFA23,new formal index creation
CUMCM-2016-B-004,ADDED,1,EXPECTED,,9EE8F66218FF39D496663E36576DAD1B2257EBC298CCC35E6C868D1B728DCA18,new formal index creation
CUMCM-2016-B-005,ADDED,1,EXPECTED,,617001E647B4BA60CD4BAB08075E639428B1343B75F7BBD6A388A67A58F9A5AC,new formal index creation
CUMCM-2016-C-001,ADDED,1,EXPECTED,,36B988D7BB8BA614E25B685CFDB437747496056536755904CE6C5B67046E8A16,new formal index creation
CUMCM-2016-C-003,ADDED,1,EXPECTED,,11D73361E51145418D9A085C140D8DC61E53FB26E2AE7A7E09106470CD7AB43F,new formal index creation
CUMCM-2016-D-002,ADDED,1,EXPECTED,,825BB3A23654DAF877A736F405E02D0D93694386A6DE5CB545B0D7D4B04ACB8A,new formal index creation
CUMCM-2016-D-003,ADDED,1,EXPECTED,,1B0FBD2448AD94653644F1F213D7A44739B168AD6266CFE1AC47557DCCF4E5CB,new formal index creation
CUMCM-2016-D-004,ADDED,1,EXPECTED,,88EC7BA29C428407C6CECA4C08562EEAD93FA87FBEAB0050F8BEE4F3EBB691C9,new formal index creation
CUMCM-2017-A-001,ADDED,1,EXPECTED,,2D1C7F7CD6A4CFF6D7D4D7010D1EA445EAE22EAA163B408BBBA225F3970E6869,new formal index creation
CUMCM-2017-A-002,ADDED,1,EXPECTED,,94576FDAB04CADE23E81EA634277B871B7E06477BCDF4951E61E6E5B376F373A,new formal index creation
CUMCM-2017-A-003,ADDED,1,EXPECTED,,C07F428086083F80279A1B8F0629A34BFC64D8056BCF1EB98D2D5AC614819E36,new formal index creation
CUMCM-2017-A-004,ADDED,1,EXPECTED,,1972827F7E1DB3405EC72E9E620D9005C8B75082ACEB9341A06E4C0581E48997,new formal index creation
CUMCM-2017-A-006,ADDED,1,EXPECTED,,15CC23242E9488127BA61626AF0F237F59CCE803F2866EAB98B996FF06DEAF83,new formal index creation
CUMCM-2017-B-001,ADDED,1,EXPECTED,,DE1DAA6C5EC00D9BD93040BFE8417486AB9A99AC919B9F4B46AA20140E0C7589,new formal index creation
CUMCM-2017-B-003,ADDED,1,EXPECTED,,F8507D18E2E7CF0DC8F1DA3CE5CF5B1CE5C6307E72A859C8B5AFBD047ACE215F,new formal index creation
CUMCM-2017-B-004,ADDED,1,EXPECTED,,18FD7B69BB250D0B1083B0C5D2D3EA57963E52702B10626BB14E9E3071A12B15,new formal index creation
CUMCM-2017-B-005,ADDED,1,EXPECTED,,06D945335C481CE6910E34186DE80C5828230F49906EA08BA4B5B8186167361C,new formal index creation
CUMCM-2017-B-006,ADDED,1,EXPECTED,,0096525BC1E192B65BC6957DD4439EEB2ED8682657D9CDBB4185ED146EC534C7,new formal index creation
CUMCM-2017-B-007,ADDED,1,EXPECTED,,7485367D91BBA05FB0A4485CA76F5AF24F291EF2226F4802958C0F5010E27F18,new formal index creation
CUMCM-2017-B-008,ADDED,1,EXPECTED,,9204014FDC6F962B784064DF16B48E937B40E755400A04B6DC2109E087A948D9,new formal index creation
CUMCM-2017-C-002,ADDED,1,EXPECTED,,5CB690AF8EF2A416F0F6550062EAAE94BA7284A0FF9BAD6F17D3D27DC5D08DF2,new formal index creation
CUMCM-2017-C-003,ADDED,1,EXPECTED,,69F7C17F0F1CDD8B406D74CA336C733AD7D5CF50C77504034DE22BDC32AA6EC6,new formal index creation
CUMCM-2017-C-004,ADDED,1,EXPECTED,,0FD6D7FBFE413B91C1FD693C35A17F6993CA5C0313060897DAB4DA9A7BC7E352,new formal index creation
CUMCM-2017-D-001,ADDED,1,EXPECTED,,48815AD6C5C3F5671E7E51D633F0E7E0A331FD71F458EDC8D9B6F89D77E0D148,new formal index creation
CUMCM-2017-D-003,ADDED,1,EXPECTED,,92C12186BAF4AFC05C22EF5F284FEF8762A89560F0D55808700F83D312036F50,new formal index creation
CUMCM-2017-D-004,ADDED,1,EXPECTED,,CB7CE2EC2E9A40715560B453F6441F13D115291C5FBF1A7F7E2F1C35C935D014,new formal index creation
CUMCM-2018-A-001,ADDED,1,EXPECTED,,A4922546B8AB7ECC53CD89C22D0E20FB77C979E6A7EB8CF11DEB28303AF324AF,new formal index creation
CUMCM-2018-A-002,ADDED,1,EXPECTED,,AC0AE214CD05FCE8C850F351F59D68B69DB7186C474A809027993D72B66FD417,new formal index creation
CUMCM-2018-A-003,ADDED,1,EXPECTED,,5D2DDA2400EA1D83D919EF56A703C575160447BBAAEE8ECD6E17AD38DEA3BBB0,new formal index creation
CUMCM-2018-A-005,ADDED,1,EXPECTED,,3B00BBA06E3E7323590D1C662C287DF771A4A752F0FAE8174A94F76BD86CCE4A,new formal index creation
CUMCM-2018-B-001,ADDED,1,EXPECTED,,39679DDE34174E209E60A1E126C7D44B559550F08C9EC384081EF9EB56DCFE73,new formal index creation
CUMCM-2018-B-003,ADDED,1,EXPECTED,,35ED92489E1B20B66A941D7BE856791A4CD96F01C24B4D00926CDA2B91AF92D5,new formal index creation
CUMCM-2018-B-004,ADDED,1,EXPECTED,,C1E08561AE0393AB42CA8E40E119FE1674AE925E08635BCA1745CDD546B728D5,new formal index creation
CUMCM-2018-C-002,ADDED,1,EXPECTED,,9260F3193D4016CE88AE427EABA1058FB34369BBBFCC820A6C2BF566D7EA54BB,new formal index creation
CUMCM-2018-C-003,ADDED,1,EXPECTED,,16F5ED05F79F9028682B3BA2F520977473568613FB1CBFC539AD2E5D89382231,new formal index creation
CUMCM-2018-D-002,ADDED,1,EXPECTED,,F8E06E4A30C51F4B58E0BD81496F39B7A0F698F10B98DA93ACAE7458C58E7F72,new formal index creation
CUMCM-2018-D-003,ADDED,1,EXPECTED,,54E622CA8A2690A552932AC1F0A667B5982C9DD4F8F317F449678FFD4261B6BA,new formal index creation
CUMCM-2018-D-004,ADDED,1,EXPECTED,,462070937AD49493EB5FE650B5AC1C8BB00146F4F60ADC7792A2794CA2FD7C0C,new formal index creation
CUMCM-2019-A-002,ADDED,1,EXPECTED,,BEC92F960C97D93BEDC8D85E789F6A45F71FBDF129DBD64177CF9E256C201A12,new formal index creation
CUMCM-2019-A-003,ADDED,1,EXPECTED,,71AFCA9BBDAA5A102CDAB4FC4A4415D8A462D38E183B465E93F662091D4E3546,new formal index creation
CUMCM-2019-A-004,ADDED,1,EXPECTED,,6E71E6405A05F30D09348D55D914B8D50B208B63E58429923B2BADDD50D42BB2,new formal index creation
CUMCM-2019-B-001,ADDED,1,EXPECTED,,BCEED28B98759FE115E3ECD9183BA8355E98A259B537C792B5737EABB94D0814,new formal index creation
CUMCM-2019-B-002,ADDED,1,EXPECTED,,0C27D2198BF734862208FFF07D5A5FF897B63D5CF7148A8DE98C0BC9C34217F1,new formal index creation
CUMCM-2019-B-004,ADDED,1,EXPECTED,,5CEAAEB9FC9A434EEF6B2A1040F09E7BD053115277C6F145DA42E23E6ECA30D8,new formal index creation
CUMCM-2019-C-001,ADDED,1,EXPECTED,,1DAFAF18801EB09BA9EAA0F1656C924EC6AE0F287AF81B7444CC37C73F40DCF0,new formal index creation
CUMCM-2019-C-002,ADDED,1,EXPECTED,,C3DDE5AB2B5758C1E81EE88A82D2EC136326192664FE7C439D8D05B4B5BE21A8,new formal index creation
CUMCM-2019-C-004,ADDED,1,EXPECTED,,14DD107F70985E183EC86F30E64B9E2541DED4EB805EFF2C876CF39399201ECA,new formal index creation
CUMCM-2019-E-001,ADDED,1,EXPECTED,,895638B902AEC08C5AC7F33D359377EC29C58D823AE60DA91227475E7B37D8D2,new formal index creation
CUMCM-2019-E-002,ADDED,1,EXPECTED,,F3467F1800C0B2EB6C18B0C76C22475BDA08D92B966BC91060120EC071947E16,new formal index creation
CUMCM-2019-E-004,ADDED,1,EXPECTED,,F9295D19FBA8E85A9F6BA7042C96A71688A25F70CDFEE4571A8282FF17549DA7,new formal index creation
CUMCM-2020-A-001,ADDED,1,EXPECTED,,8C16EB8BCDBD60D11F5D96F9E4CD0459AAC52E0494C9ADE93A191E16BF47D34F,new formal index creation
CUMCM-2020-A-002,ADDED,1,EXPECTED,,545F38A8409004F606529DC2C2E9EAF0BEEE0989F05BBEDA81AEB56B132745BD,new formal index creation
CUMCM-2020-A-004,ADDED,1,EXPECTED,,05F42DC8BCCF1191E40969B002085106DE4C9620D891933C8B81148F064B9213,new formal index creation
CUMCM-2020-B-001,ADDED,1,EXPECTED,,406AD7205AEBD33D4317391D6796AF7093EF15EDC46EF5F66C2245A51DBCBFD4,new formal index creation
CUMCM-2020-B-002,ADDED,1,EXPECTED,,7F0DDD096A86F812D3DEEC53BCFE8C1C17753094B4C72951E39B2FBF7E9D327B,new formal index creation
CUMCM-2020-B-004,ADDED,1,EXPECTED,,97D169F82335F5BC8784B0FA1E1588F39A95E54467AD24609E0D4867650ADB5C,new formal index creation
CUMCM-2020-B-005,ADDED,1,EXPECTED,,2DD7E0A41D72BAC6CC8FB2C7D8793B01A8828C477917A0E791EC9AA9E6BCBAAC,new formal index creation
CUMCM-2020-C-001,ADDED,1,EXPECTED,,5E8A08A438393B8609E70E8EC1B7A4A85B1B2547E8400B8A1FCB6DA75ABAFEB6,new formal index creation
CUMCM-2020-C-002,ADDED,1,EXPECTED,,6DBACE3D961A459240F6D96387716A57BE0511FE2EA139A49002FDF38370DFC8,new formal index creation
CUMCM-2020-C-003,ADDED,1,EXPECTED,,C01529462BC9B7C5C7E5FA55004AF0D042689156DDB8F40110CDCCE64BCA69A9,new formal index creation
CUMCM-2020-D-001,ADDED,1,EXPECTED,,D0A290690FED1D0035C6630DFFA7874735D300E764F9B7D078A389EDFB2F2487,new formal index creation
CUMCM-2020-D-003,ADDED,1,EXPECTED,,9472228386D63125295847C84FB0144954079D5C608BAAE781A7E3D1032A395F,new formal index creation
CUMCM-2020-D-004,ADDED,1,EXPECTED,,CF0CD734AAEB06E04202FC4D4610F8BDF4B5325483E9327D2AD8ED4DAA168407,new formal index creation
CUMCM-2021-A-A028,ADDED,1,EXPECTED,,48ACE3FCF7828252952E32428F3EA0C14F24D1068079C0ABE91EBC172740F471,new formal index creation
CUMCM-2021-A-A115,ADDED,1,EXPECTED,,8ED2B9F505C94C266782F70B161CD54C34B5F0BFB1B3B9C6E274D680BAA6F3D1,new formal index creation
CUMCM-2021-A-A217,ADDED,1,EXPECTED,,75B6FEEB3C239CAF8DDD58621BF1AAFC8A2870F49A824C32B765FF6615666758,new formal index creation
CUMCM-2021-B-B007,ADDED,1,EXPECTED,,6878B62C66C013855C21F7D016D0969458479E945076DBC2E02DE371FAC82BDD,new formal index creation
CUMCM-2021-B-B026,ADDED,1,EXPECTED,,3DDF077DE06ED350C62F6F61460D14D1C5E62574172D2B03DA460B49DD0BBA95,new formal index creation
CUMCM-2021-B-B050,ADDED,1,EXPECTED,,04488ACE5461745C4DF422BCFBBE22FE6525D55B1D66422475DE274398A6FC2E,new formal index creation
CUMCM-2021-B-B106,ADDED,1,EXPECTED,,80905415EFDA5C1576A28EC37E2D6C82EBF29B048989539CE8D0112DBA94F587,new formal index creation
CUMCM-2021-C-C066,ADDED,1,EXPECTED,,1A22BDC7A2F37AC7F1FBD4317244EB61D9074CA5D1EA04885E740E36DBBC0BCD,new formal index creation
CUMCM-2021-C-C085,ADDED,1,EXPECTED,,B767ACF41ACA50A4AC859AD119A548D4D65F262FF729111F1E7BF890539CB8AE,new formal index creation
CUMCM-2021-C-C169,ADDED,1,EXPECTED,,D9DE47436CBD9FD895E1222DC9EC934E3E6CC89ED93BA364092577C44A9FAA04,new formal index creation
CUMCM-2021-C-C283,ADDED,1,EXPECTED,,7CBAF38F1A46DE24ADEC688E029F068EEDD312AC6618A7F4671947DA5B1855F8,new formal index creation
CUMCM-2021-D-D017,ADDED,1,EXPECTED,,C00631400DB6CB2FBEEF9856B712DC3C2BC4995816E6A719D54C8B74EF5B9B11,new formal index creation
CUMCM-2021-D-D026,ADDED,1,EXPECTED,,490897937678921173971DFFDB14D3D767C0B93E9634D956AEA9E2CEB67A9C92,new formal index creation
CUMCM-2021-D-D034,ADDED,1,EXPECTED,,C79D5CF88261CAE075196EFAB7C5A664F4BEA622F51F4CF95F6CA29C1BBE7424,new formal index creation
CUMCM-2021-E-E014,ADDED,1,EXPECTED,,71E604F8849E46DA0DAB606544D6515DB65E066DC7FDF224CA9D88CE58380BA6,new formal index creation
CUMCM-2021-E-E025,ADDED,1,EXPECTED,,881B74D1EE39C4B235B38A5EF4A4DE350D27C5A426718EEE8726FA409ED45683,new formal index creation
CUMCM-2021-E-E037,ADDED,1,EXPECTED,,BAB7DFD278795E36E174FB5EF9B63322D1538CB72782B182804DB73BEEB39F4F,new formal index creation
CUMCM-2022-C-C229,ADDED,1,EXPECTED,,3EF2CD7D36A87664F9C33E4F3C4D16548873AF0156C03086A8EFC295774B50A4,new formal index creation
CUMCM-2022-E-E014,ADDED,1,EXPECTED,,3E611FAD4D93FCB1760B25F6043ADED5FCF07AEDD325C4E35EC25AD53AFEEF54,new formal index creation
CUMCM-2024-A-001,ADDED,1,EXPECTED,,43A77346723EE54C8EB83F8D635DA0B430B7581DF00B68D37D9B28701EEBB0FA,new formal index creation
CUMCM-2024-B-001,ADDED,1,EXPECTED,,911B6D4DEE5D9AB3D85B21FB3FB3F05E4490846FE7F72EC35EF3C6FAEBC56384,new formal index creation
CUMCM-2024-C-001,ADDED,1,EXPECTED,,61981481B68EC0EA4CC877B1582EC7A1946C32037477E2286DB05D219488FF33,new formal index creation
CUMCM-2024-D-001,ADDED,1,EXPECTED,,E575A35AD42F23F33D61F9050C3287A38A0AF9012D8E36DA005DA2638D100730,new formal index creation
CUMCM-2024-E-001,ADDED,1,EXPECTED,,88990AEF886813352F6058481CBEA833EBF90E64155B5218E2A8B0C63EA80107,new formal index creation
