paper_id,artifact_type,artifact_path,artifact_sha256,subject_type,artifact_eligible,source_map_version,extraction_contract_version,status
CUMCM-2015-A-001,knowledge_card.md,derived/pilot/papers/CUMCM-2015-A-001/knowledge_card.md,40713628F3A49D136C8418291F31B44E2569E4BF9B7E2C78ECD156CF371C5BB3,PAPER,1,g6_file_source_map.csv,1,PASS
CUMCM-2015-A-001,metadata.yaml,derived/pilot/papers/CUMCM-2015-A-001/metadata.yaml,A20B886A9C2E3B6A0259C9EA1BB23C6526411C7FFC8B4C352DA4F5497B026E62,PAPER,1,g6_file_source_map.csv,1,PASS
CUMCM-2015-A-001,paper.md,derived/pilot/papers/CUMCM-2015-A-001/paper.md,B0875B885F35524BD798351598EA61CF81CFAA887F0B57918AA590A759825047,PAPER,1,g6_file_source_map.csv,1,PASS
CUMCM-2015-A-003,knowledge_card.md,derived/pilot/papers/CUMCM-2015-A-003/knowledge_card.md,9C92B8136A77EFD2768BF372EDD954ECA27C412DB1AD84B55D855AAA0E973BB6,PAPER,1,g6_file_source_map.csv,1,PASS
CUMCM-2015-A-003,metadata.yaml,derived/pilot/papers/CUMCM-2015-A-003/metadata.yaml,C11B9625D58B26D86D4D85B77B60C5C6C75E91E66D812AE89C9C7D3F4B114259,PAPER,1,g6_file_source_map.csv,1,PASS
CUMCM-2015-A-003,paper.md,derived/pilot/papers/CUMCM-2015-A-003/paper.md,F0357BC260453013C93EB1547FCC5F23185020720E47A3C0BADFEF58858A6A87,PAPER,1,g6_file_source_map.csv,1,PASS
CUMCM-2015-A-004,knowledge_card.md,derived/pilot/papers/CUMCM-2015-A-004/knowledge_card.md,8F2B1CA00D4CF0AE9B21E95E6133F5061F65A733CFF6E444088C6F8D4404D86E,PAPER,1,g6_file_source_map.csv,1,PASS
CUMCM-2015-A-004,metadata.yaml,derived/pilot/papers/CUMCM-2015-A-004/metadata.yaml,B1562A018E2E20117282B6B968E1446E57D0F36EF729A603627574CFDD6A0B58,PAPER,1,g6_file_source_map.csv,1,PASS
CUMCM-2015-A-004,paper.md,derived/pilot/papers/CUMCM-2015-A-004/paper.md,F41969486D31F9FA9A3BF2B72DBB6CA142ECAA02A1756EABDFD603DEEAACFB98,PAPER,1,g6_file_source_map.csv,1,PASS
CUMCM-2015-A-005,knowledge_card.md,derived/pilot/papers/CUMCM-2015-A-005/knowledge_card.md,759F29C966E4654CC8E66AF4F7F66495492580CD2085F1A5989F4CCF7B009CCF,PAPER,1,g6_file_source_map.csv,1,PASS
CUMCM-2015-A-005,metadata.yaml,derived/pilot/papers/CUMCM-2015-A-005/metadata.yaml,CA71C6EBF8B39666CFB5F916B3CACE999F03513741BF0064706415048CB7ECA4,PAPER,1,g6_file_source_map.csv,1,PASS
CUMCM-2015-A-005,paper.md,derived/pilot/papers/CUMCM-2015-A-005/paper.md,F41969486D31F9FA9A3BF2B72DBB6CA142ECAA02A1756EABDFD603DEEAACFB98,PAPER,1,g6_file_source_map.csv,1,PASS
CUMCM-2015-A-006,knowledge_card.md,derived/pilot/papers/CUMCM-2015-A-006/knowledge_card.md,79A44C7776B0A0300A0D17CA8F09F26FE8D33A640C3A8C678E81481812EA394C,PAPER,1,g6_file_source_map.csv,1,PASS
CUMCM-2015-A-006,metadata.yaml,derived/pilot/papers/CUMCM-2015-A-006/metadata.yaml,FA859971AD09226AAD18AA8EF5D149D7D27EB0283506E4630A7D17493AC15809,PAPER,1,g6_file_source_map.csv,1,PASS
CUMCM-2015-A-006,paper.md,derived/pilot/papers/CUMCM-2015-A-006/paper.md,E4E8F30AD990C054DECEA26F7EFFC11F3E030DF7B25B54444B4BAC53D028CAB4,PAPER,1,g6_file_source_map.csv,1,PASS
CUMCM-2015-A-007,knowledge_card.md,derived/pilot/papers/CUMCM-2015-A-007/knowledge_card.md,EECC937B2CA24E8C09967502AB2277CFE1A793C8FD4ED716E09C643D48DA7692,PAPER,1,g6_file_source_map.csv,1,PASS
CUMCM-2015-A-007,metadata.yaml,derived/pilot/papers/CUMCM-2015-A-007/metadata.yaml,07114C10FF0B1BE7DF28D244103171341DA5E06C006E487C565DD8F6894FA6F0,PAPER,1,g6_file_source_map.csv,1,PASS
CUMCM-2015-A-007,paper.md,derived/pilot/papers/CUMCM-2015-A-007/paper.md,4DBCA4A82C6296F6B03A4F256C77DEB644194CFD65941314CF484590E32F5496,PAPER,1,g6_file_source_map.csv,1,PASS
CUMCM-2015-A-008,knowledge_card.md,derived/pilot/papers/CUMCM-2015-A-008/knowledge_card.md,C47BA86AD65C1BD79B81A2F2B7C1AF7454A999697814F25CC894579DD08E0075,PAPER,1,g6_file_source_map.csv,1,PASS
CUMCM-2015-A-008,metadata.yaml,derived/pilot/papers/CUMCM-2015-A-008/metadata.yaml,B74E2014F1734C9E7D14B45A8D7626F1FC2EBA57C27D2EFA60A51A8A80BBBF68,PAPER,1,g6_file_source_map.csv,1,PASS
CUMCM-2015-A-008,paper.md,derived/pilot/papers/CUMCM-2015-A-008/paper.md,EFFE86DEB986FE2FF145D80B6894FFE01250D9D3AF44D7D64EB408297AE0987B,PAPER,1,g6_file_source_map.csv,1,PASS
CUMCM-2015-B-001,knowledge_card.md,derived/pilot/papers/CUMCM-2015-B-001/knowledge_card.md,359296C18CD952016977AD0ED192BC1CF5CC4C893520F3EC170B3ABF56270E10,PAPER,1,g6_file_source_map.csv,1,PASS
CUMCM-2015-B-001,metadata.yaml,derived/pilot/papers/CUMCM-2015-B-001/metadata.yaml,6A5B41FA38A23FEB044314230D465BBCAAD3F9A40E425B479594807658E21533,PAPER,1,g6_file_source_map.csv,1,PASS
CUMCM-2015-B-001,paper.md,derived/pilot/papers/CUMCM-2015-B-001/paper.md,72B47A6410EF540B55235B5F2D9E038F10DE6EDFF1B92BE4EFDA8A0100472F1A,PAPER,1,g6_file_source_map.csv,1,PASS
CUMCM-2015-B-002,knowledge_card.md,derived/pilot/papers/CUMCM-2015-B-002/knowledge_card.md,391EA88D72E80291F1E2F4372C6DCDAA9F55B47607E531C7FCCD4D839A6C7126,PAPER,1,g6_file_source_map.csv,1,PASS
CUMCM-2015-B-002,metadata.yaml,derived/pilot/papers/CUMCM-2015-B-002/metadata.yaml,D78F0499DBA92644AF219A3F32C397B69D2FB60C7E89DFE20256D410631AD777,PAPER,1,g6_file_source_map.csv,1,PASS
CUMCM-2015-B-002,paper.md,derived/pilot/papers/CUMCM-2015-B-002/paper.md,61BE263C8EF406AC0CC3F5C74C1FEFB24EA16B1B9AD32269C201286FA08D7A0E,PAPER,1,g6_file_source_map.csv,1,PASS
CUMCM-2015-B-003,knowledge_card.md,derived/pilot/papers/CUMCM-2015-B-003/knowledge_card.md,DE64C8B2033F55B2D7489162DC3287237B1156BC850FA80B3E1B390138B01DFE,PAPER,1,g6_file_source_map.csv,1,PASS
CUMCM-2015-B-003,metadata.yaml,derived/pilot/papers/CUMCM-2015-B-003/metadata.yaml,33C990263DECEBC849C042FA7199E33BA881F9826D4116F3194B4C7797791110,PAPER,1,g6_file_source_map.csv,1,PASS
CUMCM-2015-B-003,paper.md,derived/pilot/papers/CUMCM-2015-B-003/paper.md,8ED5DA46E0B4190F862F3BFF6560F70CFC8277D29BB3652179EEB25CB95B8F1B,PAPER,1,g6_file_source_map.csv,1,PASS
CUMCM-2015-B-004,knowledge_card.md,derived/pilot/papers/CUMCM-2015-B-004/knowledge_card.md,120C9990BDD023EBB2C18EE09A8CDEBEEE919396465191194B33AFDA37AA053B,PAPER,1,g6_file_source_map.csv,1,PASS
CUMCM-2015-B-004,metadata.yaml,derived/pilot/papers/CUMCM-2015-B-004/metadata.yaml,C21C5F7850B1D96D6AB4B55DFCB35C6982B8EFB576BE2E94E8A3B2DD19613217,PAPER,1,g6_file_source_map.csv,1,PASS
CUMCM-2015-B-004,paper.md,derived/pilot/papers/CUMCM-2015-B-004/paper.md,1850D9A4207DE35CD99C1982CC2B111C4E848F0D97A4A0EE8E734883FF938A07,PAPER,1,g6_file_source_map.csv,1,PASS
CUMCM-2015-B-006,knowledge_card.md,derived/pilot/papers/CUMCM-2015-B-006/knowledge_card.md,4B832F5C385F758AF088141F9DEAFDB75263E3B99A85D1032748179D2953D568,PAPER,1,g6_file_source_map.csv,1,PASS
CUMCM-2015-B-006,metadata.yaml,derived/pilot/papers/CUMCM-2015-B-006/metadata.yaml,8C05E60A959D0D70BC065D84FD8E08933FD78E27AC850B3B7B47DC9D2079765C,PAPER,1,g6_file_source_map.csv,1,PASS
CUMCM-2015-B-006,paper.md,derived/pilot/papers/CUMCM-2015-B-006/paper.md,90EB1C712E4E1522A471960A67B0991DFCB0E72782BB6E47AA296222628672B1,PAPER,1,g6_file_source_map.csv,1,PASS
CUMCM-2015-C-002,knowledge_card.md,derived/pilot/papers/CUMCM-2015-C-002/knowledge_card.md,C219194AC469AE904C89EAA166C87D555ADC3CEE203DEA149F60121472C7C31E,PAPER,1,g6_file_source_map.csv,1,PASS
CUMCM-2015-C-002,metadata.yaml,derived/pilot/papers/CUMCM-2015-C-002/metadata.yaml,9546D641009A0C3B0BEAA0ED8670A0370906E151DD12FCCFC268520CF5FFC0C7,PAPER,1,g6_file_source_map.csv,1,PASS
CUMCM-2015-C-002,paper.md,derived/pilot/papers/CUMCM-2015-C-002/paper.md,53071718F51DB3517E167AB97FC844729A4300D4756E3FABB011D3582D37BF62,PAPER,1,g6_file_source_map.csv,1,PASS
CUMCM-2015-C-005,knowledge_card.md,derived/pilot/papers/CUMCM-2015-C-005/knowledge_card.md,594833E8CE3B0A0B7D253B51B8DCCDB981727F413C82A17896060C27FD6A3BB1,PAPER,1,g6_file_source_map.csv,1,PASS
CUMCM-2015-C-005,metadata.yaml,derived/pilot/papers/CUMCM-2015-C-005/metadata.yaml,2C847CC4AFBD7D02445CC6152BFBB82CB446E6EBCA89D0C5BD171BE115F4583D,PAPER,1,g6_file_source_map.csv,1,PASS
CUMCM-2015-C-005,paper.md,derived/pilot/papers/CUMCM-2015-C-005/paper.md,17E37506C59C9A5E21CABBCD73B30C4EDD37AB2FD0DF768F1C2F4D3C65EAB640,PAPER,1,g6_file_source_map.csv,1,PASS
CUMCM-2015-D-003,knowledge_card.md,derived/pilot/papers/CUMCM-2015-D-003/knowledge_card.md,FF5884EDD3D6C1ECFC42613470A0D9F5D43B7692FDA9EA07178C7BADC1B4C474,PAPER,1,g6_file_source_map.csv,1,PASS
CUMCM-2015-D-003,metadata.yaml,derived/pilot/papers/CUMCM-2015-D-003/metadata.yaml,6F838ABB1D8AF6633D910ABA2BE2D0B90809536F3B300B4D926C025DE6071CCF,PAPER,1,g6_file_source_map.csv,1,PASS
CUMCM-2015-D-003,paper.md,derived/pilot/papers/CUMCM-2015-D-003/paper.md,F06C11DB75B4847263C6F33B84B4C9E1D369D9D1753F24DED03E3863B35B4614,PAPER,1,g6_file_source_map.csv,1,PASS
CUMCM-2025-A-A066,knowledge_card.md,derived/pilot/papers/CUMCM-2025-A-A066/knowledge_card.md,C7B61C6381D775F5A31DACD784A4EE71AD696BED88E4CDAEF84ABBBE4BA99E0D,PAPER,1,g6_file_source_map.csv,1,PASS
CUMCM-2025-A-A066,metadata.yaml,derived/pilot/papers/CUMCM-2025-A-A066/metadata.yaml,A713C30D00C4DEADBFB88A21B408140F6C51D150E764A676597DD7263B9FBBD5,PAPER,1,g6_file_source_map.csv,1,PASS
CUMCM-2025-A-A066,paper.md,derived/pilot/papers/CUMCM-2025-A-A066/paper.md,EE4594F942FAE453E6634EAFBF2ECA8D2DCC189CEAEDDFFF777FF567F4A6D821,PAPER,1,g6_file_source_map.csv,1,PASS
CUMCM-2025-A-A196,knowledge_card.md,derived/pilot/papers/CUMCM-2025-A-A196/knowledge_card.md,39DE3416988E73E18A5D91A226D93F3F6CF7F2CE10B77723889DE0D98F307F71,PAPER,1,g6_file_source_map.csv,1,PASS
CUMCM-2025-A-A196,metadata.yaml,derived/pilot/papers/CUMCM-2025-A-A196/metadata.yaml,4F5585A251B46DD184BAEC8776D6615B3CD5B880CC867159802F18DD20570FF5,PAPER,1,g6_file_source_map.csv,1,PASS
CUMCM-2025-A-A196,paper.md,derived/pilot/papers/CUMCM-2025-A-A196/paper.md,597400307FF559FAEE97A0DB056FD2A77800F94B8D6593C07B2EBD9DEA6253AB,PAPER,1,g6_file_source_map.csv,1,PASS
CUMCM-2025-B-B060,knowledge_card.md,derived/pilot/papers/CUMCM-2025-B-B060/knowledge_card.md,E761057445C1DE6561B13F90070D60F1EB2EB2E6040FDBE22E123F6FC42D1793,PAPER,1,g6_file_source_map.csv,1,PASS
CUMCM-2025-B-B060,metadata.yaml,derived/pilot/papers/CUMCM-2025-B-B060/metadata.yaml,1F8589BAA607211ED89EA57B2B2DE6EC44FCB782471706ED9A3A7125F94B9761,PAPER,1,g6_file_source_map.csv,1,PASS
CUMCM-2025-B-B060,paper.md,derived/pilot/papers/CUMCM-2025-B-B060/paper.md,988207BBD2B7A8AEB6E44757DF74A04BCBB435D21361EE10691F2C7FC600C8EF,PAPER,1,g6_file_source_map.csv,1,PASS
CUMCM-2025-C-C023,knowledge_card.md,derived/pilot/papers/CUMCM-2025-C-C023/knowledge_card.md,0579E1915AE5EB9D358AC237E8F6126AC2B5448E9A13DB5649790543E4762147,PAPER,1,g6_file_source_map.csv,1,PASS
CUMCM-2025-C-C023,metadata.yaml,derived/pilot/papers/CUMCM-2025-C-C023/metadata.yaml,68BF7A60E5F6B766421A66D393F9231C13ABBCB0B9B55A602420F1FBBF86CC6D,PAPER,1,g6_file_source_map.csv,1,PASS
CUMCM-2025-C-C023,paper.md,derived/pilot/papers/CUMCM-2025-C-C023/paper.md,D663BF6F9267A5EE40432EC56A2E59A430984623E56FDD8EE718C3AE4972192E,PAPER,1,g6_file_source_map.csv,1,PASS
CUMCM-2025-C-C132,knowledge_card.md,derived/pilot/papers/CUMCM-2025-C-C132/knowledge_card.md,22F36EAD5128FB6F5BA015626A0F43AF36894667348F0FEFBE2EBD738FC38EF7,PAPER,1,g6_file_source_map.csv,1,PASS
CUMCM-2025-C-C132,metadata.yaml,derived/pilot/papers/CUMCM-2025-C-C132/metadata.yaml,5F7C618E340913994BC72F760FB2F81BD22290D059C73B82ABE0B961597F7F02,PAPER,1,g6_file_source_map.csv,1,PASS
CUMCM-2025-C-C132,paper.md,derived/pilot/papers/CUMCM-2025-C-C132/paper.md,B39E09434B0D509948CC19291FA48BD04DE4218861A8F5141C73A148EEDD0052,PAPER,1,g6_file_source_map.csv,1,PASS
CUMCM-2025-D-D037,knowledge_card.md,derived/pilot/papers/CUMCM-2025-D-D037/knowledge_card.md,FD5063774A27DE1F2F22D71FC61B9451635D56F055DA319AF20114CF1DE69C17,PAPER,1,g6_file_source_map.csv,1,PASS
CUMCM-2025-D-D037,metadata.yaml,derived/pilot/papers/CUMCM-2025-D-D037/metadata.yaml,133F68C2CB5979DEF0ACF2171F1BAF462F8CAF2AB6F03492E8D09C23D7B6CE63,PAPER,1,g6_file_source_map.csv,1,PASS
CUMCM-2025-D-D037,paper.md,derived/pilot/papers/CUMCM-2025-D-D037/paper.md,4A5F87082873B1A5EC9865ADA6A47B620DA8D8AD13FB052F97C3AA22CFF597D6,PAPER,1,g6_file_source_map.csv,1,PASS
CUMCM-2025-E-E030,knowledge_card.md,derived/pilot/papers/CUMCM-2025-E-E030/knowledge_card.md,BBC14AE670F5E17A021CFF0AD47B629A3983FCB234103C5B605A0881A109EF50,PAPER,1,g6_file_source_map.csv,1,PASS
CUMCM-2025-E-E030,metadata.yaml,derived/pilot/papers/CUMCM-2025-E-E030/metadata.yaml,C7B28A06C8EB5219CEB3E2E5B5D8303883706585413BA85E182D30BBC17816B9,PAPER,1,g6_file_source_map.csv,1,PASS
CUMCM-2025-E-E030,paper.md,derived/pilot/papers/CUMCM-2025-E-E030/paper.md,A2DF58B2B6763A27EB4E4F165A1CA441658B2ACD7AE5EA06AA01721540D7B784,PAPER,1,g6_file_source_map.csv,1,PASS
