file_path,sha256,year,paper_id,classification,final_q,quality_status,quality_evidence_source,quality_evidence_summary,issue_codes,visual_review_required,visual_review_status
2015年数学建模国赛真题+优秀论文/2015年优秀论文/2015A：太阳影子定位 (1).pdf,F3D4B18A4D728686016DC5452CD59D787744190141D355AF865F2892AD34BC6D,2015,CUMCM-2015-A-007,text_based,Q0,graded,G5-00 representative-page visual review + G4 native-text audit,"Pages [1, 16, 32] reviewed; native text, formulas/tables and page layout are clear; no G4 issue, encoding problem or OCR route was recorded.",[],False,not_required
2015年数学建模国赛真题+优秀论文/2015年优秀论文/2015A：太阳影子定位 (2).pdf,FC454F4CFAA4954CA17102D39CFA948733FE649D006CFF8C1DAD4B8FADDB809F,2015,CUMCM-2015-A-003,text_based,Q0,graded,G5-00 representative-page visual review + G4 native-text audit,"Pages [1, 15, 30] reviewed; native text, formulas/tables and page layout are clear; no G4 issue, encoding problem or OCR route was recorded.",[],False,not_required
2015年数学建模国赛真题+优秀论文/2015年优秀论文/2015A：太阳影子定位 (3).pdf,9ABD2C75F32DD636160BB9076B2CFC32AA6C82E4F37874C9AFAACFC04AB7617B,2015,CUMCM-2015-A-008,text_based,Q0,graded,G5-00 representative-page visual review + G4 native-text audit,"Pages [1, 14, 27] reviewed; native text, formulas/tables and page layout are clear; no G4 issue, encoding problem or OCR route was recorded.",[],False,not_required
2015年数学建模国赛真题+优秀论文/2015年优秀论文/2015A：太阳影子定位 (4).pdf,F5B0A1828E9BB3D91C7C054F89F3152BB68F2B9C3CC4ABD0E57803793C77D752,2015,CUMCM-2015-A-001,text_based,Q0,graded,G5-00 representative-page visual review + G4 native-text audit,"Pages [1, 24, 47] reviewed; native text, formulas/tables and page layout are clear; no G4 issue, encoding problem or OCR route was recorded.",[],False,not_required
2015年数学建模国赛真题+优秀论文/2015年优秀论文/2015A：太阳影子定位 (5).pdf,8ED079BEE1EAC8D7C76D3B08C45EA17648BD7A3C9564C51BFD7A749330B7FE88,2015,CUMCM-2015-A-005,mixed,Q1,graded,G5-00 representative-page visual review + G4 mixed-text audit,"Pages [1, 13, 26] reviewed; readable text/formulas on content pages, trailing page is blank except watermark; no repair needed for normal reading.","[""PDF_BLANK_PAGE""]",True,completed
2015年数学建模国赛真题+优秀论文/2015年优秀论文/2015A：太阳影子定位 (6).pdf,61471733A48208E30A4521BEFA637ABB1EEB706A4F30DFA5EF6133804454FF47,2015,CUMCM-2015-A-004,mixed,Q1,graded,G5-00 representative-page visual review + G4 mixed-text audit,"Pages [1, 13, 26] reviewed; readable text/formulas on content pages, trailing page is blank except watermark; no repair needed for normal reading.","[""PDF_BLANK_PAGE""]",True,completed
2015年数学建模国赛真题+优秀论文/2015年优秀论文/2015A：太阳影子定位 (7).pdf,2B6C0133ABE0BE08C3B41EA7DAE49B171A3D64664739C1F13B576575EEACFB99,2015,CUMCM-2015-A-006,text_based,Q0,graded,G5-00 representative-page visual review + G4 native-text audit,"Pages [1, 20, 40] reviewed; native text, formulas/tables and page layout are clear; no G4 issue, encoding problem or OCR route was recorded.",[],False,not_required
2015年数学建模国赛真题+优秀论文/2015年优秀论文/2015B：互联网+_时代的出租车资源配置 (1).pdf,76F00F79B88EFAA3AD273C472A8E6C31496F81D65D5A80675B241F8D14C58787,2015,CUMCM-2015-B-003,mixed,Q1,graded,G5-00 representative-page visual review + G4 mixed-text audit,"Pages [1, 16, 32] reviewed; readable text/formulas on content pages, trailing page is blank except watermark; no repair needed for normal reading.","[""PDF_BLANK_PAGE""]",True,completed
2015年数学建模国赛真题+优秀论文/2015年优秀论文/2015B：互联网+_时代的出租车资源配置 (2).pdf,B91E2D69D66078A2D23E9C51A972248C066176505F6C97C95765A42F3EE45B61,2015,CUMCM-2015-B-002,text_based,Q0,graded,G5-00 representative-page visual review + G4 native-text audit,"Pages [1, 21, 42] reviewed; native text, formulas/tables and page layout are clear; no G4 issue, encoding problem or OCR route was recorded.",[],False,not_required
2015年数学建模国赛真题+优秀论文/2015年优秀论文/2015B：互联网+_时代的出租车资源配置 (3).pdf,10D95A262ECCB2559A96FAB8502F3452C1BCE7849AAD8228A938EDD0A785FBF1,2015,CUMCM-2015-B-006,text_based,Q0,graded,G5-00 representative-page visual review + G4 native-text audit,"Pages [1, 13, 26] reviewed; native text, formulas/tables and page layout are clear; no G4 issue, encoding problem or OCR route was recorded.",[],False,not_required
2015年数学建模国赛真题+优秀论文/2015年优秀论文/2015B：互联网+_时代的出租车资源配置 (4).pdf,E3801A701CD22DBF9DC9B9D308B28C85928FE04A49E139C8247C3ADB0B536D2F,2015,CUMCM-2015-B-004,text_based,Q0,graded,G5-00 representative-page visual review + G4 native-text audit,"Pages [1, 16, 31] reviewed; native text, formulas/tables and page layout are clear; no G4 issue, encoding problem or OCR route was recorded.",[],False,not_required
2015年数学建模国赛真题+优秀论文/2015年优秀论文/2015B：互联网+_时代的出租车资源配置 (5).pdf,E25E78987E2128F6D30011825C0BD0101CDCAE4F70F46E6190DD8EEB9BB53C94,2015,CUMCM-2015-B-001,text_based,Q0,graded,G5-00 representative-page visual review + G4 native-text audit,"Pages [1, 10, 19] reviewed; native text, formulas/tables and page layout are clear; no G4 issue, encoding problem or OCR route was recorded.",[],False,not_required
2015年数学建模国赛真题+优秀论文/2015年优秀论文/2015C：月上柳梢头，人约黄昏后 (3).pdf,F8A016049C5BEB377099C27C2B4CA167E23B120CCA23A041B013A88924956977,2015,CUMCM-2015-C-005,text_based,Q0,graded,G5-00 representative-page visual review + G4 native-text audit,"Pages [1, 25, 50] reviewed; native text, formulas/tables and page layout are clear; no G4 issue, encoding problem or OCR route was recorded.",[],False,not_required
2015年数学建模国赛真题+优秀论文/2015年优秀论文/2015C：月上柳梢头，人约黄昏后 (4).pdf,A26039C0098CE1FB1B2C4ABE97617293B85C9A8E1B5B600DF697801B1E5C6504,2015,CUMCM-2015-C-002,text_based,Q0,graded,G5-00 representative-page visual review + G4 native-text audit,"Pages [1, 13, 25] reviewed; native text, formulas/tables and page layout are clear; no G4 issue, encoding problem or OCR route was recorded.",[],False,not_required
2015年数学建模国赛真题+优秀论文/2015年优秀论文/2015D：众筹筑屋规划方案设计 (3).pdf,74203B2E3B6EBF7FBEFCA0AA82E360C4967474A6D1AF70E1CE569110ED4531E3,2015,CUMCM-2015-D-003,text_based,Q0,graded,G5-00 representative-page visual review + G4 native-text audit,"Pages [1, 11, 21] reviewed; native text, formulas/tables and page layout are clear; no G4 issue, encoding problem or OCR route was recorded.",[],False,not_required
2015年数学建模国赛真题+优秀论文/2015年赛题/2015年国赛D题附件2 中华人民共和国土地增值税暂行条例.pdf,D5AE5C859D9FD9FFD48D5493455D254334D15CBC082F93109FE2AAB9D8697C42,2015,unknown,text_based,Q0,graded,G5-00 representative-page visual review + G4 native-text audit,"Pages [1, 3, 5] reviewed; native text, formulas/tables and page layout are clear; no G4 issue, encoding problem or OCR route was recorded.",[],False,not_required
2015年数学建模国赛真题+优秀论文/2015年赛题/2015年国赛D题附件3 其他相关说明.pdf,A3C542CF191AB8F7A6FBE4DA6085F4B8A4BC5871E464916F9BC049C9C7E0C3A4,2015,unknown,text_based,Q0,graded,G5-00 representative-page visual review + G4 native-text audit,"Pages [1] reviewed; native text, formulas/tables and page layout are clear; no G4 issue, encoding problem or OCR route was recorded.",[],False,not_required
2025年数学建模国赛真题+优秀论文/2025年数学建模国赛真题！/A题/A题.pdf,A37F6AAD30B16EA09DA9CB320CE194B12D3A28874008CF9FF19549F6C6079447,2025,CUMCM-2025-A-001,text_based,Q0,graded,G5-00 representative-page visual review + G4 native-text audit,"Pages [1] reviewed; native text, formulas/tables and page layout are clear; no G4 issue, encoding problem or OCR route was recorded.",[],False,not_required
2025年数学建模国赛真题+优秀论文/2025年数学建模国赛真题！/B题/B题.pdf,B0B2CE649282C2D7063AF3C30AC9C0D931512DC86014D3147BC765D8F1C8CF87,2025,CUMCM-2025-B-001,text_based,Q0,graded,G5-00 representative-page visual review + G4 native-text audit,"Pages [1, 2] reviewed; native text, formulas/tables and page layout are clear; no G4 issue, encoding problem or OCR route was recorded.",[],False,not_required
2025年数学建模国赛真题+优秀论文/2025年数学建模国赛真题！/C题/C题.pdf,D54400F4BB9920C0D37F15F5B6BC161AA281C4B32C03C063EFDEB739716EAC08,2025,CUMCM-2025-C-001,text_based,Q0,graded,G5-00 representative-page visual review + G4 native-text audit,"Pages [1, 2] reviewed; native text, formulas/tables and page layout are clear; no G4 issue, encoding problem or OCR route was recorded.",[],False,not_required
2025年数学建模国赛真题+优秀论文/2025年数学建模国赛真题！/D题/D题.pdf,280D690A1F78F5FF0889760592BF30DE903AC5144ED8491D59AE744E560C4AA8,2025,CUMCM-2025-D-001,text_based,Q0,graded,G5-00 representative-page visual review + G4 native-text audit,"Pages [1, 2] reviewed; native text, formulas/tables and page layout are clear; no G4 issue, encoding problem or OCR route was recorded.",[],False,not_required
2025年数学建模国赛真题+优秀论文/2025年数学建模国赛真题！/E题/E题.pdf,1E6ECC6D75D2AAA0EAE3DC961704FD17F1CD452A51490C80855A9F799CE1A958,2025,CUMCM-2025-E-001,text_based,Q0,graded,G5-00 representative-page visual review + G4 native-text audit,"Pages [1] reviewed; native text, formulas/tables and page layout are clear; no G4 issue, encoding problem or OCR route was recorded.",[],False,not_required
2025年数学建模国赛真题+优秀论文/2025数学建模国赛优秀论文/A066.pdf,9C14EAB19304FE45A36E45A965FA740E2636690630ECD8528335D4E4AEC3E2D4,2025,unknown,image_based,Q2,graded,G5-00 representative-page visual review + G4 text-layer/OCR-route evidence,"Pages [1, 43, 86] reviewed; text, formulas/tables, contrast, crop, rotation and skew are clear; G4 evidence shows no reliable searchable text layer.","[""PDF_NO_TEXT_LAYER""]",True,completed
2025年数学建模国赛真题+优秀论文/2025数学建模国赛优秀论文/A196.pdf,B5FB5FE4B2D06998BC85BB9276CF16AFC1755913D91F18C01D5209F8F13ADA92,2025,unknown,image_based,Q2,graded,G5-00 representative-page visual review + G4 text-layer/OCR-route evidence,"Pages [1, 49, 98] reviewed; text, formulas/tables, contrast, crop, rotation and skew are clear; G4 evidence shows no reliable searchable text layer.","[""PDF_NO_TEXT_LAYER""]",True,completed
2025年数学建模国赛真题+优秀论文/2025数学建模国赛优秀论文/B060.pdf,17C1B7E255DCBB8E8AC34C0A750E39D7DF1EE4A5ED0D0323B46388F168090330,2025,unknown,image_based,Q2,graded,G5-00 representative-page visual review + G4 text-layer/OCR-route evidence,"Pages [1, 36, 72] reviewed; text, formulas/tables, contrast, crop, rotation and skew are clear; G4 evidence shows no reliable searchable text layer.","[""PDF_NO_TEXT_LAYER""]",True,completed
2025年数学建模国赛真题+优秀论文/2025数学建模国赛优秀论文/C023.pdf,515FD73059B427606FFD099781A124D34BAC3306BEE87C61D47259622351EB17,2025,unknown,image_based,Q2,graded,G5-00 representative-page visual review + G4 text-layer/OCR-route evidence,"Pages [1, 61, 122] reviewed; text, formulas/tables, contrast, crop, rotation and skew are clear; G4 evidence shows no reliable searchable text layer.","[""PDF_NO_TEXT_LAYER""]",True,completed
2025年数学建模国赛真题+优秀论文/2025数学建模国赛优秀论文/C132.pdf,08EC307CDC65A673E6838E2E3D00B2337DA414E7891284617E10F370E5F246B5,2025,unknown,image_based,Q2,graded,G5-00 representative-page visual review + G4 text-layer/OCR-route evidence,"Pages [1, 33, 65] reviewed; text, formulas/tables, contrast, crop, rotation and skew are clear; G4 evidence shows no reliable searchable text layer.","[""PDF_NO_TEXT_LAYER""]",True,completed
2025年数学建模国赛真题+优秀论文/2025数学建模国赛优秀论文/D037.pdf,BDBED46FF5D5841AF82FA6441C8AB3D83A62658672857E445DEADFD8DAD1F0AC,2025,unknown,image_based,Q2,graded,G5-00 representative-page visual review + G4 text-layer/OCR-route evidence,"Pages [1, 19, 37] reviewed; text, formulas/tables, contrast, crop, rotation and skew are clear; G4 evidence shows no reliable searchable text layer.","[""PDF_NO_TEXT_LAYER""]",True,completed
2025年数学建模国赛真题+优秀论文/2025数学建模国赛优秀论文/E030.pdf,7270DACAB35167E998141D5D34C34D12A912B3620249A892697211F24D009E0D,2025,unknown,image_based,Q2,graded,G5-00 representative-page visual review + G4 text-layer/OCR-route evidence,"Pages [1, 18, 36] reviewed; text, formulas/tables, contrast, crop, rotation and skew are clear; G4 evidence shows no reliable searchable text layer.","[""PDF_NO_TEXT_LAYER""]",True,completed
