source_id,path,source_type,source_identifier,acquisition_date,notes,created_at
SRC-B9100E7F,2013年数学建模国赛真题+优秀论文/2013A：车道被占用对城市道路通行能力的影响/A0114.pdf,original_archive,A0114,unknown,,2026-08-18T00:06:15+08:00
SRC-E9C483B8,2014年数学建模国赛真题+优秀论文/2014优秀论文/2014A：嫦娥三号软着陆轨道设计与控制策略 (4)/A10009072_吉张鹤轩_杨升_陈同广.pdf,original_archive,A1000,unknown,,2026-08-18T00:06:15+08:00
SRC-A5CE222D,2014年数学建模国赛真题+优秀论文/2014优秀论文/2014A：嫦娥三号软着陆轨道设计与控制策略/A23022014_杜磊_江启文_汪鑫 .pdf,original_archive,A2302,unknown,,2026-08-18T00:06:15+08:00
SRC-90C31398,2012年数学建模国赛真题+优秀论文/2012年优秀论文/2012B：太阳能小屋的设计 (4)/B149答卷.pdf,original_archive,B149,unknown,,2026-08-18T00:06:15+08:00
SRC-999DE664,2012年数学建模国赛真题+优秀论文/2012年优秀论文/2012D：机器人避障问题 (1)/D044.doc,original_archive,D044,unknown,,2026-08-18T00:06:15+08:00
SRC-CEC3C5E0,2012年数学建模国赛真题+优秀论文/2012年优秀论文/2012B：太阳能小屋的设计 (1)/B077.pdf,original_archive,B077,unknown,,2026-08-18T00:06:15+08:00
SRC-4B7F3A2D,2014年数学建模国赛真题+优秀论文/2014优秀论文/2014B：创意平板折叠桌/B27042017_吴俊锋_谭翔飞_庄重.pdf,original_archive,B2704,unknown,,2026-08-18T00:06:15+08:00
SRC-19BFFCC3,2014年数学建模国赛真题+优秀论文/2014优秀论文/2014C：生猪养殖场经营管理的研究 (2)/C19510015_杨金洪_洪嘉远_谢思霞.pdf,original_archive,C1951,unknown,,2026-08-18T00:06:15+08:00
SRC-9E3E34F7,2014年数学建模国赛真题+优秀论文/2014优秀论文/2014D：储药槽的设计 (3)/D22022011_阎发静_周靖_杨峰.pdf,original_archive,D2202,unknown,,2026-08-18T00:06:15+08:00
SRC-CA6C94BB,2014年数学建模国赛真题+优秀论文/2014优秀论文/2014A：嫦娥三号软着陆轨道设计与控制策略 (5)/A15010142_王子硕_吴鹏飞_陶立.pdf,original_archive,A1501,unknown,,2026-08-18T00:06:15+08:00
SRC-60C5C176,2014年数学建模国赛真题+优秀论文/2014优秀论文/2014B：创意平板折叠桌 (4)/B18013004_邓敏娜_宁凯_董婷婷.pdf,original_archive,B1801,unknown,,2026-08-18T00:06:15+08:00
SRC-7DF17E7B,2014年数学建模国赛真题+优秀论文/2014优秀论文/2014A：嫦娥三号软着陆轨道设计与控制策略 (3)/A11168020_郑建国_陶禹诺_严洒洒.pdf,original_archive,A1116,unknown,,2026-08-18T00:06:15+08:00
SRC-CA15AFED,2012年数学建模国赛真题+优秀论文/2012年优秀论文/2012A：葡萄酒的评价/A285.pdf,original_archive,A285,unknown,,2026-08-18T00:06:15+08:00
SRC-399ECC44,2014年数学建模国赛真题+优秀论文/2014优秀论文/2014A：嫦娥三号软着陆轨道设计与控制策略 (2)/A11141001_陈超_唐梦珏_杨克宇.pdf,original_archive,A1114,unknown,,2026-08-18T00:06:15+08:00
SRC-D9FFC1EF,2014年数学建模国赛真题+优秀论文/2014优秀论文/2014B：创意平板折叠桌 (3)/B16046004_程双泽_李君昌_陈凌勤/w1-1-1.jpg,original_archive,B1604,unknown,Added by G3-01R5 for source metadata completeness,2026-08-18T18:28:10+08:00
SRC-C687EC4B,2021年数学建模国赛真题+优秀论文/2021年国赛优秀论文B题-B007/B1.jpg,original_archive,B007,unknown,Added by G3-01R5 for source metadata completeness,2026-08-18T18:28:10+08:00
SRC-DCBBF4C7,2021年数学建模国赛真题+优秀论文/2021年国赛优秀论文B题-B026/B1.jpg,original_archive,B026,unknown,Added by G3-01R5 for source metadata completeness,2026-08-18T18:28:10+08:00
SRC-C6BE943B,2021年数学建模国赛真题+优秀论文/2021年国赛优秀论文B题-B050/B1.jpg,original_archive,B050,unknown,Added by G3-01R5 for source metadata completeness,2026-08-18T18:28:10+08:00
SRC-C4CCFAC9,2021年数学建模国赛真题+优秀论文/2021年国赛优秀论文A题-A115/A1.jpg,original_archive,A115,unknown,Added by G3-01R5 for source metadata completeness,2026-08-18T18:28:10+08:00
SRC-5CD1E5B9,2021年数学建模国赛真题+优秀论文/2021年国赛优秀论文E题-E014/E1.jpg,original_archive,E014,unknown,Added by G3-01R5 for source metadata completeness,2026-08-18T18:28:10+08:00
SRC-339F0E41,2021年数学建模国赛真题+优秀论文/2021年国赛优秀论文A题-A028/A1.jpg,original_archive,A028,unknown,Added by G3-01R5 for source metadata completeness,2026-08-18T18:28:10+08:00
SRC-24D7E778,2021年数学建模国赛真题+优秀论文/2021年国赛优秀论文C题-C085/C1.jpg,original_archive,C085,unknown,Added by G3-01R5 for source metadata completeness,2026-08-18T18:28:10+08:00
SRC-91A05808,2022年数学建模国赛真题+优秀论文/2022年国赛优秀论文C题C229/8122397.jpg,original_archive,C229,unknown,Added by G3-01R5 for source metadata completeness,2026-08-18T18:28:10+08:00
SRC-161768AE,2021年数学建模国赛真题+优秀论文/2021年国赛优秀论文A题-A217/A1.jpg,original_archive,A217,unknown,Added by G3-01R5 for source metadata completeness,2026-08-18T18:28:10+08:00
SRC-AA8D7B9F,2021年数学建模国赛真题+优秀论文/2021年国赛优秀论文E题-E025/E1.jpg,original_archive,E025,unknown,Added by G3-01R5 for source metadata completeness,2026-08-18T18:28:10+08:00
SRC-BFD4A4CE,2021年数学建模国赛真题+优秀论文/2021年国赛优秀论文D题-D026/D1.jpg,original_archive,D026,unknown,Added by G3-01R5 for source metadata completeness,2026-08-18T18:28:10+08:00
SRC-1CF669C8,2021年数学建模国赛真题+优秀论文/2021年国赛优秀论文C题-C066/C1.jpg,original_archive,C066,unknown,Added by G3-01R5 for source metadata completeness,2026-08-18T18:28:10+08:00
SRC-ACA3B948,2021年数学建模国赛真题+优秀论文/2021年国赛优秀论文D题-D017/D1.jpg,original_archive,D017,unknown,Added by G3-01R5 for source metadata completeness,2026-08-18T18:28:10+08:00
SRC-17AFC86E,2021年数学建模国赛真题+优秀论文/2021年国赛优秀论文E题-E037/E1.jpg,original_archive,E037,unknown,Added by G3-01R5 for source metadata completeness,2026-08-18T18:28:10+08:00
SRC-DFA06891,2022年数学建模国赛真题+优秀论文/2022年国赛优秀论文E题E014/8122239.jpg,original_archive,E014,unknown,Added by G3-01R5 for source metadata completeness,2026-08-18T18:28:10+08:00
SRC-493F17CA,2021年数学建模国赛真题+优秀论文/2021年国赛优秀论文C题-C283/C1.jpg,original_archive,C283,unknown,Added by G3-01R5 for source metadata completeness,2026-08-18T18:28:10+08:00
SRC-E4B7ADA7,2021年数学建模国赛真题+优秀论文/2021年国赛优秀论文D题-D034/D1.jpg,original_archive,D034,unknown,Added by G3-01R5 for source metadata completeness,2026-08-18T18:28:10+08:00
SRC-C2006CC9,2021年数学建模国赛真题+优秀论文/2021年国赛优秀论文B题-B106/B1.jpg,original_archive,B106,unknown,Added by G3-01R5 for source metadata completeness,2026-08-18T18:28:10+08:00
SRC-733C555A,2021年数学建模国赛真题+优秀论文/2021年国赛优秀论文C题-C169/C1.jpg,original_archive,C169,unknown,Added by G3-01R5 for source metadata completeness,2026-08-18T18:28:10+08:00
SRC-9C14EAB1,2025年数学建模国赛真题+优秀论文/2025数学建模国赛优秀论文/A066.pdf,original_archive,A066,unknown,,2026-08-21T01:41:51+08:00
SRC-B5FB5FE4,2025年数学建模国赛真题+优秀论文/2025数学建模国赛优秀论文/A196.pdf,original_archive,A196,unknown,,2026-08-21T01:41:51+08:00
SRC-17C1B7E2,2025年数学建模国赛真题+优秀论文/2025数学建模国赛优秀论文/B060.pdf,original_archive,B060,unknown,,2026-08-21T01:41:51+08:00
SRC-515FD730,2025年数学建模国赛真题+优秀论文/2025数学建模国赛优秀论文/C023.pdf,original_archive,C023,unknown,,2026-08-21T01:41:51+08:00
SRC-08EC307C,2025年数学建模国赛真题+优秀论文/2025数学建模国赛优秀论文/C132.pdf,original_archive,C132,unknown,,2026-08-21T01:41:51+08:00
SRC-BDBED46F,2025年数学建模国赛真题+优秀论文/2025数学建模国赛优秀论文/D037.pdf,original_archive,D037,unknown,,2026-08-21T01:41:51+08:00
SRC-7270DACA,2025年数学建模国赛真题+优秀论文/2025数学建模国赛优秀论文/E030.pdf,original_archive,E030,unknown,,2026-08-21T01:41:51+08:00
